,observation_date,Open,High,Low,Close,Volume,Dividends,Stock Splits,Capital Gains,Ticker Symbol
0,2021-01-04,43.2723539912174,43.659377007275346,42.350089653368975,42.92650604248047,1752000,0.0,0.0,0.0,VDE
1,2021-01-05,43.30530039361404,46.088566435842104,43.30530039361404,44.9439697265625,2150600,0.0,0.0,0.0,VDE
2,2021-01-06,45.79212444825573,46.796735976978894,45.23217734777566,46.32736587524414,1690400,0.0,0.0,0.0,VDE
3,2021-01-07,46.837908561065014,47.546077147452166,46.34383592020043,47.10964584350586,1992000,0.0,0.0,0.0,VDE
4,2021-01-08,47.595487513887164,47.61195691787208,46.5661733239622,46.961429595947266,939900,0.0,0.0,0.0,VDE
5,2021-01-11,46.01445919714152,47.87545773980503,45.70154682582025,47.70253372192383,959700,0.0,0.0,0.0,VDE
6,2021-01-12,48.32834776075611,49.7035128402438,48.03190797986947,49.456478118896484,3394300,0.0,0.0,0.0,VDE
7,2021-01-13,49.6623451623079,49.6623451623079,48.70714185442144,49.011817932128906,1028600,0.0,0.0,0.0,VDE
8,2021-01-14,49.30002722682483,51.05397933179677,49.30002722682483,50.55990982055664,1170900,0.0,0.0,0.0,VDE
9,2021-01-15,49.744681400762616,49.76115079989913,48.09777918171242,48.616554260253906,1585300,0.0,0.0,0.0,VDE
10,2021-01-19,49.21767950415445,49.851737316736276,49.02004983039219,49.54705810546875,1050600,0.0,0.0,0.0,VDE
11,2021-01-20,50.00818894318024,50.02465834344922,49.127096446699966,49.62940216064453,1090800,0.0,0.0,0.0,VDE
12,2021-01-21,49.4153026810218,49.571760411647226,47.43902178368932,47.92485809326172,1773100,0.0,0.0,0.0,VDE
13,2021-01-22,46.87083643478349,47.88368408080683,46.467347143410585,47.76839828491211,899000,0.0,0.0,0.0,VDE
14,2021-01-25,47.340207497917405,47.529600883480164,46.45911188676142,47.32373809814453,1181600,0.0,0.0,0.0,VDE
15,2021-01-26,47.677825678687334,48.44363554505632,46.2861911419955,46.319129943847656,810200,0.0,0.0,0.0,VDE
16,2021-01-27,45.5203766841397,47.04376313336428,44.91102461742324,45.800350189208984,1517000,0.0,0.0,0.0,VDE
17,2021-01-28,46.11327219949413,46.87908214981884,45.709779685612915,46.26149368286133,805700,0.0,0.0,0.0,VDE
18,2021-01-29,45.67683984554954,46.33560018850295,44.67222835928491,44.82044982910156,1047200,0.0,0.0,0.0,VDE
19,2021-02-01,45.42979535889304,45.69330259895439,44.47459221527679,45.28981018066406,897300,0.0,0.0,0.0,VDE
20,2021-02-02,46.236786633654056,46.82143623804849,45.767419695904486,45.78388595581055,827800,0.0,0.0,0.0,VDE
21,2021-02-03,46.00622292511818,47.82605267253463,45.92387905218925,47.70253372192383,1074700,0.0,0.0,0.0,VDE
22,2021-02-04,48.08954920083038,48.213064990614825,47.20845670725706,48.18012619018555,972000,0.0,0.0,0.0,VDE
23,2021-02-05,48.9047701151765,49.11886920311186,48.49304448276556,48.682437896728516,1276300,0.0,0.0,0.0,VDE
24,2021-02-08,49.407069368916204,50.96339155144236,49.349428039283154,50.732826232910156,1449200,0.0,0.0,0.0,VDE
25,2021-02-09,50.36227906052173,50.54343934335935,49.57176660285855,50.222293853759766,826900,0.0,0.0,0.0,VDE
26,2021-02-10,50.46108061225707,51.21042096101892,49.991713753209346,51.14454650878906,1069900,0.0,0.0,0.0,VDE
27,2021-02-11,51.05397827729396,51.05397827729396,49.30002620854931,50.39521789550781,838900,0.0,0.0,0.0,VDE
28,2021-02-12,50.04112445681441,51.22689292734237,49.90937240453352,51.20219039916992,681300,0.0,0.0,0.0,VDE
29,2021-02-16,52.39620237104081,53.09613779761889,52.083290025732765,52.519718170166016,891900,0.0,0.0,0.0,VDE
30,2021-02-17,53.02201613309836,53.54078806742308,52.20680129846428,53.219642639160156,1011300,0.0,0.0,0.0,VDE
31,2021-02-18,52.98908279109923,52.98908279109923,51.65509274356789,51.803314208984375,840400,0.0,0.0,0.0,VDE
32,2021-02-19,51.90212370264544,52.832627500014894,51.87742117394246,52.71733856201172,463400,0.0,0.0,0.0,VDE
33,2021-02-22,52.99732028919814,55.261811112895465,52.96438148696136,54.37248229980469,1222800,0.0,0.0,0.0,VDE
34,2021-02-23,54.99830472861544,55.410030316089035,52.71734145584872,55.23710632324219,1412400,0.0,0.0,0.0,VDE
35,2021-02-24,55.533551451796264,57.58394319967095,55.17946718122533,57.3039665222168,1560700,0.0,0.0,0.0,VDE
36,2021-02-25,57.75685994548126,57.78156247341771,55.772346051242195,56.15936279296875,1701100,0.0,0.0,0.0,VDE
37,2021-02-26,55.212404036265426,55.59942081295005,53.18670860843502,54.88302230834961,2082800,0.0,0.0,0.0,VDE
38,2021-03-01,56.2993520570988,56.99928421184677,55.87939025127677,56.414634704589844,1350800,0.0,0.0,0.0,VDE
39,2021-03-02,56.53814850660125,57.0239815795817,55.99466783265784,56.03584289550781,1317400,0.0,0.0,0.0,VDE
40,2021-03-03,56.414642282437626,58.14388850951598,56.414642282437626,56.851070404052734,1496800,0.0,0.0,0.0,VDE
41,2021-03-04,57.386318241951194,59.31319110501494,56.85930995722773,58.34151840209961,2107400,0.0,0.0,0.0,VDE
42,2021-03-05,59.996649759629776,60.597765565617905,58.316808702631086,60.48248291015625,2559100,0.0,0.0,0.0,VDE
43,2021-03-08,61.12478728235561,61.429460215278006,59.64257256228838,60.58130645751953,2000500,0.0,0.0,0.0,VDE
44,2021-03-09,60.44131459867407,60.99302535164295,59.10732149756551,59.337886810302734,1409900,0.0,0.0,0.0,VDE
45,2021-03-10,59.56021130432128,61.33063218008822,59.32964603351115,61.132999420166016,1742300,0.0,0.0,0.0,VDE
46,2021-03-11,61.396528868370815,62.25291900147305,61.05891709151001,61.281246185302734,1452400,0.0,0.0,0.0,VDE
47,2021-03-12,61.44592569501216,61.890590059920015,60.88597867428747,61.32240676879883,1137100,0.0,0.0,0.0,VDE
48,2021-03-15,61.322403223819684,61.3882808183163,60.00488274605349,60.70481491088867,1324700,0.0,0.0,0.0,VDE
49,2021-03-16,59.807259512299524,59.807259512299524,58.63796029422602,58.97557830810547,1146600,0.0,0.0,0.0,VDE
50,2021-03-17,58.7120694291354,59.69197202426468,58.267405054840445,59.46140670776367,873500,0.0,0.0,0.0,VDE
51,2021-03-18,59.04144985534845,59.15673252334737,56.299362072306515,56.5628662109375,2345200,0.0,0.0,0.0,VDE
52,2021-03-19,56.53815977446974,57.67452011587083,55.81351873145996,56.82636642456055,948800,0.0,0.0,0.0,VDE
53,2021-03-22,56.68638459594178,56.826376091887404,56.126443741898726,56.14291000366211,903700,0.0,0.0,0.0,VDE
54,2021-03-23,54.9571288384102,56.340527043015705,54.61128085786728,55.023006439208984,1412700,0.0,0.0,0.0,VDE
55,2021-03-24,55.96997338903193,57.19691379343335,55.96997338903193,56.37346267700195,1280200,0.0,0.0,0.0,VDE
56,2021-03-25,55.49237280688781,56.83459592723357,54.44659260479802,56.60403060913086,1218700,0.0,0.0,0.0,VDE
57,2021-03-26,57.76684770923259,58.2160075655442,57.0931110977392,58.19105529785156,1211900,0.688,0.0,0.0,VDE
58,2021-03-29,57.73359457110402,57.90826682817906,56.61901105735693,57.30106735229492,1058800,0.0,0.0,0.0,VDE
59,2021-03-30,56.851906138019146,57.45078606095245,56.319569838956035,56.860225677490234,1023300,0.0,0.0,0.0,VDE
60,2021-03-31,56.92676311711137,57.00993946493862,56.27797871973085,56.5607795715332,1484200,0.0,0.0,0.0,VDE
61,2021-04-01,56.95171915921623,58.09124852642133,56.5275115074656,58.08293533325195,1423300,0.0,0.0,0.0,VDE
62,2021-04-05,57.99975872620684,57.99975872620684,56.269662662196765,56.55246353149414,1367500,0.0,0.0,0.0,VDE
63,2021-04-06,56.91013237407407,57.775180479244625,56.4692919546779,56.54415512084961,750600,0.0,0.0,0.0,VDE
64,2021-04-07,56.59404585283572,57.05151889418269,56.33619729596837,56.78535079956055,660500,0.0,0.0,0.0,VDE
65,2021-04-08,56.33620953929069,56.33620953929069,55.2964892021603,55.99517822265625,920200,0.0,0.0,0.0,VDE
66,2021-04-09,55.90367689347666,56.402741337618174,55.28816429056707,55.54601287841797,869500,0.0,0.0,0.0,VDE
67,2021-04-12,55.90367270987437,56.3861043863524,54.87227208970786,55.030311584472656,1161200,0.0,0.0,0.0,VDE
68,2021-04-13,55.01367914670709,55.371343178158966,54.55619968347247,55.071903228759766,763600,0.0,0.0,0.0,VDE
69,2021-04-14,55.52937815044435,57.550594470606384,55.52105861198897,56.777042388916016,807000,0.0,0.0,0.0,VDE
70,2021-04-15,56.88517673293057,56.88517673293057,55.995176407042706,56.3195686340332,645600,0.0,0.0,0.0,VDE
71,2021-04-16,56.619003803038865,56.777043306502904,55.562650856278225,55.787227630615234,493300,0.0,0.0,0.0,VDE
72,2021-04-19,55.80386521126494,56.35284057882644,55.20499164567395,55.67910385131836,709300,0.0,0.0,0.0,VDE
73,2021-04-20,55.61255678296425,55.61255678296425,53.533116300041414,54.098724365234375,1457000,0.0,0.0,0.0,VDE
74,2021-04-21,53.491528194989186,54.972088893239146,53.15881960133531,54.86396026611328,668600,0.0,0.0,0.0,VDE
75,2021-04-22,55.13013210341883,55.13013210341883,53.998915828670924,54.215179443359375,703600,0.0,0.0,0.0,VDE
76,2021-04-23,54.29003302628971,54.980408836576,53.97396033594199,54.739192962646484,568100,0.0,0.0,0.0,VDE
77,2021-04-26,54.639392666983866,55.57929769586844,54.581168573972434,55.213314056396484,829600,0.0,0.0,0.0,VDE
78,2021-04-27,55.42124373286682,56.06171493530586,55.13012334355295,55.84545135498047,644000,0.0,0.0,0.0,VDE
79,2021-04-28,56.18649507408774,58.07462459950199,56.18649507408774,57.80845642089844,857000,0.0,0.0,0.0,VDE
80,2021-04-29,58.64853775571434,59.214145788103075,57.667041650861776,58.44059371948242,903800,0.0,0.0,0.0,VDE
81,2021-04-30,57.53396278248892,58.34910631519246,56.74377786835684,56.802001953125,753400,0.0,0.0,0.0,VDE
82,2021-05-03,57.51732449322197,58.581996995249234,57.38423725749423,58.448909759521484,700700,0.0,0.0,0.0,VDE
83,2021-05-04,58.56536038981624,58.97292891686272,57.77516925833629,58.54872131347656,876700,0.0,0.0,0.0,VDE
84,2021-05-05,59.26405917474022,60.644810827533696,59.26405917474022,60.436866760253906,531800,0.0,0.0,0.0,VDE
85,2021-05-06,60.52005275380915,60.694725036621094,59.20584451632849,60.694725036621094,883100,0.0,0.0,0.0,VDE
86,2021-05-07,60.037603173905424,62.008914947509766,59.846291865871876,62.008914947509766,855600,0.0,0.0,0.0,VDE
87,2021-05-10,62.649369633026495,63.62254605433835,61.74273681640624,61.74273681640625,1887300,0.0,0.0,0.0,VDE
88,2021-05-11,60.436869606293804,61.46827045170558,59.77144602128321,60.44518280029297,1578500,0.0,0.0,0.0,VDE
89,2021-05-12,60.694717770161304,62.45807946893168,60.34537324636146,60.63649368286133,1093300,0.0,0.0,0.0,VDE
90,2021-05-13,59.95443452167063,61.04405939479902,58.93966646610864,59.779762268066406,1260100,0.0,0.0,0.0,VDE
91,2021-05-14,60.54499098015952,62.000599345080936,60.54499098015952,61.809288024902344,1450800,0.0,0.0,0.0,VDE
92,2021-05-17,61.684530063679134,63.289852142333984,61.41835557019735,63.289852142333984,1011500,0.0,0.0,0.0,VDE
93,2021-05-18,63.22330389031855,63.42292837982894,61.75105662206568,61.85087203979492,751500,0.0,0.0,0.0,VDE
94,2021-05-19,60.39527197424634,60.99415186931076,59.447047589044004,60.345367431640625,1027300,0.0,0.0,0.0,VDE
95,2021-05-20,60.29546071568293,60.528357058558555,59.3721885378907,60.287147521972656,842600,0.0,0.0,0.0,VDE
96,2021-05-21,60.95256398570022,61.326867114373435,60.378636329304214,60.436866760253906,621800,0.0,0.0,0.0,VDE
97,2021-05-24,60.827792722535975,61.110599937408324,60.08751239394362,60.95256042480469,655300,0.0,0.0,0.0,VDE
98,2021-05-25,60.919275841266995,60.97749991065778,59.58843543665788,59.70488357543945,772800,0.0,0.0,0.0,VDE
99,2021-05-26,59.76311995614523,60.52003936009988,59.496951820392276,60.3370475769043,548000,0.0,0.0,0.0,VDE
100,2021-05-27,60.603222645138814,61.160511251566014,60.15406267481028,60.4535026550293,416100,0.0,0.0,0.0,VDE
101,2021-05-28,60.81116284107522,60.81116284107522,60.23723519130369,60.520042419433594,608700,0.0,0.0,0.0,VDE
102,2021-06-01,61.80929690716111,63.073600479538584,61.667896454419484,63.03200912475586,1145000,0.0,0.0,0.0,VDE
103,2021-06-02,63.42292365904379,64.59573093276097,62.63273895183475,64.25469970703125,1083500,0.0,0.0,0.0,VDE
104,2021-06-03,64.05509379190919,64.82864599450694,63.5892947548297,64.44602966308594,842500,0.0,0.0,0.0,VDE
105,2021-06-04,64.87855939832868,65.21127122853581,63.9636066247218,64.92015075683594,845200,0.0,0.0,0.0,VDE
106,2021-06-07,64.98668057876993,65.34434464460362,64.64565559280737,64.68724060058594,859800,0.0,0.0,0.0,VDE
107,2021-06-08,64.61239655843822,65.46080576712988,63.714076446211145,65.26950073242188,903000,0.0,0.0,0.0,VDE
108,2021-06-09,65.58555553197677,65.81013867145735,64.87854699417875,64.92845153808594,741800,0.0,0.0,0.0,VDE
109,2021-06-10,65.75190821796129,66.05966133683819,64.08003635360728,64.8286361694336,919500,0.0,0.0,0.0,VDE
110,2021-06-11,65.17798136531361,65.4857408335882,64.63732558416034,64.67891693115234,957700,0.0,0.0,0.0,VDE
111,2021-06-14,65.08649400044976,65.45247759486217,63.96359729007917,64.3961181640625,1107700,0.0,0.0,0.0,VDE
112,2021-06-15,64.83694854036308,65.77685965396994,64.71218719426344,65.68536376953125,916700,0.0,0.0,0.0,VDE
113,2021-06-16,65.58555261227212,66.11788887674759,64.78704821555893,65.46078491210938,970200,0.0,0.0,0.0,VDE
114,2021-06-17,65.21125356876122,65.74358981455123,62.10041244256055,62.99872589111328,1630900,0.0,0.0,0.0,VDE
115,2021-06-18,61.626292470064136,62.54125132017601,61.18545212189122,61.2353630065918,1403500,0.0,0.0,0.0,VDE
116,2021-06-21,61.837961375400546,63.96133225143162,61.837961375400546,63.843833923339844,1250400,0.658,0.0,0.0,VDE
117,2021-06-22,63.75152073286194,64.5236545276042,63.00456423963833,64.31383514404297,780800,0.0,0.0,0.0,VDE
118,2021-06-23,64.99365117211346,65.67346389310786,64.47329682078716,64.49847412109375,634000,0.0,0.0,0.0,VDE
119,2021-06-24,64.85935952305269,65.18667721231947,64.22990144320445,65.08596801757812,766400,0.0,0.0,0.0,VDE
120,2021-06-25,65.4468708107459,65.54758002585768,65.01044286799485,65.3629379272461,576000,0.0,0.0,0.0,VDE
121,2021-06-28,65.21184261025459,65.21184261025459,62.92061920352095,63.19758224487305,790900,0.0,0.0,0.0,VDE
122,2021-06-29,63.667590690117,63.98651383010288,62.8450959352768,62.86188507080078,1041000,0.0,0.0,0.0,VDE
123,2021-06-30,63.189202884404985,63.92776476922068,63.096881848405644,63.69276809692383,653400,0.0,0.0,0.0,VDE
124,2021-07-01,65.23705183561586,65.37972749341198,64.30545317065052,64.84259033203125,916100,0.0,0.0,0.0,VDE
125,2021-07-02,64.77545001838355,64.84259376790897,64.03688798314516,64.63277435302734,481600,0.0,0.0,0.0,VDE
126,2021-07-06,64.61596256781634,64.61596256781634,62.173668764209395,62.492591857910156,986200,0.0,0.0,0.0,VDE
127,2021-07-07,62.35830750256108,63.00454822223947,60.69653558982295,61.384742736816406,983800,0.0,0.0,0.0,VDE
128,2021-07-08,60.218154185754976,61.787605248075,60.12583315837271,61.19171905517578,884900,0.0,0.0,0.0,VDE
129,2021-07-09,62.00580944922625,62.61009017680929,61.275642239378534,62.492591857910156,639400,0.0,0.0,0.0,VDE
130,2021-07-12,61.84635989050785,62.81152387527516,61.409932012726294,62.42545700073242,2738100,0.0,0.0,0.0,VDE
131,2021-07-13,62.098145710461445,62.442252588236585,61.519048540399936,61.89672088623047,925100,0.0,0.0,0.0,VDE
132,2021-07-14,62.1652810494738,62.80313371035708,59.71459240921019,59.92441177368164,1097400,0.0,0.0,0.0,VDE
133,2021-07-15,59.27817271906364,60.05870111864989,58.79139659278533,59.07674789428711,1247200,0.0,0.0,0.0,VDE
134,2021-07-16,59.59710061083608,59.59710061083608,57.25551547825134,57.406585693359375,1309800,0.0,0.0,0.0,VDE
135,2021-07-19,55.35034110038165,56.06373200173256,54.502675549968444,55.266414642333984,3126700,0.0,0.0,0.0,VDE
136,2021-07-20,55.40071236521115,56.71837785061622,54.905535285555246,56.164451599121094,3834700,0.0,0.0,0.0,VDE
137,2021-07-21,57.272304503268884,58.715863072170954,57.24712719851505,58.20390319824219,1419600,0.0,0.0,0.0,VDE
138,2021-07-22,58.11156747940727,58.187105777784986,57.012116094763115,57.557647705078125,1725900,0.0,0.0,0.0,VDE
139,2021-07-23,57.6499637583591,57.6499637583591,56.659616219992586,57.26389694213867,1069000,0.0,0.0,0.0,VDE
140,2021-07-26,57.41497459797729,59.00120849854586,57.41497459797729,58.715850830078125,1493500,0.0,0.0,0.0,VDE
141,2021-07-27,58.2458615942581,58.2458615942581,57.39818949997366,57.994075775146484,1300700,0.0,0.0,0.0,VDE
142,2021-07-28,58.25424882673655,59.06834254589993,57.59960706011807,58.56477737426758,890300,0.0,0.0,0.0,VDE
143,2021-07-29,59.30334205641459,59.49637226579565,58.68227219213058,59.034767150878906,1124400,0.0,0.0,0.0,VDE
144,2021-07-30,58.892095769341886,59.11030969419125,57.78424981706005,58.153533935546875,1231600,0.0,0.0,0.0,VDE
145,2021-08-02,58.14515128301388,59.61388708754859,57.540870384639376,57.66676330566406,1247300,0.0,0.0,0.0,VDE
146,2021-08-03,57.44855498166933,58.724260648754644,56.82749128760918,58.615150451660156,1359400,0.0,0.0,0.0,VDE
147,2021-08-04,57.53247034214127,58.2206775780683,56.810691240659445,56.861045837402344,1272500,0.0,0.0,0.0,VDE
148,2021-08-05,57.15479299645135,58.354960004652426,57.02051193426387,57.59122085571289,1708400,0.0,0.0,0.0,VDE
149,2021-08-06,58.12836491706305,58.60675286452782,57.817829918358726,58.13675308227539,931600,0.0,0.0,0.0,VDE
150,2021-08-09,57.35622054357782,57.74229382344225,56.869444466214,57.3310432434082,1053400,0.0,0.0,0.0,VDE
151,2021-08-10,57.633171011876804,58.58994662755981,57.633171011876804,58.455665588378906,933600,0.0,0.0,0.0,VDE
152,2021-08-11,58.33816343219042,58.925654945836946,57.82620379750819,58.816551208496094,1108000,0.0,0.0,0.0,VDE
153,2021-08-12,58.7578226636073,59.12710042890125,58.02764889499283,58.72425079345703,641300,0.0,0.0,0.0,VDE
154,2021-08-13,58.64032750089983,58.657110235295676,57.80104991115094,57.84300994873047,758300,0.0,0.0,0.0,VDE
155,2021-08-16,57.13801716928755,57.13801716928755,56.307127784083484,56.709983825683594,975200,0.0,0.0,0.0,VDE
156,2021-08-17,56.2483759219599,57.17997447063155,55.744810696424224,56.307125091552734,1078700,0.0,0.0,0.0,VDE
157,2021-08-18,56.23158805452756,56.726758666855105,54.99784920255397,55.0817756652832,1161600,0.0,0.0,0.0,VDE
158,2021-08-19,54.03268439584861,54.4439349906591,52.807339985860295,53.537513732910156,2666200,0.0,0.0,0.0,VDE
159,2021-08-20,53.092691111098766,54.041075544492465,52.91644361155172,53.74732971191406,1235900,0.0,0.0,0.0,VDE
160,2021-08-23,55.07339132793107,55.963023420397356,54.98107029156052,55.77838134765625,1029400,0.0,0.0,0.0,VDE
161,2021-08-24,56.298727672623755,57.05407858835592,56.20640664941325,56.76032638549805,975700,0.0,0.0,0.0,VDE
162,2021-08-25,56.693201624943185,57.6164056584455,56.265168277316064,57.255516052246094,784800,0.0,0.0,0.0,VDE
163,2021-08-26,56.96177400185149,57.28069719021999,56.2903493489725,56.42463684082031,716800,0.0,0.0,0.0,VDE
164,2021-08-27,57.070877452020156,58.497646827048655,57.070877452020156,58.11157989501953,877100,0.0,0.0,0.0,VDE
165,2021-08-30,58.4556829363785,58.55639214485741,57.373014122973146,57.38140869140625,692300,0.0,0.0,0.0,VDE
166,2021-08-31,57.07926940917969,57.64997841371265,56.84427271375665,57.07926940917969,830700,0.0,0.0,0.0,VDE
167,2021-09-01,57.054094064089426,57.230341591703784,56.18124459172787,56.36588668823242,877900,0.0,0.0,0.0,VDE
168,2021-09-02,56.936588266851174,58.32979213084074,56.936588266851174,57.83462142944336,1081400,0.0,0.0,0.0,VDE
169,2021-09-03,57.75067221820248,58.195488187759196,57.28067895273546,57.574424743652344,616600,0.0,0.0,0.0,VDE
170,2021-09-07,57.19675990929119,58.01924823042348,57.037295143627674,57.23871994018555,726800,0.0,0.0,0.0,VDE
171,2021-09-08,57.557656834469206,57.91854644285672,56.50016531169979,56.53373718261719,855400,0.0,0.0,0.0,VDE
172,2021-09-09,56.18124595118365,57.49051698981734,55.90428279972496,56.634456634521484,790100,0.0,0.0,0.0,VDE
173,2021-09-10,57.57443859665998,57.57443859665998,56.4581979194187,56.57570266723633,616400,0.0,0.0,0.0,VDE
174,2021-09-13,57.39819559261513,58.699078457477555,57.39819559261513,58.3213996887207,1694800,0.0,0.0,0.0,VDE
175,2021-09-14,58.79977818021068,58.92567108280458,57.129617788456734,57.34783172607422,764800,0.0,0.0,0.0,VDE
176,2021-09-15,58.212283609582315,59.70619642465336,58.20388904231262,59.65584182739258,912000,0.0,0.0,0.0,VDE
177,2021-09-16,59.58029706250562,59.58029706250562,58.58994953705371,58.99280548095703,635300,0.0,0.0,0.0,VDE
178,2021-09-17,58.67388555072123,59.49637380913606,58.27102958514576,58.4472770690918,683000,0.0,0.0,0.0,VDE
179,2021-09-20,56.86105051531171,57.331043865387734,55.744809905702006,56.6848030090332,1181700,0.0,0.0,0.0,VDE
180,2021-09-21,57.42336978245971,57.68355018323049,56.156065262494394,56.84427261352539,1305700,0.0,0.0,0.0,VDE
181,2021-09-22,57.7758598728589,59.26138462968951,57.7758598728589,58.573177337646484,929100,0.0,0.0,0.0,VDE
182,2021-09-23,58.99280961070456,60.78886274651646,58.70745196313471,60.621009826660156,833700,0.0,0.0,0.0,VDE
183,2021-09-24,60.25173699888022,61.3931549964874,60.192987825614246,61.11619186401367,797000,0.0,0.0,0.0,VDE
184,2021-09-27,62.44224411269274,63.73473216550119,62.30795664597968,63.466163635253906,1402800,0.0,0.0,0.0,VDE
185,2021-09-28,64.27188504844821,64.80902224117521,63.482961995238995,63.57528305053711,1450200,0.0,0.0,0.0,VDE
186,2021-09-29,63.51835257280091,63.91767978512318,62.72819626476169,63.56932830810547,1076800,0.923,0.0,0.0,VDE
187,2021-09-30,63.49285315156136,63.84969619808714,62.643223146216656,62.78765869140625,1757200,0.0,0.0,0.0,VDE
188,2021-10-01,63.32290214275353,64.82675038068525,63.16147042128415,64.72479248046875,1192300,0.0,0.0,0.0,VDE
189,2021-10-04,65.4215119240392,66.60249714019884,65.26857826025493,65.92279052734375,2612300,0.0,0.0,0.0,VDE
190,2021-10-05,66.88288143931901,67.46912827323392,65.44700451899439,66.24565887451172,1474000,0.0,0.0,0.0,VDE
191,2021-10-06,65.20060679158637,65.84632743042577,64.2320290744086,65.3790283203125,1439200,0.0,0.0,0.0,VDE
192,2021-10-07,65.54897799906479,66.41559804045329,65.20062646963379,66.07574462890625,923300,0.0,0.0,0.0,VDE
193,2021-10-08,66.72995102935961,68.13184203695828,66.72995102935961,67.9364242553711,1569000,0.0,0.0,0.0,VDE
194,2021-10-11,68.99846417681695,69.21936983233768,67.64755534049124,67.69003295898438,1539000,0.0,0.0,0.0,VDE
195,2021-10-12,67.6305641255986,68.42921860562868,67.28221910658736,67.74102020263672,1414800,0.0,0.0,0.0,VDE
196,2021-10-13,67.18025820379786,68.03838650227048,66.39859999239897,67.70703125,2041600,0.0,0.0,0.0,VDE
197,2021-10-14,68.54814910888672,68.8625145445271,67.91942471976847,68.54814910888672,892700,0.0,0.0,0.0,VDE
198,2021-10-15,69.39777510385616,69.66115831607036,68.87100219726562,68.87100219726562,951700,0.0,0.0,0.0,VDE
199,2021-10-18,69.57622687100124,70.1369859975475,68.65862456328824,69.04945373535156,1473300,0.0,0.0,0.0,VDE
200,2021-10-19,69.42326822353822,70.01801312741148,68.9304812557422,69.75462341308594,852600,0.0,0.0,0.0,VDE
201,2021-10-20,69.21936980174735,70.34088134765625,68.9899660297639,70.34088134765625,1122400,0.0,0.0,0.0,VDE
202,2021-10-21,69.76312149134151,70.03500283857413,68.46318859731792,69.02394104003906,1080700,0.0,0.0,0.0,VDE
203,2021-10-22,69.3213291841207,69.75464242786477,68.5906531306243,69.70366668701172,626600,0.0,0.0,0.0,VDE
204,2021-10-25,70.51930401613716,71.28397246455212,70.24742262138558,70.8166732788086,993200,0.0,0.0,0.0,VDE
205,2021-10-26,70.97808594384524,71.54733644775301,70.73169248346083,71.13101959228516,912300,0.0,0.0,0.0,VDE
206,2021-10-27,70.3663523522413,70.78266921363833,68.84551396058524,69.04093170166016,1025300,0.0,0.0,0.0,VDE
207,2021-10-28,68.59911583345361,69.54220553446139,68.59911583345361,69.44874572753906,805100,0.0,0.0,0.0,VDE
208,2021-10-29,69.70366213945766,69.92456780568267,68.66711226197562,69.00696563720703,912300,0.0,0.0,0.0,VDE
209,2021-11-01,69.62716941821014,70.40883387180618,69.53370960834717,70.19642639160156,929400,0.0,0.0,0.0,VDE
210,2021-11-02,69.967015044617,70.39182995864887,69.31280292915882,69.56768798828125,800200,0.0,0.0,0.0,VDE
211,2021-11-03,68.7350746998698,69.7206422209619,68.5056709484873,68.9814682006836,981400,0.0,0.0,0.0,VDE
212,2021-11-04,69.71215725774024,70.23043217418748,68.38672979956783,68.97297668457031,1174800,0.0,0.0,0.0,VDE
213,2021-11-05,69.95854508383357,70.40035640222932,69.42328041033187,70.08599090576172,934400,0.0,0.0,0.0,VDE
214,2021-11-08,70.68921699062673,71.53884703369755,70.4088440028571,70.77418518066406,960500,0.0,0.0,0.0,VDE
215,2021-11-09,70.80816804408222,71.02907368078738,69.74613043975775,71.00358581542969,940600,0.0,0.0,0.0,VDE
216,2021-11-10,70.67223501749115,70.84215845193569,68.47168959310238,68.9474868774414,1041000,0.0,0.0,0.0,VDE
217,2021-11-11,69.13439296681628,69.76311732937748,69.06642101352257,69.24484252929688,804400,0.0,0.0,0.0,VDE
218,2021-11-12,68.89648968340387,69.35529063525783,68.61611672573932,69.04093170166016,680400,0.0,0.0,0.0,VDE
219,2021-11-15,69.01544608705193,69.95852940070917,68.30175353354632,69.52522277832031,750100,0.0,0.0,0.0,VDE
220,2021-11-16,69.72913800374842,70.16245114462399,69.2278593852586,69.60169219970703,856600,0.0,0.0,0.0,VDE
221,2021-11-17,69.02395196410724,69.93305597049832,68.17432180926832,68.42071533203125,1098100,0.0,0.0,0.0,VDE
222,2021-11-18,68.3357356141699,68.87949825147318,67.21422436446166,68.11483001708984,1070700,0.0,0.0,0.0,VDE
223,2021-11-19,66.50054377216813,66.6959615434919,65.26008462832709,65.42151641845703,4115400,0.0,0.0,0.0,VDE
224,2021-11-22,65.31955463297116,67.52009979015993,65.31955463297116,66.46656036376953,1452400,0.0,0.0,0.0,VDE
225,2021-11-23,67.31619467482524,68.75206511461704,67.2822086934707,68.53965759277344,1030500,0.0,0.0,0.0,VDE
226,2021-11-24,68.19129758622637,69.58469010359666,68.06385180479923,69.27032470703125,1353700,0.0,0.0,0.0,VDE
227,2021-11-26,65.77835408870268,66.5430223972765,64.59736888852412,66.2711410522461,1822300,0.0,0.0,0.0,VDE
228,2021-11-29,67.87694259635276,68.48867725526306,66.45806200159082,66.73844146728516,1362900,0.0,0.0,0.0,VDE
229,2021-11-30,65.396027644646,66.3391175426438,64.63985739953611,65.0391845703125,2240200,0.0,0.0,0.0,VDE
230,2021-12-01,66.56852006819858,67.12078095476542,64.0876016190075,64.1045913696289,1944300,0.0,0.0,0.0,VDE
231,2021-12-02,64.00263433760051,66.22866095880951,63.33992392419744,65.94828796386719,2414300,0.0,0.0,0.0,VDE
232,2021-12-03,66.84040582642844,67.17176108361531,64.80979018072885,65.43851470947266,2380400,0.0,0.0,0.0,VDE
233,2021-12-06,66.398602742843,67.3416928021137,65.54897252599834,66.56002807617188,2466400,0.0,0.0,0.0,VDE
234,2021-12-07,67.56256760637685,68.88799467414756,67.46911427984449,68.18280029296875,1533700,0.0,0.0,0.0,VDE
235,2021-12-08,68.48018595879526,68.8965029000558,68.12334286628622,68.29326629638672,1043300,0.0,0.0,0.0,VDE
236,2021-12-09,67.7580047978388,67.94492446891006,67.25672611829647,67.58808135986328,773400,0.0,0.0,0.0,VDE
237,2021-12-10,68.37824668767398,68.37824668767398,66.86589936856001,68.15734100341797,1031700,0.0,0.0,0.0,VDE
238,2021-12-13,67.46062316799629,67.66453255260258,65.88880896742131,66.16069030761719,1304800,0.0,0.0,0.0,VDE
239,2021-12-14,65.8038615891265,66.88289565827523,65.55747451599062,65.77837371826172,1501600,0.0,0.0,0.0,VDE
240,2021-12-15,65.67640648551684,65.95677947996012,63.95165201201246,65.59143829345703,2303400,0.0,0.0,0.0,VDE
241,2021-12-16,66.23565292716617,67.35376801889461,65.76259994398785,65.84001159667969,1579100,0.939,0.0,0.0,VDE
242,2021-12-17,65.39274673533569,65.60776958087447,63.98219739355946,64.62726593017578,2217200,0.0,0.0,0.0,VDE
243,2021-12-20,62.9501043517399,63.827394869264594,62.09860896952065,63.732784271240234,2078400,0.0,0.0,0.0,VDE
244,2021-12-21,64.5412625159841,65.95181195417649,64.53265976422111,65.74539184570312,1796400,0.0,0.0,0.0,VDE
245,2021-12-22,65.75398869264262,66.57107950689307,64.97130888578806,66.13243103027344,997200,0.0,0.0,0.0,VDE
246,2021-12-23,66.46787031331549,67.03553385514194,66.13243515204618,66.16683959960938,1006600,0.0,0.0,0.0,VDE
247,2021-12-27,66.02062481415668,67.72360229492188,65.35835069009894,67.72360229492188,754600,0.0,0.0,0.0,VDE
248,2021-12-28,67.88702284067068,68.32567134614646,67.1989470109823,67.56878662109375,809400,0.0,0.0,0.0,VDE
249,2021-12-29,67.44837277980747,67.7838079345015,66.80330416509169,67.15594482421875,802500,0.0,0.0,0.0,VDE
250,2021-12-30,67.181733071978,67.67198485855543,66.54526733687199,66.55386352539062,790900,0.0,0.0,0.0,VDE
251,2021-12-31,66.45066304957487,67.07852609354416,66.38185416306474,66.75169372558594,770800,0.0,0.0,0.0,VDE
252,2022-01-03,66.88070009174581,68.9707221746746,66.83769290274871,68.893310546875,1338000,0.0,0.0,0.0,VDE
253,2022-01-04,69.60722347858825,71.55103261198103,69.60722347858825,71.30160522460938,3049400,0.0,0.0,0.0,VDE
254,2022-01-05,72.02405487993418,72.74653509706451,70.88873444899531,70.98334503173828,2350500,0.0,0.0,0.0,VDE
255,2022-01-06,72.60892014011722,73.04756862606885,71.56821025146895,72.66053009033203,1791500,0.0,0.0,0.0,VDE
256,2022-01-07,72.97016827165439,73.76145753159715,72.47132013022862,73.5550308227539,1895900,0.0,0.0,0.0,VDE
257,2022-01-10,73.64964419640023,73.84746815932768,72.34230780106834,73.314208984375,2279600,0.0,0.0,0.0,VDE
258,2022-01-11,73.96785449528902,76.00627331287755,73.34858768680763,75.87725830078125,1928800,0.0,0.0,0.0,VDE
259,2022-01-12,76.1181027217164,76.53094955595188,75.46443130166764,76.1611099243164,1734200,0.0,0.0,0.0,VDE
260,2022-01-13,76.00627445415533,76.72874803358124,75.27519156195734,75.54182434082031,1200100,0.0,0.0,0.0,VDE
261,2022-01-14,75.5332410888548,77.5114543161063,75.5332410888548,77.45124816894531,1599500,0.0,0.0,0.0,VDE
262,2022-01-18,78.36293372116833,78.64676547884109,76.4019262353876,77.53724670410156,2473900,0.0,0.0,0.0,VDE
263,2022-01-19,78.11350649541144,78.18231538740366,76.22130789946502,76.88357543945312,1533200,0.0,0.0,0.0,VDE
264,2022-01-20,76.36753819449928,78.13072213527677,75.79987455720978,75.93749237060547,1579100,0.0,0.0,0.0,VDE
265,2022-01-21,75.16340458907563,75.47303809081671,73.52922923254835,74.32051849365234,2692000,0.0,0.0,0.0,VDE
266,2022-01-24,72.47131016375221,75.13759244750958,71.10376129414244,74.87956237792969,2895800,0.0,0.0,0.0,VDE
267,2022-01-25,74.47532630379446,78.01890595388342,73.16798999751602,77.65766906738281,2295600,0.0,0.0,0.0,VDE
268,2022-01-26,78.74997612513255,79.2660362778925,76.62554905713333,77.4598388671875,3162000,0.0,0.0,0.0,VDE
269,2022-01-27,78.93918303425167,79.7390682520399,76.93516861435546,78.25111389160156,2047400,0.0,0.0,0.0,VDE
270,2022-01-28,77.84689055701809,78.75858552980522,76.38473093732738,78.08771514892578,3111200,0.0,0.0,0.0,VDE
271,2022-01-31,77.79526424294463,78.93058462463816,76.59973772593314,78.42313385009766,1962900,0.0,0.0,0.0,VDE
272,2022-02-01,78.08770318794035,81.48506177563978,77.78667249416573,81.304443359375,2368500,0.0,0.0,0.0,VDE
273,2022-02-02,81.1410448639529,81.75171572318492,79.91112007738506,81.57109069824219,2339300,0.0,0.0,0.0,VDE
274,2022-02-03,81.22705602561435,81.373270028539,79.83370521603649,80.63359069824219,1807600,0.0,0.0,0.0,VDE
275,2022-02-04,81.67429656160053,83.30847189424858,81.51947981299223,81.86351776123047,2042900,0.0,0.0,0.0,VDE
276,2022-02-07,81.48507682724751,83.53209904698691,80.82280917861182,82.7494125366211,1712500,0.0,0.0,0.0,VDE
277,2022-02-08,82.52577704092037,82.62899038353328,80.3497465894897,81.00341796875,1910200,0.0,0.0,0.0,VDE
278,2022-02-09,81.23564999071901,82.3107645038941,80.97762644474392,81.73450469970703,1346800,0.0,0.0,0.0,VDE
279,2022-02-10,81.30445007206478,82.85261742783607,80.7023886348079,81.27864837646484,1460400,0.0,0.0,0.0,VDE
280,2022-02-11,81.75169844643793,83.79871382274283,81.33024889327554,83.61809539794922,2406500,0.0,0.0,0.0,VDE
281,2022-02-14,83.25687890635095,83.35148951799285,80.84861952961346,81.8033218383789,2547300,0.0,0.0,0.0,VDE
282,2022-02-15,79.85949755171202,81.07222976337181,79.23163440713249,80.90020751953125,1898600,0.0,0.0,0.0,VDE
283,2022-02-16,81.57107848871813,82.93002469654067,80.95181809209427,81.44207000732422,1836600,0.0,0.0,0.0,VDE
284,2022-02-17,81.33885452019054,82.20754878992761,80.72819033040784,81.27864837646484,2052600,0.0,0.0,0.0,VDE
285,2022-02-18,80.38414965355733,81.48506570790454,79.97130941416579,80.72818756103516,1545400,0.0,0.0,0.0,VDE
286,2022-02-22,83.1450764936671,83.1450764936671,78.20815117561204,79.33486938476562,2013000,0.0,0.0,0.0,VDE
287,2022-02-23,79.92830309321835,80.93460857001669,79.5326617919637,80.28093719482422,1959000,0.0,0.0,0.0,VDE
288,2022-02-24,82.10434557049678,82.10434557049678,77.82968915289814,79.99712371826172,3188500,0.0,0.0,0.0,VDE
289,2022-02-25,80.39276611039217,82.04414047342378,80.19494214722663,82.03553771972656,2373200,0.0,0.0,0.0,VDE
290,2022-02-28,81.77750300489966,84.38357925129138,81.2786483502037,84.30616760253906,2683000,0.0,0.0,0.0,VDE
291,2022-03-01,84.99424667423601,86.55101027927515,84.03094177631259,85.1060562133789,2571900,0.0,0.0,0.0,VDE
292,2022-03-02,86.66282957330105,87.88415804393095,86.17257763441565,87.17028045654297,2353700,0.0,0.0,0.0,VDE
293,2022-03-03,86.26718717303152,87.89275971682876,86.07796597754563,87.3250961303711,3128100,0.0,0.0,0.0,VDE
294,2022-03-04,87.45411067750928,90.077392578125,87.26488948310711,90.077392578125,2638100,0.0,0.0,0.0,VDE
295,2022-03-07,91.1181004369791,93.05330641450014,89.3979173458493,91.49653625488281,4433300,0.0,0.0,0.0,VDE
296,2022-03-08,93.23392609065431,95.90020860494326,90.02578169579269,92.4254379272461,4846700,0.0,0.0,0.0,VDE
297,2022-03-09,89.13988497574782,91.90938073149474,87.63472480953558,89.93116760253906,3725500,0.0,0.0,0.0,VDE
298,2022-03-10,90.94606560544322,92.82966792940788,90.36980592453295,92.56304168701172,2720900,0.0,0.0,0.0,VDE
299,2022-03-11,91.05788308202342,92.87267654472213,91.03207482677217,91.7115478515625,2982300,0.0,0.0,0.0,VDE
300,2022-03-14,89.87956988659293,90.309615675524,87.59172313973022,88.79585266113281,3221300,0.0,0.0,0.0,VDE
301,2022-03-15,85.30387211893878,86.80042943696168,84.11694825457266,85.80272674560547,4236800,0.0,0.0,0.0,VDE
302,2022-03-16,86.09515743506782,86.85204215119455,84.60720282173207,85.56190490722656,2643100,0.0,0.0,0.0,VDE
303,2022-03-17,87.30790557843058,88.83886767164391,86.6886385380345,88.61524200439453,1883500,0.0,0.0,0.0,VDE
304,2022-03-18,88.52921356978413,89.07967157505696,87.8841449796697,88.5980224609375,1668700,0.0,0.0,0.0,VDE
305,2022-03-21,90.33540080325862,92.27920925003967,90.05156905975097,92.02117919921875,2048800,0.0,0.0,0.0,VDE
306,2022-03-22,91.57394836360167,92.16741363283855,90.24080383652624,91.427734375,1667700,0.0,0.0,0.0,VDE
307,2022-03-23,92.94150160830652,93.74998985921916,92.61466914358665,93.01891326904297,1558400,0.0,0.0,0.0,VDE
308,2022-03-24,93.40021846140539,94.18888454184702,92.77622699055328,93.34822082519531,1315600,0.82,0.0,0.0,VDE
309,2022-03-25,92.78489036798075,95.8875438799032,92.78489036798075,95.8095474243164,1204100,0.0,0.0,0.0,VDE
310,2022-03-28,94.00689822690634,94.00689822690634,92.73290307992656,93.40023040771484,881600,0.0,0.0,0.0,VDE
311,2022-03-29,91.29423745742885,93.0795669555664,90.02891082234969,93.0795669555664,1841000,0.0,0.0,0.0,VDE
312,2022-03-30,93.9722354655361,94.89956427663151,93.50423682085548,94.05023193359375,1029900,0.0,0.0,0.0,VDE
313,2022-03-31,93.03621849722518,95.02087642516365,92.75021828395187,92.7675552368164,1343200,0.0,0.0,0.0,VDE
314,2022-04-01,92.53357665366565,94.55290239887331,92.53357665366565,93.92024230957031,691000,0.0,0.0,0.0,VDE
315,2022-04-04,94.65690430669973,94.78690503845478,92.98424497546823,93.92024230957031,881300,0.0,0.0,0.0,VDE
316,2022-04-05,94.19755500014867,95.5928822394283,92.2822315514983,92.368896484375,835400,0.0,0.0,0.0,VDE
317,2022-04-06,93.426229628015,94.16289150536737,92.35156325821237,92.83689880371094,915200,0.0,0.0,0.0,VDE
318,2022-04-07,93.4002479359412,94.32757687628586,91.56292701419987,94.02424621582031,703000,0.0,0.0,0.0,VDE
319,2022-04-08,94.28424376679148,96.78023016998851,94.11957572422254,96.54623413085938,1654200,0.0,0.0,0.0,VDE
320,2022-04-11,95.48021721156888,95.48888568897415,93.4522298980586,93.68622589111328,1186600,0.0,0.0,0.0,VDE
321,2022-04-12,95.30690084453417,96.89289521683223,95.03823751589015,95.26356506347656,852700,0.0,0.0,0.0,VDE
322,2022-04-13,96.36422054298774,96.9708817429043,94.78689481109352,96.77155303955078,859400,0.0,0.0,0.0,VDE
323,2022-04-14,96.2948958476496,97.92421938934064,96.15622663791666,97.17022705078125,788400,0.0,0.0,0.0,VDE
324,2022-04-18,97.93289281116124,99.27622274677867,97.37822916845637,98.712890625,1428900,0.0,0.0,0.0,VDE
325,2022-04-19,98.0281876879359,99.03351266537936,97.10085915514246,97.7421875,827200,0.0,0.0,0.0,VDE
326,2022-04-20,98.1148625587275,98.7475291041932,97.0922005262405,98.21886444091797,583400,0.0,0.0,0.0,VDE
327,2022-04-21,98.87753235975943,99.3108636575663,94.60489211101007,94.96022033691406,992200,0.0,0.0,0.0,VDE
328,2022-04-22,94.50088983912852,95.92221596125015,92.35156370132144,92.4989013671875,797500,0.0,0.0,0.0,VDE
329,2022-04-25,89.57825484926978,89.99424923156614,86.12027261844351,89.50025177001953,1834500,0.0,0.0,0.0,VDE
330,2022-04-26,90.08091161535822,91.99623514356989,89.25757818855249,89.5089111328125,1218000,0.0,0.0,0.0,VDE
331,2022-04-27,90.09825171708835,91.71891331440419,88.42559247467636,90.84358215332031,1626500,0.0,0.0,0.0,VDE
332,2022-04-28,91.28557728076296,94.44889723303972,89.48291740615838,93.66889953613281,1246400,0.0,0.0,0.0,VDE
333,2022-04-29,93.92889152488101,94.37089130847058,90.80890744354912,91.21623992919922,1004200,0.0,0.0,0.0,VDE
334,2022-05-02,90.56625124152363,92.4209088719505,90.00291916975212,92.25624084472656,1289600,0.0,0.0,0.0,VDE
335,2022-05-03,92.4209041652124,95.51488955112393,92.4209041652124,95.08155822753906,1064600,0.0,0.0,0.0,VDE
336,2022-05-04,96.84088871080576,99.21554928090885,95.55823161144001,99.0075454711914,1443400,0.0,0.0,0.0,VDE
337,2022-05-05,99.66621636761785,99.75288132029772,95.32423413360243,97.37822723388672,1082000,0.0,0.0,0.0,VDE
338,2022-05-06,98.50487880123983,99.90886804579017,96.42488714355608,99.83087158203125,921200,0.0,0.0,0.0,VDE
339,2022-05-09,97.69888522510328,97.82887933528436,90.96491260904523,91.33757781982422,1309300,0.0,0.0,0.0,VDE
340,2022-05-10,92.5769047422582,94.422893821029,89.95958642784291,92.0135726928711,4441200,0.0,0.0,0.0,VDE
341,2022-05-11,93.6342286624927,96.4162148318274,92.93223406813198,93.12289428710938,918500,0.0,0.0,0.0,VDE
342,2022-05-12,92.84557905572822,93.49557612542921,90.56625837833714,93.4175796508789,877100,0.0,0.0,0.0,VDE
343,2022-05-13,94.8908957597354,97.02288517656032,94.67423008795915,96.58955383300781,707100,0.0,0.0,0.0,VDE
344,2022-05-16,96.85821885893267,100.08220494969129,96.85821885893267,99.04220581054688,1079200,0.0,0.0,0.0,VDE
345,2022-05-17,100.3941968961359,101.02686353173436,99.32820555328594,100.46353149414062,1025100,0.0,0.0,0.0,VDE
346,2022-05-18,101.19153418173634,101.25220030354106,96.58088908824344,97.8375473022461,829000,0.0,0.0,0.0,VDE
347,2022-05-19,95.73154291425213,99.12885846779652,95.53221423379323,97.5342025756836,751500,0.0,0.0,0.0,VDE
348,2022-05-20,98.47021046831456,99.67487099586967,95.94821903947616,97.96754455566406,654800,0.0,0.0,0.0,VDE
349,2022-05-23,99.04219164287257,101.07018537623375,98.5221954537398,100.75818634033203,871700,0.0,0.0,0.0,VDE
350,2022-05-24,99.55352848079839,101.48618224475265,98.78219934815506,101.07884979248047,816000,0.0,0.0,0.0,VDE
351,2022-05-25,101.37351915938918,103.55750586804515,101.30418456873711,103.3581771850586,796800,0.0,0.0,0.0,VDE
352,2022-05-26,104.07751915750825,105.56818004065947,104.07751915750825,104.7275161743164,921100,0.0,0.0,0.0,VDE
353,2022-05-27,104.2161737344608,106.81616143677581,103.9995080926012,106.781494140625,748200,0.0,0.0,0.0,VDE
354,2022-05-31,108.33281050626294,109.06080381905223,104.56283002306701,105.07415771484375,1347600,0.0,0.0,0.0,VDE
355,2022-06-01,106.54750713534398,107.8648314395305,105.40351271440709,107.076171875,878700,0.0,0.0,0.0,VDE
356,2022-06-02,106.26149926036311,107.61349076671242,105.79350067460126,106.850830078125,714000,0.0,0.0,0.0,VDE
357,2022-06-03,107.0241567393158,108.52348586422403,106.94616028341663,108.21148681640625,702200,0.0,0.0,0.0,VDE
358,2022-06-06,108.80081896936485,108.92215119923485,107.57015971662034,108.28082275390625,569600,0.0,0.0,0.0,VDE
359,2022-06-07,108.2808383587572,111.80814862245673,108.0988399877236,111.79082489013672,1034000,0.0,0.0,0.0,VDE
360,2022-06-08,112.21547547290918,112.96948096586588,111.05415070344618,111.66948699951172,1146700,0.0,0.0,0.0,VDE
361,2022-06-09,110.68148438163679,111.33148797034586,109.08682830619664,109.13015747070312,866100,0.0,0.0,0.0,VDE
362,2022-06-10,108.01216068664428,109.52882028198455,105.99284179348139,107.34483337402344,1258900,0.0,0.0,0.0,VDE
363,2022-06-13,103.8175145108961,104.2075100392953,99.51020029513474,101.52952575683594,2135800,0.0,0.0,0.0,VDE
364,2022-06-14,103.71350496462273,104.71883668861352,100.10819222297229,101.4515151977539,988600,0.0,0.0,0.0,VDE
365,2022-06-15,101.24352640086704,101.98018830105696,97.79420628448376,99.54486846923828,1354600,0.0,0.0,0.0,VDE
366,2022-06-16,97.14421644365399,97.4475536707695,93.21823556861719,93.94623565673828,1971900,0.0,0.0,0.0,VDE
367,2022-06-17,93.41757387220821,94.07623938015254,87.58493095156057,88.70292663574219,2591400,0.0,0.0,0.0,VDE
368,2022-06-21,90.92157839795559,93.80755988973141,90.86090566708917,93.19223022460938,1572500,0.0,0.0,0.0,VDE
369,2022-06-22,88.3909255711253,90.8435825615591,88.05292765225835,89.04959106445312,2379000,0.0,0.0,0.0,VDE
370,2022-06-23,89.59049247356832,90.1594056863939,84.32148950124694,85.72189331054688,1743400,1.008,0.0,0.0,VDE
371,2022-06-24,87.12228425615245,88.8990386168404,86.04572507277722,87.17479705810547,1438900,0.0,0.0,0.0,VDE
372,2022-06-27,88.29511666246748,90.46573711930283,88.04129365130714,89.85306549072266,1357100,0.0,0.0,0.0,VDE
373,2022-06-28,91.90990045575826,93.71291128042077,90.86835199649943,92.24249267578125,1423900,0.0,0.0,0.0,VDE
374,2022-06-29,93.58162335578083,93.9317242983322,88.82027324099057,89.10910034179688,1265200,0.0,0.0,0.0,VDE
375,2022-06-30,86.98223639188438,89.27539099591861,86.20326537720798,87.0610122680664,1357200,0.0,0.0,0.0,VDE
376,2022-07-01,87.9625304978769,88.56645448589488,85.19674026402915,88.12882995605469,942100,0.0,0.0,0.0,VDE
377,2022-07-05,86.3170629666305,86.55337726992887,82.63226529938974,84.46153259277344,1873000,0.0,0.0,0.0,VDE
378,2022-07-06,83.47247986989674,85.0304216544651,80.34784194308875,82.82479095458984,2066500,0.0,0.0,0.0,VDE
379,2022-07-07,85.00419447247344,86.91223776582822,84.9166642209159,86.1595230102539,1512200,0.0,0.0,0.0,VDE
380,2022-07-08,87.24481402730686,87.62992569518931,84.94291173432639,86.12449645996094,732800,0.0,0.0,0.0,VDE
381,2022-07-11,85.12672540261802,86.05448726891396,84.1551984122959,85.26676177978516,645700,0.0,0.0,0.0,VDE
382,2022-07-12,83.09613935089081,84.08516828307452,82.08084734040582,83.57752227783203,980800,0.0,0.0,0.0,VDE
383,2022-07-13,82.45720466462082,85.25800537526855,82.44845030518705,83.57752227783203,880700,0.0,0.0,0.0,VDE
384,2022-07-14,80.75920923184302,82.18586914480696,79.53386617209576,82.07208251953125,1226700,0.0,0.0,0.0,VDE
385,2022-07-15,83.89259841152054,83.99763067430148,82.11584436792596,83.6300277709961,784000,0.0,0.0,0.0,VDE
386,2022-07-18,85.58185461879711,86.86847184451041,85.09171726714274,85.44181823730469,990700,0.0,0.0,0.0,VDE
387,2022-07-19,85.43306489338708,88.41766084182953,85.43306489338708,88.17259216308594,1028000,0.0,0.0,0.0,VDE
388,2022-07-20,87.27108194672886,89.73052963961658,86.91223330870432,89.3891830444336,1101200,0.0,0.0,0.0,VDE
389,2022-07-21,87.00850379108056,87.82247892713855,85.18798432084783,87.76996612548828,967600,0.0,0.0,0.0,VDE
390,2022-07-22,88.03255262578918,88.96031449854051,86.41334318985923,86.90348052978516,594600,0.0,0.0,0.0,VDE
391,2022-07-25,87.9362583618477,90.45697279880332,87.1747894122167,90.3606948852539,603800,0.0,0.0,0.0,VDE
392,2022-07-26,91.57729451635024,91.93614978829325,89.1090927638122,89.73927307128906,1783700,0.0,0.0,0.0,VDE
393,2022-07-27,90.51825893174971,92.34753299507017,89.46796269889876,91.93616485595703,654100,0.0,0.0,0.0,VDE
394,2022-07-28,92.69762643285983,93.45908880263512,90.63203822215944,92.27750396728516,802500,0.0,0.0,0.0,VDE
395,2022-07-29,94.20305057972789,96.49620543946615,93.93172551759821,96.25113677978516,991700,0.0,0.0,0.0,VDE
396,2022-08-01,94.36935255934759,94.80697708553221,92.89017952400505,94.19430541992188,913300,0.0,0.0,0.0,VDE
397,2022-08-02,94.22932516259225,94.955776870292,93.18777655418353,94.04551696777344,486800,0.0,0.0,0.0,VDE
398,2022-08-03,94.52689980205623,94.67569054170833,90.78083484128291,91.47228240966797,753100,0.0,0.0,0.0,VDE
399,2022-08-04,90.85959078351439,91.13967017862436,87.78747179648245,88.1025619506836,1033100,0.0,0.0,0.0,VDE
400,2022-08-05,87.19230429338567,90.78082371420298,86.78969057081784,89.94933319091797,786900,0.0,0.0,0.0,VDE
401,2022-08-08,89.77429114411505,91.24470975548084,89.77429114411505,90.31694793701172,1262300,0.0,0.0,0.0,VDE
402,2022-08-09,91.63857014448804,93.16150825418,91.51603581533399,92.00617980957031,619200,0.0,0.0,0.0,VDE
403,2022-08-10,92.22498926615042,93.26653103234455,90.43072615031242,92.75013732910156,702400,0.0,0.0,0.0,VDE
404,2022-08-11,94.47439832211366,96.89883560476085,94.36936601690788,96.04984283447266,1051200,0.0,0.0,0.0,VDE
405,2022-08-12,95.48966390049914,96.9338260759813,95.08705016461306,96.9250717163086,594100,0.0,0.0,0.0,VDE
406,2022-08-15,93.43284032693346,95.46341794796433,92.33877896479137,94.92076110839844,733100,0.0,0.0,0.0,VDE
407,2022-08-16,95.27961139141445,96.27739476660419,94.20305212996223,94.82447814941406,706800,0.0,0.0,0.0,VDE
408,2022-08-17,94.50064182435403,96.53997373133902,94.17679726907518,95.5596923828125,544200,0.0,0.0,0.0,VDE
409,2022-08-18,96.5837466565082,98.5180465626009,96.5837466565082,98.38676452636719,770800,0.0,0.0,0.0,VDE
410,2022-08-19,98.06290938225732,98.82437849867327,97.51150485647929,98.15918731689453,518600,0.0,0.0,0.0,VDE
411,2022-08-22,97.48522845812333,98.66681991679113,95.7697412679702,98.0453872680664,589500,0.0,0.0,0.0,VDE
412,2022-08-23,99.72585379343025,102.36910232098727,99.65583228442537,101.38007354736328,886300,0.0,0.0,0.0,VDE
413,2022-08-24,101.5463853674655,102.84175681701556,100.99498090507062,102.68421173095703,664300,0.0,0.0,0.0,VDE
414,2022-08-25,103.2881360079282,103.89205327508967,102.45664545418835,103.36690521240234,832800,0.0,0.0,0.0,VDE
415,2022-08-26,103.30563668769906,104.37344151840294,101.78270532269869,102.25534057617188,913600,0.0,0.0,0.0,VDE
416,2022-08-29,101.94902826027231,105.09116963697153,101.8790067226692,103.67326354980469,974000,0.0,0.0,0.0,VDE
417,2022-08-30,102.02776989062924,102.02776989062924,99.0781785235605,99.97969055175781,1434200,0.0,0.0,0.0,VDE
418,2022-08-31,98.17667239405617,100.88994278350083,97.10886761452039,99.33200073242188,877300,0.0,0.0,0.0,VDE
419,2022-09-01,97.88784341467382,98.16792950078236,95.56843894326094,96.8375473022461,961800,0.0,0.0,0.0,VDE
420,2022-09-02,99.19196300413503,99.91842121986922,98.06289108124703,98.85061645507812,637700,0.0,0.0,0.0,VDE
421,2022-09-06,99.57706632177508,99.94467594180547,97.43270914675773,97.75655364990234,594500,0.0,0.0,0.0,VDE
422,2022-09-07,95.61220199338874,96.98634270088209,94.75446168501769,96.6099853515625,957300,0.0,0.0,0.0,VDE
423,2022-09-08,97.05636733866595,97.63403492119939,96.02357318491677,97.17890167236328,697900,0.0,0.0,0.0,VDE
424,2022-09-09,99.01691097261147,100.11972651559216,98.30796146236223,99.65584564208984,531800,0.0,0.0,0.0,VDE
425,2022-09-12,100.9774598870132,102.38661103704781,100.10221105730817,101.38007354736328,1000900,0.0,0.0,0.0,VDE
426,2022-09-13,100.2510171155554,101.48511468215843,98.42174330884042,98.8243637084961,1033500,0.0,0.0,0.0,VDE
427,2022-09-14,99.87466885148706,102.70171952149133,99.87466885148706,101.89649200439453,769000,0.0,0.0,0.0,VDE
428,2022-09-15,100.00595351848793,100.53110158773596,98.79810561383545,99.27949523925781,458900,0.0,0.0,0.0,VDE
429,2022-09-16,98.96440401615497,98.96440401615497,95.48091006316739,96.9600830078125,1049100,0.0,0.0,0.0,VDE
430,2022-09-19,94.31684374578953,97.19641405130058,94.08052275217818,97.15264892578125,658700,0.0,0.0,0.0,VDE
431,2022-09-20,96.46118131568993,96.90756012834747,95.18331871177034,96.4086685180664,631600,0.0,0.0,0.0,VDE
432,2022-09-21,97.95787651812414,98.34298825443675,94.87700266048512,94.92076110839844,653400,0.0,0.0,0.0,VDE
433,2022-09-22,96.38242571734561,96.89881944048338,94.29932874946331,94.34309387207031,738600,0.0,0.0,0.0,VDE
434,2022-09-23,90.66705462037827,90.82459973166318,86.99976528830197,87.78749084472656,1130800,0.0,0.0,0.0,VDE
435,2022-09-26,87.06975131262938,88.33010501128653,85.4242793374658,85.49430084228516,1111600,0.0,0.0,0.0,VDE
436,2022-09-27,86.9647402138845,88.20759217753127,86.0894912235496,86.61463928222656,1829900,0.0,0.0,0.0,VDE
437,2022-09-28,87.25014381248498,91.07021591216413,87.00197301651701,90.68909454345703,982600,1.237,0.0,0.0,VDE
438,2022-09-29,89.92686026371098,90.76001095323058,88.21624653102248,90.52069854736328,1184600,0.0,0.0,0.0,VDE
439,2022-09-30,89.86481386525959,91.24748366580403,89.02280479690698,90.03321838378906,907100,0.0,0.0,0.0,VDE
440,2022-10-03,93.44557640444589,95.51958101362303,93.06445503239875,94.95233154296875,1559400,0.0,0.0,0.0,VDE
441,2022-10-04,97.04405436033966,99.10033512473076,96.29954205905923,99.02056884765625,1072100,0.0,0.0,0.0,VDE
442,2022-10-05,99.05601655703813,101.78590158570282,97.99241892784329,101.07684326171875,1759100,0.0,0.0,0.0,VDE
443,2022-10-06,100.31460432320029,103.06221979850932,100.31460432320029,102.7431411743164,2047600,0.0,0.0,0.0,VDE
444,2022-10-07,102.92041711298765,104.07263953763396,101.16548457285111,101.91000366210938,1295000,0.0,0.0,0.0,VDE
445,2022-10-10,102.1493081686615,103.18631036836966,99.48145883415275,99.81826782226562,711700,0.0,0.0,0.0,VDE
446,2022-10-11,98.01016234800937,100.81095561132139,97.51381401665093,99.0737533569336,712600,0.0,0.0,0.0,VDE
447,2022-10-12,98.48876740689869,100.50072894278233,97.70879445803264,99.8625717163086,499100,0.0,0.0,0.0,VDE
448,2022-10-13,98.2849266445276,104.23218763679166,98.2849266445276,103.87765502929688,828200,0.0,0.0,0.0,VDE
449,2022-10-14,102.94701154294644,104.18787225195544,99.80940921556605,99.97781372070312,574900,0.0,0.0,0.0,VDE
450,2022-10-17,101.65297179983202,102.87610214161757,100.97936055144515,101.30730438232422,513800,0.0,0.0,0.0,VDE
451,2022-10-18,102.2556768278903,103.1685937023074,100.234843050112,102.11386108398438,583800,0.0,0.0,0.0,VDE
452,2022-10-19,102.2202113555693,105.38440209128805,102.2202113555693,104.96782684326172,496500,0.0,0.0,0.0,VDE
453,2022-10-20,105.72120366057953,106.87343277527431,104.49807344451045,105.02100372314453,768400,0.0,0.0,0.0,VDE
454,2022-10-21,105.47304452020269,107.9902130931737,105.33122877753834,107.85726928710938,818000,0.0,0.0,0.0,VDE
455,2022-10-24,107.78636636175852,108.94745406897769,107.24570565179835,108.1497573852539,720500,0.0,0.0,0.0,VDE
456,2022-10-25,107.8750053658785,108.83224145327114,107.24571314976322,108.27385711669922,440900,0.0,0.0,0.0,VDE
457,2022-10-26,108.70816011068376,110.74671100768764,108.70816011068376,109.85152435302734,1133400,0.0,0.0,0.0,VDE
458,2022-10-27,111.26076508524831,112.16482353221568,109.94013811232968,110.19717407226562,637900,0.0,0.0,0.0,VDE
459,2022-10-28,111.53552842761253,112.2800475717555,108.63723842320388,110.68465423583984,699500,0.0,0.0,0.0,VDE
460,2022-10-31,109.44379436161418,113.13091566038445,109.44379436161418,111.65961456298828,1415800,0.0,0.0,0.0,VDE
461,2022-11-01,113.45885305680918,113.45885305680918,112.0673249988775,112.69661712646484,1076000,0.0,0.0,0.0,VDE
462,2022-11-02,112.38642045662448,113.13093291198827,109.96674145239687,110.2503662109375,916800,0.0,0.0,0.0,VDE
463,2022-11-03,109.55900190569332,113.051136303032,109.27537722320844,112.36865997314453,814700,0.0,0.0,0.0,VDE
464,2022-11-04,114.54017482718857,115.74558156575395,112.00528272107097,113.65384674072266,998300,0.0,0.0,0.0,VDE
465,2022-11-07,114.15908292119377,116.1976406299161,113.89318173756982,115.91400909423828,801400,0.0,0.0,0.0,VDE
466,2022-11-08,115.7101414642967,116.39261791938529,114.44268519056075,115.9228515625,716300,0.0,0.0,0.0,VDE
467,2022-11-09,114.70859781880466,114.70859781880466,109.67425320564398,109.99333190917969,937900,0.0,0.0,0.0,VDE
468,2022-11-10,112.37754682691926,112.72321426406903,110.05536464208878,112.56367492675781,615900,0.0,0.0,0.0,VDE
469,2022-11-11,114.66426099165565,116.33942054540233,114.41609020771492,115.86080932617188,919100,0.0,0.0,0.0,VDE
470,2022-11-14,115.6037842785744,117.55371719947915,115.22266963222195,115.47084045410156,598900,0.0,0.0,0.0,VDE
471,2022-11-15,116.09125833530305,117.11054383146788,115.32015716570184,116.88896179199219,551300,0.0,0.0,0.0,VDE
472,2022-11-16,115.91399569694018,116.33942942698943,113.83999104811885,114.51359558105469,539100,0.0,0.0,0.0,VDE
473,2022-11-17,112.79411611835671,114.70858130175675,112.15595880317443,114.60222625732422,439700,0.0,0.0,0.0,VDE
474,2022-11-18,112.45730553688999,114.00838645532379,111.03918194642824,113.67157745361328,520600,0.0,0.0,0.0,VDE
475,2022-11-21,111.19871771479852,112.41298959266695,108.38019421050512,111.9609603881836,1051900,0.0,0.0,0.0,VDE
476,2022-11-22,113.63613122796761,115.96716492575615,113.08659861149708,115.718994140625,659900,0.0,0.0,0.0,VDE
477,2022-11-23,114.01725586796802,115.22266272669602,113.21955915819989,114.30974578857422,433200,0.0,0.0,0.0,VDE
478,2022-11-25,114.61108699148163,115.30242184288579,113.88430496597968,114.12360382080078,278700,0.0,0.0,0.0,VDE
479,2022-11-28,111.1987176795614,112.60798281233475,110.53397163406271,110.89736938476562,650300,0.0,0.0,0.0,VDE
480,2022-11-29,112.09390082941519,113.21953438984464,111.63300649253299,112.38639068603516,403500,0.0,0.0,0.0,VDE
481,2022-11-30,113.38795619347077,113.96407082151917,111.30508647250834,113.12205505371094,598400,0.0,0.0,0.0,VDE
482,2022-12-01,113.91975619847182,114.46041691170728,112.28891564599883,112.49276733398438,597900,0.0,0.0,0.0,VDE
483,2022-12-02,111.73937851022717,113.10432453721816,111.33166841314879,111.92550659179688,576500,0.0,0.0,0.0,VDE
484,2022-12-05,113.04230010200332,113.45001026493523,107.52047240829475,108.30044555664062,1155100,0.0,0.0,0.0,VDE
485,2022-12-06,107.4850081720018,109.00063520838386,104.76398111320299,105.39328002929688,820600,0.0,0.0,0.0,VDE
486,2022-12-07,105.25146609127299,106.81140550316375,104.2321873830123,105.10079193115234,893100,0.0,0.0,0.0,VDE
487,2022-12-08,107.272281351673,107.78635323660164,103.92196245014891,104.4803466796875,569300,0.0,0.0,0.0,VDE
488,2022-12-09,104.28536057412963,105.36667510419807,102.06067529730157,102.16703033447266,560700,0.0,0.0,0.0,VDE
489,2022-12-12,102.63679509706515,105.10078609500367,102.37089396631994,104.80829620361328,543500,0.0,0.0,0.0,VDE
490,2022-12-13,107.14821158886598,107.80409253917455,106.02257779189797,106.78482055664062,692400,0.0,0.0,0.0,VDE
491,2022-12-14,107.4850022380964,107.96362020808667,105.23373488753904,106.16437530517578,469400,0.0,0.0,0.0,VDE
492,2022-12-15,104.9101581706468,105.82460709073189,103.76262032885498,105.62737274169922,399600,1.361,0.0,0.0,VDE
493,2022-12-16,103.58331310773033,104.5963722940224,102.82127695238748,104.25569915771484,353800,0.0,0.0,0.0,VDE
494,2022-12-19,104.91912760521404,105.58254665252036,103.26057656701563,104.04950714111328,375800,0.0,0.0,0.0,VDE
495,2022-12-20,104.13018466833378,106.21906557886243,103.92398327602045,105.6363296508789,635600,0.0,0.0,0.0,VDE
496,2022-12-21,107.44730236888765,108.1196884999068,106.15632564843936,107.75212097167969,580400,0.0,0.0,0.0,VDE
497,2022-12-22,107.6355695073683,107.82383680299446,102.96472801150371,105.06257629394531,564800,0.0,0.0,0.0,VDE
498,2022-12-23,105.92323027703084,108.52312469482422,105.92323027703084,108.52312469482422,551000,0.0,0.0,0.0,VDE
499,2022-12-27,109.10583868982691,109.92167036817513,108.52310959370904,109.61685180664062,519000,0.0,0.0,0.0,VDE
500,2022-12-28,109.35686579532081,109.36582601759224,106.4342259667169,106.81076049804688,496200,0.0,0.0,0.0,VDE
501,2022-12-29,106.19217305133544,108.46932141538387,106.19217305133544,108.04795837402344,442800,0.0,0.0,0.0,VDE
502,2022-12-30,107.37557741263254,108.88172258986955,107.37557741263254,108.72931671142578,466000,0.0,0.0,0.0,VDE
503,2023-01-03,107.91347718872926,108.40655617112374,103.22470228570255,104.41706848144531,1032400,0.0,0.0,0.0,VDE
504,2023-01-04,102.70471786810955,105.14323885210614,102.61506776955228,104.60533142089844,555300,0.0,0.0,0.0,VDE
505,2023-01-05,104.45293918196097,106.86455929480171,104.21984342344311,106.35354614257812,439500,0.0,0.0,0.0,VDE
506,2023-01-06,107.581741209469,109.51821583437363,107.40244104339838,108.15550994873047,516800,0.0,0.0,0.0,VDE
507,2023-01-09,110.05615087327746,110.16372826405161,107.7610684987028,107.96726989746094,486900,0.0,0.0,0.0,VDE
508,2023-01-10,108.50518513152039,108.98930394422344,107.11559129567128,108.8637924194336,268400,0.0,0.0,0.0,VDE
509,2023-01-11,109.82306958001638,110.00236981481305,108.06590128751998,109.2403335571289,831000,0.0,0.0,0.0,VDE
510,2023-01-12,109.8230460801915,112.19881130214397,109.80511879649411,111.43677520751953,643500,0.0,0.0,0.0,VDE
511,2023-01-13,111.40092325718834,111.99261942752888,110.14580125603631,111.67884063720703,401400,0.0,0.0,0.0,VDE
512,2023-01-17,112.07331149336245,113.0236149453776,111.4098856496304,111.7953872680664,445900,0.0,0.0,0.0,VDE
513,2023-01-18,112.43192851930928,113.69601087744257,109.63479977726026,109.69755554199219,470700,0.0,0.0,0.0,VDE
514,2023-01-19,109.1417160859116,111.44575898023845,108.80104290475728,110.93474578857422,321900,0.0,0.0,0.0,VDE
515,2023-01-20,111.28436629745038,112.58431670525772,110.33406291232964,112.36914825439453,234800,0.0,0.0,0.0,VDE
516,2023-01-23,112.87121504144406,113.65117854237295,112.12710611354616,112.4498519897461,305900,0.0,0.0,0.0,VDE
517,2023-01-24,112.27054519149846,112.27054519149846,110.37889852114445,112.07331085205078,393400,0.0,0.0,0.0,VDE
518,2023-01-25,111.3022989284048,112.02847363069898,109.73339823786306,112.00157928466797,468900,0.0,0.0,0.0,VDE
519,2023-01-26,113.74083754732351,115.45317729486011,112.41399260568096,115.38145446777344,401200,0.0,0.0,0.0,VDE
520,2023-01-27,115.16628029249951,115.56073525552364,113.16704957293497,113.30152130126953,387900,0.0,0.0,0.0,VDE
521,2023-01-30,112.35122983704984,112.60225287633713,110.65681748199583,110.74646759033203,568900,0.0,0.0,0.0,VDE
522,2023-01-31,110.43269181810777,112.06434845806255,109.37480409506905,111.9567642211914,362700,0.0,0.0,0.0,VDE
523,2023-02-01,111.48160780450253,111.86710942063162,108.24518900952376,109.90373992919922,709000,0.0,0.0,0.0,VDE
524,2023-02-02,109.6168450677421,109.6168450677421,106.1652649758512,107.32176971435547,1257000,0.0,0.0,0.0,VDE
525,2023-02-03,107.75209790111859,109.61684317359088,106.9721276937825,107.0797119140625,490100,0.0,0.0,0.0,VDE
526,2023-02-06,107.15141275045136,107.87759416499186,105.31356208271603,106.50592803955078,335000,0.0,0.0,0.0,VDE
527,2023-02-07,107.2590245485224,110.02029163053454,106.59560554617512,109.80513000488281,431600,0.0,0.0,0.0,VDE
528,2023-02-08,109.73341065203981,110.44165815039234,108.25415989420807,108.94447326660156,274300,0.0,0.0,0.0,VDE
529,2023-02-09,109.06998751157904,109.25825478785244,107.8417598446168,107.91348266601562,322700,0.0,0.0,0.0,VDE
530,2023-02-10,109.5989360555897,112.36916354882881,109.58100876884319,112.17193603515625,398100,0.0,0.0,0.0,VDE
531,2023-02-13,111.50849487939081,112.22570936861996,110.39681857696348,111.72366333007812,418500,0.0,0.0,0.0,VDE
532,2023-02-14,111.02437940332865,112.64707569415307,110.59405616897655,111.91193389892578,203300,0.0,0.0,0.0,VDE
533,2023-02-15,110.70164482815038,110.70164482815038,108.72930826552613,110.25338745117188,314000,0.0,0.0,0.0,VDE
534,2023-02-16,109.76030836114742,110.67475045696739,109.05206084111369,109.1596450805664,204800,0.0,0.0,0.0,VDE
535,2023-02-17,107.58176035479383,107.59072741665202,104.71291614794498,105.15220642089844,383300,0.0,0.0,0.0,VDE
536,2023-02-21,104.70395909382877,105.71701830498152,104.3005233500189,104.47086334228516,292200,0.0,0.0,0.0,VDE
537,2023-02-22,104.20192458706569,105.02671661194658,102.76749534743654,103.73573303222656,409300,0.0,0.0,0.0,VDE
538,2023-02-23,105.23289640193515,105.99493939329045,104.26466569314898,105.40323638916016,264000,0.0,0.0,0.0,VDE
539,2023-02-24,104.63221993881974,105.815618957511,103.48468232552685,105.67218017578125,248200,0.0,0.0,0.0,VDE
540,2023-02-27,105.8066654037022,106.45215710355023,105.05359631378921,106.07562255859375,255600,0.0,0.0,0.0,VDE
541,2023-02-28,106.95422457531734,106.95422457531734,104.53363037109375,104.53363037109375,255400,0.0,0.0,0.0,VDE
542,2023-03-01,104.59637234515453,107.09764927310341,104.26466627118005,106.62249755859375,331700,0.0,0.0,0.0,VDE
543,2023-03-02,106.3625058344029,108.03002376080447,105.95010988398356,107.69831085205078,310200,0.0,0.0,0.0,VDE
544,2023-03-03,106.49699039482115,109.65271937703591,106.21907300475857,109.2492904663086,249200,0.0,0.0,0.0,VDE
545,2023-03-06,108.46035627799903,109.08791386018774,107.93140902455598,108.96240234375,339500,0.0,0.0,0.0,VDE
546,2023-03-07,108.29897680973384,108.4872440730188,106.74800339334215,107.1155776977539,314600,0.0,0.0,0.0,VDE
547,2023-03-08,106.57766309519175,107.85071914385624,104.9101452369576,105.96803283691406,247600,0.0,0.0,0.0,VDE
548,2023-03-09,106.53286041301611,107.85073832632943,104.14812764799858,104.26467895507812,358900,0.0,0.0,0.0,VDE
549,2023-03-10,103.97777229438293,105.60942868657915,102.20267027480666,102.7405776977539,412600,0.0,0.0,0.0,VDE
550,2023-03-13,100.22138833134908,102.52543104820222,98.44628605290323,100.49930572509766,744800,0.0,0.0,0.0,VDE
551,2023-03-14,100.70550613715233,103.77158502059943,99.60278995633455,101.3240966796875,594300,0.0,0.0,0.0,VDE
552,2023-03-15,97.82768236982272,98.0787053807789,94.34920110410417,95.90914154052734,1082100,0.0,0.0,0.0,VDE
553,2023-03-16,93.8561417066004,97.15531662367255,93.38995015491476,96.91325378417969,1625600,0.0,0.0,0.0,VDE
554,2023-03-17,96.29466863988128,97.07463222494387,94.45681035993225,95.22781372070312,1208000,0.0,0.0,0.0,VDE
555,2023-03-20,95.28158102499755,97.92630348845849,95.28158102499755,97.2897720336914,833600,0.0,0.0,0.0,VDE
556,2023-03-21,99.29798212224426,100.9655002135394,99.10074776996083,100.61585998535156,615900,0.0,0.0,0.0,VDE
557,2023-03-22,100.80411774222131,101.09996240280583,98.38352388381705,98.42835235595703,583800,0.0,0.0,0.0,VDE
558,2023-03-23,98.94833817235205,99.87174729616068,96.09742091445192,97.03875732421875,409500,0.0,0.0,0.0,VDE
559,2023-03-24,95.05690460961567,97.68128737818495,94.7582664498465,97.32835388183594,603900,1.01,0.0,0.0,VDE
560,2023-03-27,98.48669592026882,100.07941889095457,97.64508372031874,99.51834869384766,413800,0.0,0.0,0.0,VDE
561,2023-03-28,99.18350469522194,101.56355127619415,99.18350469522194,101.0386734008789,358700,0.0,0.0,0.0,VDE
562,2023-03-29,102.3146705467982,102.61330869780915,101.51830904839214,102.49566650390625,1232100,0.0,0.0,0.0,VDE
563,2023-03-30,103.26487346809947,103.41871484319411,102.18797003385833,102.76714324951172,666500,0.0,0.0,0.0,VDE
564,2023-03-31,103.02957766332062,103.66305308679807,102.74904259114989,103.37346649169922,478800,0.0,0.0,0.0,VDE
565,2023-04-03,107.98877715259769,108.91183244878751,107.32815393443869,108.30551147460938,645100,0.0,0.0,0.0,VDE
566,2023-04-04,108.52270064416844,108.58604750909993,105.20150218907843,106.18790435791016,764900,0.0,0.0,0.0,VDE
567,2023-04-05,106.45937664429896,107.65392225302679,105.50916692868597,107.63582611083984,479100,0.0,0.0,0.0,VDE
568,2023-04-06,107.49103150371565,107.49103150371565,105.83495483680763,106.04309844970703,340500,0.0,0.0,0.0,VDE
569,2023-04-10,106.13358471269126,108.02495251129731,106.13358471269126,106.84850311279297,322300,0.0,0.0,0.0,VDE
570,2023-04-11,107.16524663128762,108.47744136681908,106.78516549587415,107.81681823730469,622800,0.0,0.0,0.0,VDE
571,2023-04-12,108.59507278788061,108.80321638194445,107.58151628964977,107.82585906982422,792000,0.0,0.0,0.0,VDE
572,2023-04-13,107.78966987036603,108.8303741285283,107.50913478237833,108.49553680419922,522900,0.0,0.0,0.0,VDE
573,2023-04-14,108.61316908689012,109.30999133802838,108.00684825330454,108.58602142333984,590800,0.0,0.0,0.0,VDE
574,2023-04-17,108.37789914616566,108.67653038922175,106.94806217186421,107.319091796875,330400,0.0,0.0,0.0,VDE
575,2023-04-18,107.03855516748759,107.87111583519938,106.4684334523938,107.5996322631836,295500,0.0,0.0,0.0,VDE
576,2023-04-19,106.52272725647437,107.32814024584933,105.98880473950672,107.20144653320312,400800,0.0,0.0,0.0,VDE
577,2023-04-20,105.88020556445066,106.187888317844,105.03859339789499,106.16979217529297,406200,0.0,0.0,0.0,VDE
578,2023-04-21,106.631315426045,106.631315426045,105.08383644003861,105.53631591796875,246900,0.0,0.0,0.0,VDE
579,2023-04-24,105.18339322763771,107.70822289676006,105.18339322763771,107.21955108642578,348500,0.0,0.0,0.0,VDE
580,2023-04-25,106.24218578735733,106.3417318276452,104.47751163121764,104.95714569091797,351300,0.0,0.0,0.0,VDE
581,2023-04-26,104.53182139383635,105.30103520249916,103.02958606259567,103.58161163330078,371900,0.0,0.0,0.0,VDE
582,2023-04-27,103.61781009789189,104.39607542476944,102.74905024785663,104.13363647460938,276800,0.0,0.0,0.0,VDE
583,2023-04-28,103.81687984598608,106.45935801744889,103.53634481329233,105.82588958740234,384500,0.0,0.0,0.0,VDE
584,2023-05-01,104.49560628301494,105.77159475393881,104.07932601356445,104.64039611816406,274400,0.0,0.0,0.0,VDE
585,2023-05-02,103.5092145994465,103.5182661232303,99.16541526232145,100.15181732177734,610800,0.0,0.0,0.0,VDE
586,2023-05-03,98.86677315077534,99.73553298335668,98.1699577417419,98.19710540771484,532500,0.0,0.0,0.0,VDE
587,2023-05-04,98.13376310036556,99.20161507195739,96.85776750618568,97.21070098876953,880700,0.0,0.0,0.0,VDE
588,2023-05-05,99.56359176086069,100.70384209841029,99.49120028403519,99.94367980957031,396000,0.0,0.0,0.0,VDE
589,2023-05-08,101.32825832829228,101.91648304750272,99.97987137819258,100.00701904296875,384900,0.0,0.0,0.0,VDE
590,2023-05-09,99.32829074609015,100.97531566707111,99.1110956391142,100.05225372314453,348500,0.0,0.0,0.0,VDE
591,2023-05-10,100.52284218330914,100.66763202559787,98.26044480020057,99.08395385742188,530600,0.0,0.0,0.0,VDE
592,2023-05-11,97.75367124501558,98.30569680488115,97.11115116313537,97.77177429199219,680700,0.0,0.0,0.0,VDE
593,2023-05-12,98.27853615109201,98.83961316029895,97.27403120961021,97.99800109863281,806000,0.0,0.0,0.0,VDE
594,2023-05-15,98.38714830658982,99.26495968340498,97.85321888073449,98.6767349243164,467400,0.0,0.0,0.0,VDE
595,2023-05-16,98.35999578201157,98.56813248531893,96.12474595044685,96.15189361572266,395000,0.0,0.0,0.0,VDE
596,2023-05-17,97.10211335899892,98.60434186188549,96.54103623626614,98.07041931152344,476000,0.0,0.0,0.0,VDE
597,2023-05-18,97.6360329141681,99.02061917813279,96.857767566374,98.83963012695312,420300,0.0,0.0,0.0,VDE
598,2023-05-19,99.78982919868297,100.37805394903184,99.10206530698193,99.52739715576172,427200,0.0,0.0,0.0,VDE
599,2023-05-22,99.2016052968251,100.47759386098183,99.2016052968251,99.50023651123047,306200,0.0,0.0,0.0,VDE
600,2023-05-23,100.07941513653967,101.65404880917468,100.07941513653967,100.45950317382812,548600,0.0,0.0,0.0,VDE
601,2023-05-24,101.0386695801577,101.65404195104958,100.06131224327844,100.85767364501953,381300,0.0,0.0,0.0,VDE
602,2023-05-25,99.52739944376845,99.52739944376845,98.06136329594442,98.9482192993164,382700,0.0,0.0,0.0,VDE
603,2023-05-26,99.4640579470561,99.78079225104524,98.0432655326234,98.53194427490234,369300,0.0,0.0,0.0,VDE
604,2023-05-30,97.13829348240245,97.62697215952986,96.53197262356049,97.55458068847656,482300,0.0,0.0,0.0,VDE
605,2023-05-31,96.08854900279344,96.58627922542126,95.53652344834784,95.80801391601562,455400,0.0,0.0,0.0,VDE
606,2023-06-01,95.9709039485112,98.1609030540659,95.48222526388268,97.14734649658203,598500,0.0,0.0,0.0,VDE
607,2023-06-02,98.76723634001893,100.6767006072502,98.40525131652811,100.17897033691406,611500,0.0,0.0,0.0,VDE
608,2023-06-05,101.70834482077733,101.70834482077733,99.31020201062174,99.46405029296875,354900,0.0,0.0,0.0,VDE
609,2023-06-06,98.25140692565185,100.39616242831255,98.04326329960536,100.2513656616211,445600,0.0,0.0,0.0,VDE
610,2023-06-07,100.74004895324748,103.19248733971402,100.74004895324748,103.09294128417969,441400,0.0,0.0,0.0,VDE
611,2023-06-08,103.18343043973665,103.46397244721346,100.97533499708659,102.68570709228516,487400,0.0,0.0,0.0,VDE
612,2023-06-09,102.56804877261274,103.11102969089147,101.79883501077012,102.03412628173828,370000,0.0,0.0,0.0,VDE
613,2023-06-12,100.53188176509912,101.96171849661815,100.22419905046995,100.87577056884766,442700,0.0,0.0,0.0,VDE
614,2023-06-13,101.9074417150006,103.427773233098,101.38256379587762,101.43685913085938,449900,0.0,0.0,0.0,VDE
615,2023-06-14,102.35085876838491,102.83048592080829,99.71743173939068,100.4323501586914,515900,0.0,0.0,0.0,VDE
616,2023-06-15,100.6314506423893,102.40517658032329,100.6314506423893,101.63595581054688,419000,0.0,0.0,0.0,VDE
617,2023-06-16,102.09747922169952,102.30562284002046,101.21966784301091,101.57260131835938,427700,0.0,0.0,0.0,VDE
618,2023-06-20,100.85768269489729,100.86673421853862,98.62243965575819,99.37355041503906,678700,0.0,0.0,0.0,VDE
619,2023-06-21,99.02964891994564,101.07485788901339,98.96630207553723,100.29659271240234,363900,0.0,0.0,0.0,VDE
620,2023-06-22,99.21064904533993,99.38259345840545,98.50478215591791,98.9753646850586,410400,0.0,0.0,0.0,VDE
621,2023-06-23,97.77178343110312,98.36905285566037,97.40074688058458,98.10662078857422,482200,0.0,0.0,0.0,VDE
622,2023-06-26,98.0070770037579,100.39616856590212,98.0070770037579,99.72649383544922,416400,0.0,0.0,0.0,VDE
623,2023-06-27,99.59976591800985,100.48662860304204,99.0658435261335,100.09749603271484,386000,0.0,0.0,0.0,VDE
624,2023-06-28,100.05226753551284,101.16537017349253,99.08396165550653,101.02962493896484,408400,0.0,0.0,0.0,VDE
625,2023-06-29,101.42310285511029,102.37260437011719,101.06704065766962,102.37260437011719,341000,0.981,0.0,0.0,VDE
626,2023-06-30,103.01172113275116,103.60516059772573,102.29959656098056,103.06649780273438,407100,0.0,0.0,0.0,VDE
627,2023-07-03,103.25820823962272,104.08902476401383,103.01170629470775,103.39515686035156,242500,0.0,0.0,0.0,VDE
628,2023-07-05,104.05250283207492,104.05250283207492,102.3087048209119,102.874755859375,997900,0.0,0.0,0.0,VDE
629,2023-07-06,101.7609190661726,102.39087854196794,99.64280222499418,100.50100708007812,513500,0.0,0.0,0.0,VDE
630,2023-07-07,100.02626238080661,103.66906399867487,99.96235394709824,102.80172729492188,374900,0.0,0.0,0.0,VDE
631,2023-07-10,102.53696613764744,103.68732495862972,102.46393289995588,103.53211975097656,289900,0.0,0.0,0.0,VDE
632,2023-07-11,104.02511994412725,106.01541999999012,103.9338162168107,105.87847137451172,825600,0.0,0.0,0.0,VDE
633,2023-07-12,106.7549273931026,107.39401165881675,106.14323145799105,106.7275390625,536100,0.0,0.0,0.0,VDE
634,2023-07-13,106.70015374702108,107.48531841879762,105.50414320810772,106.30757141113281,473000,0.0,0.0,0.0,VDE
635,2023-07-14,105.81456542894476,105.81456542894476,103.31299787576165,103.52297973632812,1897800,0.0,0.0,0.0,VDE
636,2023-07-17,103.17604924706806,103.92469385636358,102.87476365704147,103.52297973632812,1770800,0.0,0.0,0.0,VDE
637,2023-07-18,103.37690029346925,105.778039176965,103.22168814171394,104.84679412841797,689400,0.0,0.0,0.0,VDE
638,2023-07-19,104.86505708586182,106.0610606383108,104.65506827316275,105.31241607666016,1335300,0.0,0.0,0.0,VDE
639,2023-07-20,106.20713605437318,106.71840344850645,105.62282847093633,106.49015808105469,500000,0.0,0.0,0.0,VDE
640,2023-07-21,106.87361088864215,107.37575349386223,106.38060004865223,107.3392333984375,396700,0.0,0.0,0.0,VDE
641,2023-07-24,107.8231181121767,109.84080647281722,107.8231181121767,109.06477355957031,517100,0.0,0.0,0.0,VDE
642,2023-07-25,108.78174413806356,110.25164487003586,108.38003006010963,109.71298217773438,483900,0.0,0.0,0.0,VDE
643,2023-07-26,108.69045437205531,110.10557156997783,108.58089408043377,109.69473266601562,686200,0.0,0.0,0.0,VDE
644,2023-07-27,110.30643715615629,110.71727609190465,108.63567914851882,108.90957641601562,1179400,0.0,0.0,0.0,VDE
645,2023-07-28,109.01912389073306,109.539523065358,107.8961535847024,109.43909454345703,282500,0.0,0.0,0.0,VDE
646,2023-07-31,110.461625655076,111.8402296195001,110.26076861801472,111.61198425292969,398000,0.0,0.0,0.0,VDE
647,2023-08-01,111.00030117216507,111.30158676258097,109.85907420740476,111.0733413696289,410300,0.0,0.0,0.0,VDE
648,2023-08-02,110.31555026299031,110.77204098793972,108.64479253795656,109.6490707397461,347900,0.0,0.0,0.0,VDE
649,2023-08-03,109.84993983663344,111.84937166044274,109.3295406316621,110.86334991455078,419200,0.0,0.0,0.0,VDE
650,2023-08-04,111.52983613300725,112.72583980577006,110.97291679710315,111.00942993164062,327800,0.0,0.0,0.0,VDE
651,2023-08-07,111.4933103916415,111.89501754069991,110.86335088754339,111.21028137207031,270800,0.0,0.0,0.0,VDE
652,2023-08-08,109.7677685340833,111.87675356482683,108.62654166195006,111.849365234375,352600,0.0,0.0,0.0,VDE
653,2023-08-09,112.80799046669695,114.38745150629249,112.29672306220174,113.27361297607422,517500,0.0,0.0,0.0,VDE
654,2023-08-10,113.4105779203327,114.52441661091221,112.34239109693968,113.12755584716797,426100,0.0,0.0,0.0,VDE
655,2023-08-11,113.09102825077544,114.92611616969259,113.01798805431699,114.74352264404297,513600,0.0,0.0,0.0,VDE
656,2023-08-14,114.41485333385494,114.67961883255862,113.40144320503966,114.20486450195312,540200,0.0,0.0,0.0,VDE
657,2023-08-15,113.31013360952065,113.47447055681675,111.69415246685966,111.8402328491211,436800,0.0,0.0,0.0,VDE
658,2023-08-16,111.93153319939076,113.2279652888571,110.93638668389083,110.95464324951172,383200,0.0,0.0,0.0,VDE
659,2023-08-17,112.39715155307071,113.77575555038956,112.29672303214376,112.30585479736328,417800,0.0,0.0,0.0,VDE
660,2023-08-18,111.58460000034711,113.50185975648961,111.37461119061189,113.46533966064453,376400,0.0,0.0,0.0,VDE
661,2023-08-21,113.9309607469549,114.42397158643644,112.07760944041074,112.78973388671875,571000,0.0,0.0,0.0,VDE
662,2023-08-22,113.07275547629497,113.38317280312148,111.94066038571297,111.97718048095703,313100,0.0,0.0,0.0,VDE
663,2023-08-23,110.92724118764697,111.8128342688095,109.95035135868832,111.62110900878906,267300,0.0,0.0,0.0,VDE
664,2023-08-24,110.69901638159824,112.02283688408674,110.59858785073398,110.77205657958984,325900,0.0,0.0,0.0,VDE
665,2023-08-25,111.49331299194297,112.41541937204583,110.52554778117148,111.9041519165039,336500,0.0,0.0,0.0,VDE
666,2023-08-28,112.22367862221884,113.47446572142351,112.05021688254499,112.70755767822266,276000,0.0,0.0,0.0,VDE
667,2023-08-29,112.96320763474122,113.20970958272395,111.86762562077193,113.05450439453125,396000,0.0,0.0,0.0,VDE
668,2023-08-30,113.36491258432028,113.94922019430186,113.19145083371386,113.64794158935547,285900,0.0,0.0,0.0,VDE
669,2023-08-31,114.15008323798891,114.15008323798891,113.06363295352786,113.7848892211914,313000,0.0,0.0,0.0,VDE
670,2023-09-01,115.0356815887373,116.35037732156758,115.0356815887373,116.14038848876953,533100,0.0,0.0,0.0,VDE
671,2023-09-05,116.86164474435107,117.84766654360077,116.56949091111007,116.624267578125,388200,0.0,0.0,0.0,VDE
672,2023-09-06,116.52382322336072,117.28160648532435,115.77517869198785,116.60599517822266,413400,0.0,0.0,0.0,VDE
673,2023-09-07,116.67904982318424,117.40943788034998,116.18603892942187,116.43254089355469,320200,0.0,0.0,0.0,VDE
674,2023-09-08,116.99856663844264,118.34065047746297,116.94378998068528,117.63766479492188,416900,0.0,0.0,0.0,VDE
675,2023-09-11,118.19459977899888,118.69672849599293,115.55607664243479,116.04908752441406,1879700,0.0,0.0,0.0,VDE
676,2023-09-12,117.10814743290514,118.92497180333407,117.08075910085799,118.7332534790039,464500,0.0,0.0,0.0,VDE
677,2023-09-13,118.93411052637542,119.15321718273745,117.19031242086541,117.77462005615234,403800,0.0,0.0,0.0,VDE
678,2023-09-14,118.96150408054193,119.66450380621355,118.76064701606433,119.16236114501953,544500,0.0,0.0,0.0,VDE
679,2023-09-15,118.45935904561833,119.28103688856636,117.5555022735809,117.6741943359375,464700,0.0,0.0,0.0,VDE
680,2023-09-18,118.63282980264798,119.03454393042503,117.64680801564798,118.34980773925781,506600,0.0,0.0,0.0,VDE
681,2023-09-19,119.36321949267811,119.39973262706951,116.6151429241859,117.2724838256836,361300,0.0,0.0,0.0,VDE
682,2023-09-20,116.66990014811114,118.0393653554645,116.11298090724621,116.21340942382812,792200,0.0,0.0,0.0,VDE
683,2023-09-21,116.77033235861383,117.12638761208272,114.41483847508069,114.53352355957031,684900,0.0,0.0,0.0,VDE
684,2023-09-22,115.35522043949433,116.2682020131595,114.74352445685786,114.78004455566406,378900,0.0,0.0,0.0,VDE
685,2023-09-25,114.78918399475619,116.53297529496113,114.69788025888923,116.38690185546875,1125500,0.0,0.0,0.0,VDE
686,2023-09-26,115.62911001586774,116.39601114335832,115.21826415571536,115.74779510498047,509800,0.0,0.0,0.0,VDE
687,2023-09-27,117.1811788750662,119.14408349044304,116.7338129333933,118.71498107910156,1021400,0.0,0.0,0.0,VDE
688,2023-09-28,118.41718766934152,119.54769407995474,118.00359426212908,118.83998107910156,398400,0.866,0.0,0.0,VDE
689,2023-09-29,118.83078351495574,118.83078351495574,116.11024733992421,116.48707580566406,522500,0.0,0.0,0.0,VDE
690,2023-10-02,116.3951615856255,116.59736529500793,113.2242601785193,114.10659790039062,563300,0.0,0.0,0.0,VDE
691,2023-10-03,113.72058033993991,114.18931766891465,112.84742856621217,113.98711395263672,515500,0.0,0.0,0.0,VDE
692,2023-10-04,112.33273232740414,112.42464119431955,109.235353725756,110.12688446044922,996500,0.0,0.0,0.0,VDE
693,2023-10-05,108.82177135804257,110.63240496996497,108.80338537547607,109.70410919189453,481500,0.0,0.0,0.0,VDE
694,2023-10-06,109.5386732538327,111.376878875134,108.42655969440916,110.35667419433594,551700,0.0,0.0,0.0,VDE
695,2023-10-09,113.55515015220267,114.64887768130458,112.70038429475798,114.2904281616211,513300,0.0,0.0,0.0,VDE
696,2023-10-10,114.52939727562455,115.10842949908853,113.75734729880824,114.29962158203125,336300,0.0,0.0,0.0,VDE
697,2023-10-11,112.70956563339404,113.13235204914784,111.5790731985343,113.02206420898438,397800,0.0,0.0,0.0,VDE
698,2023-10-12,114.23527362052948,114.23527362052948,112.5257420645496,113.08639526367188,295200,0.0,0.0,0.0,VDE
699,2023-10-13,114.89704550082448,116.1470258971005,114.34558521121987,115.60475158691406,312400,0.0,0.0,0.0,VDE
700,2023-10-16,116.18378448486328,116.51465503073695,115.09004994500543,116.18378448486328,450100,0.0,0.0,0.0,VDE
701,2023-10-17,115.87128964254279,117.80140411888775,115.87128964254279,117.43376159667969,1075400,0.0,0.0,0.0,VDE
702,2023-10-18,117.84735761314576,118.93189214379458,117.70949780819726,118.36205291748047,1196200,0.0,0.0,0.0,VDE
703,2023-10-19,117.9208844672001,119.15247877420201,116.88229388213402,118.27013397216797,665700,0.0,0.0,0.0,VDE
704,2023-10-20,118.09552061035741,118.37124022334537,115.8529075954195,116.21135711669922,988600,0.0,0.0,0.0,VDE
705,2023-10-23,115.31981194179431,115.54958760693309,113.8492490873456,114.33637237548828,476600,0.0,0.0,0.0,VDE
706,2023-10-24,114.72240037889247,114.72240037889247,112.90257392142529,112.9301528930664,449800,0.0,0.0,0.0,VDE
707,2023-10-25,112.8933871826203,113.47241936363359,112.08457231266212,112.64522552490234,483500,0.0,0.0,0.0,VDE
708,2023-10-26,111.66179376936647,112.29597692573675,110.61401717061415,111.81804656982422,441600,0.0,0.0,0.0,VDE
709,2023-10-27,111.80884220575987,112.19486364767761,109.12506406833617,109.5110855102539,2760100,0.0,0.0,0.0,VDE
710,2023-10-30,109.81439953154646,110.6507793867607,108.75742996779874,109.8235855102539,566000,0.0,0.0,0.0,VDE
711,2023-10-31,109.97064959754137,110.43939398117823,108.83096410786918,110.23719024658203,583800,0.0,0.0,0.0,VDE
712,2023-11-01,110.87136719799202,111.51474335926635,109.83278356814057,109.99822235107422,445600,0.0,0.0,0.0,VDE
713,2023-11-02,110.26474213092986,113.47240830222631,109.68570299416474,113.32535552978516,547700,0.0,0.0,0.0,VDE
714,2023-11-03,113.24264987888,113.55514846268655,111.59745510194502,112.30516815185547,357400,0.0,0.0,0.0,VDE
715,2023-11-06,112.8382366554314,112.87500160530618,110.36585513307838,110.7334976196289,919700,0.0,0.0,0.0,VDE
716,2023-11-07,109.08829598974626,109.31807165270405,107.69125603213267,108.0497055053711,586200,0.0,0.0,0.0,VDE
717,2023-11-08,107.5809699222801,108.3346338283473,106.70781818175797,106.74458312988281,620400,0.0,0.0,0.0,VDE
718,2023-11-09,107.35121809279586,107.82914850014873,106.43211522218013,106.5056381225586,674900,0.0,0.0,0.0,VDE
719,2023-11-10,107.54419732728815,107.87507482468804,106.59752277002592,107.56257629394531,453900,0.0,0.0,0.0,VDE
720,2023-11-13,107.76479538586968,108.6011822383013,107.42472485045285,108.37140655517578,486500,0.0,0.0,0.0,VDE
721,2023-11-14,108.91367319077702,109.73167405714125,108.61036760782471,109.4467544555664,552100,0.0,0.0,0.0,VDE
722,2023-11-15,109.207807448751,110.59565480579693,109.01479667918017,109.12509155273438,477200,0.0,0.0,0.0,VDE
723,2023-11-16,108.0680992830638,108.43574177276345,105.79791444728049,106.96517181396484,725100,0.0,0.0,0.0,VDE
724,2023-11-17,107.93942579774676,109.83277515909668,107.7004571268724,109.16182708740234,482400,0.0,0.0,0.0,VDE
725,2023-11-20,109.99821768948267,110.30152328070693,109.28131866455078,109.28131866455078,807600,0.0,0.0,0.0,VDE
726,2023-11-21,108.65633665605206,109.25375489233674,108.06811141139582,109.02397918701172,542800,0.0,0.0,0.0,VDE
727,2023-11-22,106.83649244658736,109.08829819644254,106.20231637228918,108.94123840332031,459300,0.0,0.0,0.0,VDE
728,2023-11-24,108.93206065981718,110.3015288792065,108.93206065981718,109.49271392822266,193500,0.0,0.0,0.0,VDE
729,2023-11-27,108.93203845982795,109.19857905870046,108.0497007940068,108.96880340576172,469700,0.0,0.0,0.0,VDE
730,2023-11-28,109.14344297479835,109.97982977734397,108.82175844004885,108.95962524414062,438000,0.0,0.0,0.0,VDE
731,2023-11-29,109.6949041375407,109.7224760961606,107.90265670527697,108.18757629394531,699600,0.0,0.0,0.0,VDE
732,2023-11-30,109.15264231656637,110.58644033328056,107.67288635841498,108.93205261230469,539500,0.0,0.0,0.0,VDE
733,2023-12-01,108.74823060915494,110.83459064176904,108.38058812865724,109.59380340576172,553100,0.0,0.0,0.0,VDE
734,2023-12-04,108.72065303386583,109.61218372405325,108.19676480518412,108.83094787597656,545200,0.0,0.0,0.0,VDE
735,2023-12-05,108.79418990368542,108.96881464964383,106.80892469159208,106.91002655029297,835200,0.0,0.0,0.0,VDE
736,2023-12-06,106.21151421292667,106.87326933149407,104.75933716073455,104.9891128540039,826200,0.0,0.0,0.0,VDE
737,2023-12-07,105.57733830696263,106.1104125872849,104.11596124811624,104.4560317993164,918300,0.0,0.0,0.0,VDE
738,2023-12-08,105.191306176975,106.00012107897125,104.99829544232522,105.69681549072266,1291800,0.0,0.0,0.0,VDE
739,2023-12-11,105.65086694079547,106.06446741941099,105.18212954877517,105.76116180419922,713800,0.0,0.0,0.0,VDE
740,2023-12-12,104.63984243825298,104.80528120702655,103.5644939473234,104.19867706298828,667700,0.0,0.0,0.0,VDE
741,2023-12-13,104.37330396947986,105.73357909778265,103.83103672362364,105.64167022705078,717400,0.0,0.0,0.0,VDE
742,2023-12-14,106.84569009749416,108.97800810540356,106.84569009749416,108.84014129638672,860700,0.0,0.0,0.0,VDE
743,2023-12-15,108.18757629394531,108.55521877067035,107.3787684549078,108.18757629394531,611400,0.0,0.0,0.0,VDE
744,2023-12-18,109.83276945925745,110.77025110065601,109.0974845157393,109.21697235107422,526600,0.0,0.0,0.0,VDE
745,2023-12-19,109.43956039836621,110.57095938881017,109.15206924608671,110.56168365478516,554200,1.06,0.0,0.0,VDE
746,2023-12-20,110.84916143513274,111.52614847426368,109.2633506219106,109.35608673095703,387500,0.0,0.0,0.0,VDE
747,2023-12-21,109.57866006682292,110.00525182161518,108.85530144750233,109.97742462158203,424900,0.0,0.0,0.0,VDE
748,2023-12-22,110.65439872765552,111.1644578723613,110.0794236077427,110.283447265625,397800,0.0,0.0,0.0,VDE
749,2023-12-26,111.2293812128291,111.85072088456974,110.82133387004485,111.34993743896484,523600,0.0,0.0,0.0,VDE
750,2023-12-27,111.2293863693044,111.63742665569383,110.43184311251346,110.7007827758789,588300,0.0,0.0,0.0,VDE
751,2023-12-28,110.24636182014058,110.68222929852794,109.09641854706058,109.13351440429688,518400,0.0,0.0,0.0,VDE
752,2023-12-29,109.38388997154719,109.59718935720933,108.53070657951966,108.7625503540039,582700,0.0,0.0,0.0,VDE
753,2024-01-02,109.39317572691093,110.86770594689807,109.39317572691093,109.84758758544922,551000,0.0,0.0,0.0,VDE
754,2024-01-03,109.88469551850577,111.77654194859788,109.30972737011034,111.2850341796875,482100,0.0,0.0,0.0,VDE
755,2024-01-04,112.15675786478215,112.53697801393419,109.33753643507607,109.51373291015625,813200,0.0,0.0,0.0,VDE
756,2024-01-05,110.27419302096055,110.38547352139607,109.05005091367742,109.6435775756836,315300,0.0,0.0,0.0,VDE
757,2024-01-08,107.68682430433404,108.44727178088857,106.25866546781707,108.3916244506836,853800,0.0,0.0,0.0,VDE
758,2024-01-09,108.49363257906882,108.49363257906882,106.36994232800764,106.71307373046875,431600,0.0,0.0,0.0,VDE
759,2024-01-10,106.83362772807166,106.83362772807166,105.21072101386295,105.62804412841797,637600,0.0,0.0,0.0,VDE
760,2024-01-11,106.1195384249343,106.42557392172284,105.44255145403642,105.73931121826172,603800,0.0,0.0,0.0,VDE
761,2024-01-12,107.51989095273146,107.96502711968004,106.49977249657469,107.13966369628906,596800,0.0,0.0,0.0,VDE
762,2024-01-16,106.74088413036031,107.01909952055108,104.51518223476796,104.60792541503906,669800,0.0,0.0,0.0,VDE
763,2024-01-17,103.46725379772151,104.67284442299672,103.2539543823655,103.7547378540039,569200,0.0,0.0,0.0,VDE
764,2024-01-18,103.88456137825247,103.9402086985648,102.4842299934369,103.65271759033203,730600,0.0,0.0,0.0,VDE
765,2024-01-19,103.75474012271145,103.9865839345407,103.19831638938359,103.91239929199219,505100,0.0,0.0,0.0,VDE
766,2024-01-22,103.81038405663438,104.65429182495508,103.10557691061662,104.3297119140625,660300,0.0,0.0,0.0,VDE
767,2024-01-23,104.13495979810646,105.50747110215916,104.03294796229443,104.64501190185547,517600,0.0,0.0,0.0,VDE
768,2024-01-24,105.22925634665783,106.25864329928898,104.78411317444815,106.15663146972656,713400,0.0,0.0,0.0,VDE
769,2024-01-25,107.0747287475438,108.32668372391927,106.2122696170966,108.28031921386719,528600,0.0,0.0,0.0,VDE
770,2024-01-26,108.23395772594968,109.16133291723565,107.47351035210762,109.12423706054688,638500,0.0,0.0,0.0,VDE
771,2024-01-29,108.9202124607364,109.06859588623047,107.83518519422779,109.06859588623047,657100,0.0,0.0,0.0,VDE
772,2024-01-30,107.92792109878613,110.09798270311893,107.4920607066499,110.08870697021484,1272800,0.0,0.0,0.0,VDE
773,2024-01-31,110.22781603486483,110.22781603486483,107.90937805175781,107.90937805175781,1508200,0.0,0.0,0.0,VDE
774,2024-02-01,108.52143957625363,109.09641473033383,106.87071290120106,107.79808807373047,778400,0.0,0.0,0.0,VDE
775,2024-02-02,108.38234665772977,108.59563900038495,106.91709208299909,107.60334777832031,634000,0.0,0.0,0.0,VDE
776,2024-02-05,107.11184610032667,107.90011368253941,106.13809921474437,107.20458221435547,663600,0.0,0.0,0.0,VDE
777,2024-02-06,107.61261481422252,108.71619352281162,107.24166333378567,107.788818359375,522000,0.0,0.0,0.0,VDE
778,2024-02-07,108.02992918530079,108.4843481027844,107.08400964593767,107.97428894042969,397400,0.0,0.0,0.0,VDE
779,2024-02-08,107.90937941674427,109.48591443507473,107.89082795047047,109.13351440429688,556200,0.0,0.0,0.0,VDE
780,2024-02-09,109.13351563186636,109.71775947045937,107.47351314725414,107.58480072021484,431500,0.0,0.0,0.0,VDE
781,2024-02-12,107.81664586296056,109.16133711187189,107.81664586296056,108.8089370727539,571800,0.0,0.0,0.0,VDE
782,2024-02-13,108.81819760221227,109.11496444495799,106.93562716423752,107.64043426513672,720400,0.0,0.0,0.0,VDE
783,2024-02-14,108.37306837019686,108.76256426306644,106.98200554539575,107.5384292602539,792300,0.0,0.0,0.0,VDE
784,2024-02-15,107.54770809496797,110.95117353972245,107.54770809496797,110.57095336914062,721800,0.0,0.0,0.0,VDE
785,2024-02-16,110.79352075893613,111.48905218707846,110.23709703148457,110.61731719970703,543900,0.0,0.0,0.0,VDE
786,2024-02-20,110.5709513228667,110.7193276798832,109.41173229022256,109.58792877197266,515900,0.0,0.0,0.0,VDE
787,2024-02-21,109.94033604597551,111.94346285813566,109.94033604597551,111.77653503417969,418500,0.0,0.0,0.0,VDE
788,2024-02-22,110.91407657601894,112.35151101890423,110.60804105071126,111.87854766845703,433900,0.0,0.0,0.0,VDE
789,2024-02-23,110.88625147007114,111.51686688390318,110.079432505587,111.16446685791016,445000,0.0,0.0,0.0,VDE
790,2024-02-26,111.13663536268416,112.21239394041092,110.46893119324208,111.52613830566406,288400,0.0,0.0,0.0,VDE
791,2024-02-27,111.64670664090033,112.04547828448243,110.6358710067688,111.11810302734375,370800,0.0,0.0,0.0,VDE
792,2024-02-28,111.2572125101781,112.09185167001263,110.4318490841506,110.88626098632812,572000,0.0,0.0,0.0,VDE
793,2024-02-29,111.29430642721726,111.85073016562278,110.95117503546653,111.35922241210938,365500,0.0,0.0,0.0,VDE
794,2024-03-01,112.21240214257575,113.38089690630467,112.17530628456564,112.843017578125,419000,0.0,0.0,0.0,VDE
795,2024-03-04,112.89865660505426,113.20469212384056,111.51686951686798,111.572509765625,465700,0.0,0.0,0.0,VDE
796,2024-03-05,111.41486146772897,113.10268413212313,111.31284962466297,112.32369232177734,432400,0.0,0.0,0.0,VDE
797,2024-03-06,113.28816244176433,113.82603470243238,112.44424757924682,112.65754699707031,477200,0.0,0.0,0.0,VDE
798,2024-03-07,112.87084414048812,114.20626680377381,112.80592815409572,113.61274719238281,404800,0.0,0.0,0.0,VDE
799,2024-03-08,113.649825111978,114.13205706686709,113.38088547500324,113.98368072509766,589900,0.0,0.0,0.0,VDE
800,2024-03-11,113.79820792759273,115.18927070295696,113.23250849958637,115.14290618896484,337000,0.0,0.0,0.0,VDE
801,2024-03-12,115.25419969239728,115.41185179332592,114.4102918592466,114.98526000976562,431200,0.0,0.0,0.0,VDE
802,2024-03-13,115.92189770175169,117.41497231017514,115.92189770175169,116.74726104736328,488800,0.0,0.0,0.0,VDE
803,2024-03-14,117.19241654500559,117.94358825683594,116.73799756410723,117.94358825683594,442200,0.0,0.0,0.0,VDE
804,2024-03-15,117.86938726346365,119.08425359449336,117.69319078554145,118.32379913330078,529100,0.0,0.0,0.0,VDE
805,2024-03-18,118.7782104060386,119.03787431488696,117.73027196278655,118.71328735351562,367400,0.0,0.0,0.0,VDE
806,2024-03-19,118.63910744646694,120.13217498183919,118.58346719958544,120.10435485839844,369300,0.0,0.0,0.0,VDE
807,2024-03-20,119.39028190195968,120.45675766418181,119.16770677174192,120.07653045654297,511600,0.0,0.0,0.0,VDE
808,2024-03-21,120.31766624261584,120.93900594248639,119.90961888135809,120.67005920410156,467300,0.0,0.0,0.0,VDE
809,2024-03-22,120.78777647455588,120.99331023316324,120.15250067912115,120.42342376708984,297100,0.956,0.0,0.0,VDE
810,2024-03-25,120.70370137256106,122.31993119148538,120.70370137256106,121.45109558105469,375000,0.0,0.0,0.0,VDE
811,2024-03-26,121.61922889104717,121.8901661900917,120.37670353803658,120.5355224609375,540600,0.0,0.0,0.0,VDE
812,2024-03-27,120.32999948964033,121.7406954052601,120.04972490726783,121.7126693725586,453800,0.0,0.0,0.0,VDE
813,2024-03-28,122.37600475468865,123.23550315590852,121.91822238926689,123.039306640625,475700,0.0,0.0,0.0,VDE
814,2024-04-01,123.37561024605897,124.16036764956966,122.19847414079294,123.85208129882812,658000,0.0,0.0,0.0,VDE
815,2024-04-02,124.4500022438237,125.61780117006298,123.85208976380352,125.49634552001953,528700,0.0,0.0,0.0,VDE
816,2024-04-03,125.91674798455756,126.65480487547255,125.62713613699258,126.4959716796875,616500,0.0,0.0,0.0,VDE
817,2024-04-04,126.682836387577,127.09388964538861,125.87003862095156,126.337158203125,537700,0.0,0.0,0.0,VDE
818,2024-04-05,126.77624065375754,128.14957324556488,126.06622408293244,127.71047973632812,427800,0.0,0.0,0.0,VDE
819,2024-04-08,127.82258943679203,128.1215385101211,126.62675037740743,126.93505096435547,737400,0.0,0.0,0.0,VDE
820,2024-04-09,127.3554841378617,127.75720011833117,126.03820355265009,126.87901306152344,551700,0.0,0.0,0.0,VDE
821,2024-04-10,126.55204762615254,127.74787265531529,126.03821321783447,127.32745361328125,499600,0.0,0.0,0.0,VDE
822,2024-04-11,127.76655265220185,127.76655265220185,125.46833211700364,127.01917266845703,451800,0.0,0.0,0.0,VDE
823,2024-04-12,128.01878838688705,128.8502606523971,124.59013244909356,125.20673370361328,884800,0.0,0.0,0.0,VDE
824,2024-04-15,125.71119913803676,126.31846304887732,123.73995425306431,123.94548797607422,675000,0.0,0.0,0.0,VDE
825,2024-04-16,123.54378517342909,124.05760528020495,121.87148918170014,122.9178466796875,865300,0.0,0.0,0.0,VDE
826,2024-04-17,122.66557748189268,123.81468740353803,121.64726044356179,122.3572769165039,400800,0.0,0.0,0.0,VDE
827,2024-04-18,122.87112110586502,123.23547375702091,121.68463354733937,122.08634948730469,443500,0.0,0.0,0.0,VDE
828,2024-04-19,122.11440904393075,124.30052529585625,122.09572026889863,123.55313110351562,537900,0.0,0.0,0.0,VDE
829,2024-04-22,122.99256987726443,125.15067413880149,121.95556392236999,124.44064331054688,395000,0.0,0.0,0.0,VDE
830,2024-04-23,123.71194541162443,125.02922602247686,123.12337019074185,124.91712188720703,650500,0.0,0.0,0.0,VDE
831,2024-04-24,124.35656949117059,125.23475654241093,123.81470909241892,125.09461212158203,643300,0.0,0.0,0.0,VDE
832,2024-04-25,124.96382560437108,126.07557249180884,123.97353437012316,125.71121978759766,366000,0.0,0.0,0.0,VDE
833,2024-04-26,124.63682990820574,125.16000147363224,123.44100511427204,124.7115707397461,407500,0.0,0.0,0.0,VDE
834,2024-04-29,124.57142956443859,125.84199522285282,124.36589583621303,125.5990982055664,313100,0.0,0.0,0.0,VDE
835,2024-04-30,125.0292176662842,125.21606263103233,121.71266608441606,121.78740692138672,594700,0.0,0.0,0.0,VDE
836,2024-05-01,121.53516304624192,121.9088672454478,119.10614277283409,119.79747772216797,713300,0.0,0.0,0.0,VDE
837,2024-05-02,120.54488258091394,121.21753594392162,119.93763280434032,120.58226013183594,383000,0.0,0.0,0.0,VDE
838,2024-05-03,120.70370047374249,120.94661178652541,119.2369452308314,120.67567443847656,467900,0.0,0.0,0.0,VDE
839,2024-05-06,121.19881658757781,122.92716436997345,121.19881658757781,121.69396209716797,636400,0.0,0.0,0.0,VDE
840,2024-05-07,121.8341348067885,122.5815290013799,121.6566270818452,121.6753158569336,399700,0.0,0.0,0.0,VDE
841,2024-05-08,121.0493546208293,122.10503500196874,120.81579486977147,121.48843383789062,261300,0.0,0.0,0.0,VDE
842,2024-05-09,121.67529941080275,123.19809937375241,121.67529941080275,123.16073608398438,265800,0.0,0.0,0.0,VDE
843,2024-05-10,123.5157383511143,123.88009097287284,122.02095032293025,122.3572769165039,271000,0.0,0.0,0.0,VDE
844,2024-05-13,122.6375689409755,123.10468848447164,121.5725369520186,121.98360443115234,906600,0.0,0.0,0.0,VDE
845,2024-05-14,121.8808277628149,122.48807741839745,121.43238277325399,122.40399932861328,410900,0.0,0.0,0.0,VDE
846,2024-05-15,122.31991784955368,122.8431037171844,120.44210240078138,122.66559600830078,475200,0.0,0.0,0.0,VDE
847,2024-05-16,122.4600699759172,123.28220499287626,122.03031369286364,122.28256225585938,307100,0.0,0.0,0.0,VDE
848,2024-05-17,122.60019225015256,124.16036982567564,122.58151773213953,124.01090240478516,324100,0.0,0.0,0.0,VDE
849,2024-05-20,124.06695350461698,124.32853930833745,123.15140319159534,123.4316635131836,293600,0.0,0.0,0.0,VDE
850,2024-05-21,123.09534452979692,124.08564999732613,122.77770664199825,122.89916229248047,354000,0.0,0.0,0.0,VDE
851,2024-05-22,122.35729233043064,122.36662958921681,120.00300587883444,120.47947692871094,480400,0.0,0.0,0.0,VDE
852,2024-05-23,121.03067691514568,121.55384852449217,119.09680228467866,119.2929916381836,546000,0.0,0.0,0.0,VDE
853,2024-05-24,119.97498271113581,120.51684309616455,119.18088090696813,119.48918151855469,378500,0.0,0.0,0.0,VDE
854,2024-05-28,119.98432251383564,121.1054208544114,119.74142547623492,120.8531723022461,499200,0.0,0.0,0.0,VDE
855,2024-05-29,120.32066714129968,120.48883761965438,118.24666198654967,118.75115203857422,265600,0.0,0.0,0.0,VDE
856,2024-05-30,118.53625642291715,119.53589199151509,118.53625642291715,119.17153930664062,217300,0.0,0.0,0.0,VDE
857,2024-05-31,119.36772293080307,122.09570643436595,119.31167086741647,121.97425079345703,238400,0.0,0.0,0.0,VDE
858,2024-06-03,121.65661660812975,121.65661660812975,117.92900459899477,118.6763916015625,371700,0.0,0.0,0.0,VDE
859,2024-06-04,117.6674183802001,117.6674183802001,115.99513656995367,117.3217544555664,380200,0.0,0.0,0.0,VDE
860,2024-06-05,117.6207036004593,117.75149650367224,116.78923137531471,117.47122192382812,203900,0.0,0.0,0.0,VDE
861,2024-06-06,117.10687892963976,118.05046249027808,116.67712976530925,117.96637725830078,198000,0.0,0.0,0.0,VDE
862,2024-06-07,117.82623899222719,118.73244494070076,116.98542236859727,117.43385314941406,169600,0.0,0.0,0.0,VDE
863,2024-06-10,117.87294968898732,119.38641965027077,117.70478635995583,118.7978515625,201800,0.0,0.0,0.0,VDE
864,2024-06-11,118.06913205601325,118.69507765501382,117.2470042337251,118.61099243164062,190200,0.0,0.0,0.0,VDE
865,2024-06-12,119.67603333020384,119.67603333020384,117.05081663611577,117.56464385986328,257600,0.0,0.0,0.0,VDE
866,2024-06-13,117.27503818611649,117.42451986990736,115.66814572375957,116.35014343261719,435300,0.0,0.0,0.0,VDE
867,2024-06-14,116.16327891438328,116.16327891438328,114.77126473931007,115.07022094726562,277200,0.0,0.0,0.0,VDE
868,2024-06-17,115.07022852871246,115.86433034019427,114.59377171843059,115.40655517578125,254000,0.0,0.0,0.0,VDE
869,2024-06-18,116.0324908271804,117.25634886819269,115.80827544384198,116.0605239868164,244700,0.0,0.0,0.0,VDE
870,2024-06-20,116.31276897303853,118.45217738617731,115.93907190421591,117.86360931396484,285600,0.0,0.0,0.0,VDE
871,2024-06-21,118.30269802652231,118.41480928767031,117.06016540527344,117.06016540527344,242800,0.0,0.0,0.0,VDE
872,2024-06-24,117.71411664469841,120.63828934211004,117.71411664469841,120.1991958618164,369000,0.0,0.0,0.0,VDE
873,2024-06-25,120.18985086394207,120.44209940478397,119.36772304686586,120.4327621459961,254700,0.0,0.0,0.0,VDE
874,2024-06-26,120.40472853376897,120.40472853376897,118.74177710370242,119.42377471923828,472400,0.0,0.0,0.0,VDE
875,2024-06-27,119.95629773950724,120.12446819450116,119.00337696984104,119.6573486328125,291700,0.0,0.0,0.0,VDE
876,2024-06-28,120.57785487258685,121.11433461824657,119.78723840254429,120.0696029663086,339100,0.948,0.0,0.0,VDE
877,2024-07-01,120.86961803178104,121.41551898783842,119.45780967145734,120.0601806640625,302900,0.0,0.0,0.0,VDE
878,2024-07-02,121.22727964517827,121.27434279576003,119.45780858723562,120.18254089355469,338700,0.0,0.0,0.0,VDE
879,2024-07-03,120.23902377946935,121.31199766377868,120.14490464907594,120.73786163330078,176600,0.0,0.0,0.0,VDE
880,2024-07-05,120.56843307880825,120.58724684885024,118.29071025878211,118.73307800292969,256400,0.0,0.0,0.0,VDE
881,2024-07-08,118.02717969086095,119.20368665113502,117.79187829880613,118.25306701660156,267800,0.0,0.0,0.0,VDE
882,2024-07-09,117.20832687569035,118.44130385761528,116.85067134909379,117.18009185791016,220500,0.0,0.0,0.0,VDE
883,2024-07-10,117.16128051527284,118.08365801560713,116.7847968253933,117.97071075439453,281000,0.0,0.0,0.0,VDE
884,2024-07-11,117.99895400878142,119.60841479607687,117.46246707968294,119.48605346679688,266600,0.0,0.0,0.0,VDE
885,2024-07-12,120.19195272449629,120.42725412542978,119.03427385316768,119.83429718017578,310500,0.0,0.0,0.0,VDE
886,2024-07-15,120.68137773648863,122.74262020536256,120.18253993992592,121.81082153320312,378900,0.0,0.0,0.0,VDE
887,2024-07-16,121.29315796203909,122.42261614236615,120.62491004572483,122.30025482177734,325100,0.0,0.0,0.0,VDE
888,2024-07-17,122.74262504897888,124.24854538347184,122.42261859358561,123.25086975097656,240700,0.0,0.0,0.0,VDE
889,2024-07-18,123.2414605612459,124.71914584920597,122.71438773594403,123.35440063476562,299600,0.0,0.0,0.0,VDE
890,2024-07-19,123.09086333486745,123.80617439809865,121.7449462629343,121.98965454101562,195400,0.0,0.0,0.0,VDE
891,2024-07-22,121.51905031575318,122.00848122777288,120.63431479229119,121.36845397949219,318700,0.0,0.0,0.0,VDE
892,2024-07-23,121.00140745616872,121.05787750261898,119.31664832238044,119.5707778930664,239200,0.0,0.0,0.0,VDE
893,2024-07-24,119.91900060734174,120.57784160921479,118.70484460603711,119.36368560791016,575000,0.0,0.0,0.0,VDE
894,2024-07-25,119.18486551740077,121.66023372208019,118.8648590522122,121.08609771728516,328400,0.0,0.0,0.0,VDE
895,2024-07-26,121.07667933498723,122.12141805232892,120.54960653374398,121.60375213623047,255500,0.0,0.0,0.0,VDE
896,2024-07-29,121.67904625249001,121.78257943226377,119.58956888735115,120.48371124267578,282100,0.0,0.0,0.0,VDE
897,2024-07-30,120.54020395077347,122.62966709837471,120.54020395077347,122.29083251953125,512300,0.0,0.0,0.0,VDE
898,2024-07-31,123.72147443116816,124.11677906355065,122.9120370329589,122.98733520507812,344900,0.0,0.0,0.0,VDE
899,2024-08-01,122.9967429879953,123.39206198491874,119.00604036817735,119.71194458007812,697200,0.0,0.0,0.0,VDE
900,2024-08-02,118.8554378148002,118.8554378148002,115.16591371670846,116.15418243408203,685900,0.0,0.0,0.0,VDE
901,2024-08-05,113.029369584986,114.45059195766304,112.0316940128062,113.6976318359375,800200,0.0,0.0,0.0,VDE
902,2024-08-06,114.06470900526561,115.39180516773956,113.52822210029464,114.1494140625,424200,0.0,0.0,0.0,VDE
903,2024-08-07,115.80592705486688,116.70006941891003,114.57295013204717,114.6858901977539,366700,0.0,0.0,0.0,VDE
904,2024-08-08,115.2129851334945,117.33069781052308,115.20357106652,117.2177505493164,198400,0.0,0.0,0.0,VDE
905,2024-08-09,117.17067807404167,117.8295262740905,116.32359163445234,117.3306884765625,173500,0.0,0.0,0.0,VDE
906,2024-08-12,118.12129150713831,118.67659931125084,117.49068553882566,118.11187744140625,295200,0.0,0.0,0.0,VDE
907,2024-08-13,117.33069479378676,117.33069479378676,116.47419424185684,117.01068115234375,307100,0.0,0.0,0.0,VDE
908,2024-08-14,117.264803102404,118.10248269880424,116.79420029901208,117.6036376953125,311500,0.0,0.0,0.0,VDE
909,2024-08-15,118.3377883696386,119.5331163738119,118.30954616851994,119.17546081542969,197100,0.0,0.0,0.0,VDE
910,2024-08-16,118.30012717862755,119.29780275786968,118.30012717862755,119.09073638916016,178600,0.0,0.0,0.0,VDE
911,2024-08-19,119.1660400974637,120.85079178122646,119.1660400974637,119.79664611816406,194300,0.0,0.0,0.0,VDE
912,2024-08-20,119.61781242096565,119.61781242096565,116.57772245172787,116.76596069335938,301400,0.0,0.0,0.0,VDE
913,2024-08-21,117.44363553906848,117.92365241354801,116.51184399046738,116.72831726074219,680500,0.0,0.0,0.0,VDE
914,2024-08-22,116.94479446525997,117.54716546791855,116.5965458121363,116.96361541748047,190000,0.0,0.0,0.0,VDE
915,2024-08-23,117.65069321714421,119.10956468536817,117.56598816482551,118.94014739990234,235800,0.0,0.0,0.0,VDE
916,2024-08-26,120.18254198435422,121.18021759445114,119.26957142907898,120.0601806640625,213300,0.0,0.0,0.0,VDE
917,2024-08-27,119.975485622746,120.31432023197011,118.7142663148942,118.91191864013672,205100,0.0,0.0,0.0,VDE
918,2024-08-28,118.28130159510498,118.72366935945648,117.59422555412257,118.09306335449219,659800,0.0,0.0,0.0,VDE
919,2024-08-29,118.77074141266583,120.17313579858691,117.80130075726974,119.6178207397461,152300,0.0,0.0,0.0,VDE
920,2024-08-30,118.50719873337309,119.9848912155778,118.23424825184115,119.93782806396484,160600,0.0,0.0,0.0,VDE
921,2024-09-03,118.12129361911771,118.12129361911771,116.06946528336127,116.66242218017578,363300,0.0,0.0,0.0,VDE
922,2024-09-04,116.70007590363868,117.45304322738892,114.7988438233708,114.95884704589844,258300,0.0,0.0,0.0,VDE
923,2024-09-05,115.83416582259278,115.83416582259278,114.04587385576431,114.15882110595703,946800,0.0,0.0,0.0,VDE
924,2024-09-06,114.43177235086746,115.17532559614723,112.28582484845417,112.6811294555664,953800,0.0,0.0,0.0,VDE
925,2024-09-09,112.94467113003061,114.32824450030608,112.73760475069294,113.23644256591797,561300,0.0,0.0,0.0,VDE
926,2024-09-10,113.39645266486386,113.56586995833003,110.4316536196203,111.28814697265625,543000,0.0,0.0,0.0,VDE
927,2024-09-11,111.34463183456256,111.37286685527373,108.71866719598542,110.53519439697266,416600,0.0,0.0,0.0,VDE
928,2024-09-12,111.02460793385288,112.03169760432777,110.21517057094835,111.5328598022461,1084300,0.0,0.0,0.0,VDE
929,2024-09-13,112.07876553755858,113.10467620360446,111.92816919346254,112.2199478149414,222300,0.0,0.0,0.0,VDE
930,2024-09-16,113.12348981707419,114.19646349813586,112.7564202514914,113.73526763916016,304800,0.0,0.0,0.0,VDE
931,2024-09-17,113.76352585509431,115.48592668197048,113.66939954844716,115.39180755615234,234300,0.0,0.0,0.0,VDE
932,2024-09-18,115.1659204898146,116.9730335607722,115.09062231665077,115.54240417480469,264600,0.0,0.0,0.0,VDE
933,2024-09-19,117.40597889735066,118.29071441674459,116.38006828939686,117.02949523925781,290000,0.0,0.0,0.0,VDE
934,2024-09-20,116.56830608797685,117.18009113246465,115.60827958525131,116.86949157714844,205000,0.0,0.0,0.0,VDE
935,2024-09-23,117.08597472314506,118.9119086518917,116.66242790677695,118.26248168945312,343400,0.0,0.0,0.0,VDE
936,2024-09-24,119.52369159303203,119.78722799988358,117.88599593557696,117.92364501953125,389000,0.0,0.0,0.0,VDE
937,2024-09-25,117.72599455404216,117.92364686226945,115.36356656000021,115.57063293457031,326700,0.0,0.0,0.0,VDE
938,2024-09-26,113.25527482722353,114.68590422078609,112.88820520713745,113.1611557006836,468200,0.0,0.0,0.0,VDE
939,2024-09-27,113.97013471095576,115.76471512612287,113.9226633697942,115.58431243896484,488000,1.052,0.0,0.0,VDE
940,2024-09-30,115.35642250297303,116.63826460600531,114.8057100381411,116.28694915771484,425300,0.0,0.0,0.0,VDE
941,2024-10-01,115.46087902255276,119.2684314677941,115.11905346793571,118.82215881347656,853800,0.0,0.0,0.0,VDE
942,2024-10-02,120.67368402838908,120.8256096867504,118.82213534344868,120.13246154785156,551000,0.0,0.0,0.0,VDE
943,2024-10-03,120.59774150110673,122.43030329927909,119.61024634747974,122.3068618774414,576200,0.0,0.0,0.0,VDE
944,2024-10-04,123.36083438434417,123.87357996327816,122.27838920356608,123.4842758178711,382800,0.0,0.0,0.0,VDE
945,2024-10-07,123.87356994410362,124.81357928206724,123.50326016190553,124.0159912109375,337100,0.0,0.0,0.0,VDE
946,2024-10-08,122.55374305653906,122.55374305653906,120.17045434165503,120.81612396240234,907500,0.0,0.0,0.0,VDE
947,2024-10-09,119.87611527491826,121.64221149335725,119.64823399505316,121.30988311767578,384600,0.0,0.0,0.0,VDE
948,2024-10-10,122.09796646981441,122.81010176385188,121.29088125208158,122.24040222167969,199200,0.0,0.0,0.0,VDE
949,2024-10-11,122.26889177807766,123.53174682622841,121.94604608623659,123.10445404052734,225000,0.0,0.0,0.0,VDE
950,2024-10-14,122.3068515662846,123.03798113729827,121.98402040085001,122.72463989257812,431100,0.0,0.0,0.0,VDE
951,2024-10-15,119.63873377885261,120.2654163377746,118.84114569755016,118.87911987304688,532300,0.0,0.0,0.0,VDE
952,2024-10-16,119.38236824590507,119.9615649748934,119.35387674796114,119.59125518798828,211300,0.0,0.0,0.0,VDE
953,2024-10-17,119.65772420316218,120.50279813793745,119.42034575650567,120.16097259521484,250800,0.0,0.0,0.0,VDE
954,2024-10-18,119.93307842160517,120.17995402288011,118.86013050117229,119.62923431396484,236600,0.0,0.0,0.0,VDE
955,2024-10-21,120.4838016346446,120.78764575112187,119.0405438924314,119.32539367675781,539700,0.0,0.0,0.0,VDE
956,2024-10-22,119.62923481205115,120.06601026583924,119.11649651998297,119.46781921386719,343500,0.0,0.0,0.0,VDE
957,2024-10-23,119.06902201163331,119.53428170634541,118.0245583678202,118.84114074707031,245400,0.0,0.0,0.0,VDE
958,2024-10-24,119.10699969957035,119.43932804252829,118.04354175789042,118.86962127685547,198100,0.0,0.0,0.0,VDE
959,2024-10-25,119.55328176937367,119.91409439258176,118.62275509112156,118.9930648803711,221000,0.0,0.0,0.0,VDE
960,2024-10-28,116.41988638634908,118.2144668701417,116.34392354452767,118.13850402832031,311300,0.0,0.0,0.0,VDE
961,2024-10-29,117.83465526164063,117.9960708609886,116.25846619914492,116.5718002319336,228600,0.0,0.0,0.0,VDE
962,2024-10-30,116.90413218223642,117.74919881615882,116.55280949681342,116.81867218017578,256500,0.0,0.0,0.0,VDE
963,2024-10-31,117.4738357591809,118.44233654272638,117.21746300421486,117.39787292480469,239400,0.0,0.0,0.0,VDE
964,2024-11-01,118.74618886706565,119.3538770957688,116.40088871368867,116.52433013916016,251800,0.0,0.0,0.0,VDE
965,2024-11-04,117.36939395747903,118.86962740499077,117.25544970078442,118.64173889160156,197400,0.0,0.0,0.0,VDE
966,2024-11-05,119.10700659835919,119.75267623531006,118.68921823203364,119.46781921386719,180900,0.0,0.0,0.0,VDE
967,2024-11-06,123.04746232827065,125.19337230863813,122.28784856057669,124.35779571533203,1082300,0.0,0.0,0.0,VDE
968,2024-11-07,124.40529637320871,124.40529637320871,122.94303707538522,124.02548217773438,602500,0.0,0.0,0.0,VDE
969,2024-11-08,123.91154005894052,124.82307960209918,123.46526745291058,124.64266967773438,615500,0.0,0.0,0.0,VDE
970,2024-11-11,124.82310595085256,125.78210979154888,124.16793902972603,125.60169982910156,363500,0.0,0.0,0.0,VDE
971,2024-11-12,125.90553474406543,126.34230297531349,124.71864250284473,124.82308959960938,350800,0.0,0.0,0.0,VDE
972,2024-11-13,125.21238483707744,126.06695598199063,123.67417706003758,125.46875762939453,513700,0.0,0.0,0.0,VDE
973,2024-11-14,126.15238237653465,126.41824503578914,125.06044748948426,125.990966796875,298700,0.0,0.0,0.0,VDE
974,2024-11-15,125.82955916472253,126.90249979004311,125.06994530954823,125.39277648925781,286000,0.0,0.0,0.0,VDE
975,2024-11-18,126.36127992914886,127.47220917553088,126.0194544311522,127.1683578491211,258500,0.0,0.0,0.0,VDE
976,2024-11-19,126.3232999584956,127.13988234385604,125.81056892044585,126.57018280029297,215000,0.0,0.0,0.0,VDE
977,2024-11-20,126.95947738824826,127.92797088623045,126.69360023506825,127.92797088623047,216800,0.0,0.0,0.0,VDE
978,2024-11-21,128.55467487578792,129.9409714210556,128.25083798887167,129.2288360595703,370100,0.0,0.0,0.0,VDE
979,2024-11-22,129.38073002621223,130.4252008793136,129.08638310081886,129.87448120117188,247400,0.0,0.0,0.0,VDE
980,2024-11-25,129.9029872470028,130.4727013512643,127.06395011363594,127.23485565185547,488700,0.0,0.0,0.0,VDE
981,2024-11-26,127.56717699279301,127.56717699279301,126.54170041314521,126.9120101928711,234500,0.0,0.0,0.0,VDE
982,2024-11-27,127.13038005973388,128.03241511564676,126.76007032147793,126.9214859008789,235600,0.0,0.0,0.0,VDE
983,2024-11-29,127.19686676687513,127.67162363605983,127.07342534458955,127.40574645996094,95400,0.0,0.0,0.0,VDE
984,2024-12-02,127.37726081231098,127.57666507009453,125.07943932922599,126.19036865234375,334300,0.0,0.0,0.0,VDE
985,2024-12-03,126.88352611450323,127.23484156311874,125.71561377893342,126.25684356689453,214200,0.0,0.0,0.0,VDE
986,2024-12-04,126.1903529635618,126.1903529635618,122.54422417867538,123.34181213378906,324900,0.0,0.0,0.0,VDE
987,2024-12-05,123.82609149310302,124.59519531169882,123.32285036517169,123.74063873291016,270200,0.0,0.0,0.0,VDE
988,2024-12-06,123.38931198890283,123.51275341577583,121.21493182214012,121.5187759399414,478500,0.0,0.0,0.0,VDE
989,2024-12-09,122.46828704130685,122.97152820105681,121.13897350393542,121.22442626953125,336000,0.0,0.0,0.0,VDE
990,2024-12-10,121.78461593486584,122.11695150883344,120.4268183653329,120.5882339477539,327000,0.0,0.0,0.0,VDE
991,2024-12-11,120.7686514539995,121.48078673862791,120.27490026656355,121.08198547363281,725600,0.0,0.0,0.0,VDE
992,2024-12-12,120.99654086130428,120.99654086130428,119.92359290149174,120.20844268798828,600400,0.0,0.0,0.0,VDE
993,2024-12-13,120.28440749511216,120.28440749511216,119.06903100007516,119.34439086914062,379900,0.0,0.0,0.0,VDE
994,2024-12-16,118.97406626554104,118.97406626554104,116.73321341506902,116.8851318359375,550300,0.0,0.0,0.0,VDE
995,2024-12-17,115.84067324627492,116.2014858501083,114.7772152774082,115.93562316894531,525100,0.0,0.0,0.0,VDE
996,2024-12-18,115.78824980055981,116.32421554202911,112.65857496965806,112.68728637695312,755900,0.966,0.0,0.0,VDE
997,2024-12-19,113.83579704726186,114.13249133380023,111.53878947197062,111.6632080078125,1747700,0.0,0.0,0.0,VDE
998,2024-12-20,111.46221765246011,113.00312646116991,111.27080340250268,112.68728637695312,679200,0.0,0.0,0.0,VDE
999,2024-12-23,112.37144522996113,113.59651386326186,111.73019220616789,113.37638092041016,487800,0.0,0.0,0.0,VDE
1000,2024-12-24,113.70179112121366,114.44831684512107,112.84041247748019,114.24732971191406,307200,0.0,0.0,0.0,VDE
1001,2024-12-26,114.25689532664612,114.3908867488012,113.414662487102,114.13247680664062,568300,0.0,0.0,0.0,VDE
1002,2024-12-27,114.05591183891899,115.31926478960742,113.58694184638676,114.15161895751953,590400,0.0,0.0,0.0,VDE
1003,2024-12-30,114.29518687274363,115.16613847390283,113.37638536177528,114.51531982421875,669300,0.0,0.0,0.0,VDE
1004,2024-12-31,114.83115404457865,116.29549410623696,114.63973250914246,116.10407257080078,647000,0.0,0.0,0.0,VDE
1005,2025-01-02,116.87931353493347,118.28622344312792,116.6783264051914,117.510986328125,897400,0.0,0.0,0.0,VDE
1006,2025-01-03,118.29580485563005,118.8604892815172,117.68327052035313,118.51593780517578,514900,0.0,0.0,0.0,VDE
1007,2025-01-06,119.23374687567657,120.08555262607909,117.83640252892654,118.10438537597656,497600,0.0,0.0,0.0,VDE
1008,2025-01-07,118.84134269872109,120.01856145218387,118.19052405899882,119.20503997802734,644400,0.0,0.0,0.0,VDE
1009,2025-01-08,118.42022990971388,119.30074709816601,118.15223975054631,119.20503997802734,382700,0.0,0.0,0.0,VDE
1010,2025-01-10,120.77466506728618,122.12415231114616,119.15718765326909,119.65486907958984,594700,0.0,0.0,0.0,VDE
1011,2025-01-13,120.27696407400295,122.74624705375959,120.27696407400295,122.21028137207031,660900,0.0,0.0,0.0,VDE
1012,2025-01-14,121.86572650890392,123.61719512939453,121.77001939727819,123.61719512939453,470400,0.0,0.0,0.0,VDE
1013,2025-01-15,124.37329024469236,125.71321905656761,123.96175038225331,125.36866760253906,468500,0.0,0.0,0.0,VDE
1014,2025-01-16,124.83269018432904,126.41189046990723,124.83269018432904,126.19176483154297,421700,0.0,0.0,0.0,VDE
1015,2025-01-17,126.29704903415869,127.46468027857763,125.93335175561992,127.06270599365234,442400,0.0,0.0,0.0,VDE
1016,2025-01-21,126.83301754108889,127.04357759077868,125.8185089038403,126.26832580566406,1354700,0.0,0.0,0.0,VDE
1017,2025-01-22,126.03863564387783,126.0577814496435,124.00003814697266,124.00003814697266,571400,0.0,0.0,0.0,VDE
1018,2025-01-23,124.94753464960723,125.40693167294222,123.79903478928574,124.45941162109375,611500,0.0,0.0,0.0,VDE
1019,2025-01-24,124.75612580484608,125.16766564253759,123.14821424807982,123.33006286621094,513000,0.0,0.0,0.0,VDE
1020,2025-01-27,122.77496487301518,123.02380192281028,120.90865048962621,121.66474914550781,551300,0.0,0.0,0.0,VDE
1021,2025-01-28,122.12414539494608,122.41127405286083,119.9994137719352,120.62152099609375,260200,0.0,0.0,0.0,VDE
1022,2025-01-29,120.32482835419235,121.5498970140478,120.200402526498,120.86079406738281,240600,0.0,0.0,0.0,VDE
1023,2025-01-30,121.80830455219343,122.21028613109885,120.81294176229112,121.38719177246094,258900,0.0,0.0,0.0,VDE
1024,2025-01-31,121.43504518505921,121.43504518505921,117.97039921925457,118.32451629638672,428800,0.0,0.0,0.0,VDE
1025,2025-02-03,118.10438628733904,119.3103164103547,117.08030479850412,118.7647705078125,499100,0.0,0.0,0.0,VDE
1026,2025-02-04,118.12352575451554,121.47332599981186,118.12352575451554,121.31062316894531,385300,0.0,0.0,0.0,VDE
1027,2025-02-05,121.32975203827058,121.74129918495272,120.67893346449381,121.49246215820312,555100,0.0,0.0,0.0,VDE
1028,2025-02-06,122.19114097999237,122.35384381171365,118.53507355657062,119.19546508789062,371200,0.0,0.0,0.0,VDE
1029,2025-02-07,119.63572368694079,120.17168939242306,119.06147367364049,119.118896484375,190300,0.0,0.0,0.0,VDE
1030,2025-02-10,120.29611974024874,122.07629995978604,120.26740833380222,121.83702850341797,376300,0.0,0.0,0.0,VDE
1031,2025-02-11,122.52612436409603,123.59805575322204,121.70303001774003,122.6505355834961,358800,0.0,0.0,0.0,VDE
1032,2025-02-12,121.92315772565138,122.43998492646215,119.4251632393919,119.61658477783203,292000,0.0,0.0,0.0,VDE
1033,2025-02-13,119.4443099241342,120.71722847970919,118.71692267667342,120.3918228149414,585200,0.0,0.0,0.0,VDE
1034,2025-02-14,121.06177921282834,122.59311501238717,120.83208066839079,120.8895034790039,229400,0.0,0.0,0.0,VDE
1035,2025-02-18,121.37762333348876,123.25351066341763,120.74595048966893,122.4112777709961,260600,0.0,0.0,0.0,VDE
1036,2025-02-19,122.80366844357113,124.4211456739678,122.80366844357113,123.20564270019531,184600,0.0,0.0,0.0,VDE
1037,2025-02-20,123.20563437866443,124.46899447469885,122.55482313207824,124.27758026123047,627600,0.0,0.0,0.0,VDE
1038,2025-02-21,123.6172050670684,123.7990537051654,121.37762050466488,121.54989624023438,244300,0.0,0.0,0.0,VDE
1039,2025-02-24,121.76044698440843,122.11456402904392,120.76507695513826,121.46375274658203,246000,0.0,0.0,0.0,VDE
1040,2025-02-25,121.32975989848812,121.90401720230545,118.6307783180895,119.5687255859375,262700,0.0,0.0,0.0,VDE
1041,2025-02-26,119.85585663139821,120.10469367923778,118.42022794715491,119.118896484375,283500,0.0,0.0,0.0,VDE
1042,2025-02-27,119.54958179578225,120.78421595922136,119.03275462639664,119.31031036376953,208800,0.0,0.0,0.0,VDE
1043,2025-02-28,118.93704918497716,121.21491806285766,118.20009633165328,121.16706085205078,383500,0.0,0.0,0.0,VDE
1044,2025-03-03,121.54031755768362,122.2198475651181,115.64467312454174,116.5921859741211,501700,0.0,0.0,0.0,VDE
1045,2025-03-04,114.90771969532031,117.44399854522828,113.44337957837314,115.663818359375,536600,0.0,0.0,0.0,VDE
1046,2025-03-05,114.24733173290174,114.49616877728279,111.76847577552905,114.0271987915039,488500,0.0,0.0,0.0,VDE
1047,2025-03-06,113.4433758618975,114.86943162359344,112.55328579813076,114.18033599853516,395500,0.0,0.0,0.0,VDE
1048,2025-03-07,114.6684534283244,116.85060799946174,114.6684534283244,116.0370864868164,358500,0.0,0.0,0.0,VDE
1049,2025-03-10,116.33378927644767,118.1618194731568,115.56811766717524,116.58262634277344,639900,0.0,0.0,0.0,VDE
1050,2025-03-11,116.8506006647203,117.70241373614647,115.27141495188164,115.92223358154297,891700,0.0,0.0,0.0,VDE
1051,2025-03-12,116.1806371618826,117.53969715748585,115.65423708514241,116.50605010986328,431400,0.0,0.0,0.0,VDE
1052,2025-03-13,116.02751763303516,117.692844921904,114.93643307606828,115.67339324951172,310200,0.0,0.0,0.0,VDE
1053,2025-03-14,116.22850062480589,119.21460361506551,115.88394915639361,119.04232788085938,324200,0.0,0.0,0.0,VDE
1054,2025-03-17,119.1188942475112,121.54989298341775,119.08060994041209,121.07135009765625,307900,0.0,0.0,0.0,VDE
1055,2025-03-18,121.75088174177198,121.99015318784149,120.4109601833857,121.38719177246094,214300,0.0,0.0,0.0,VDE
1056,2025-03-19,121.54989759054746,123.95217771069505,121.54989759054746,123.4449234008789,157300,0.0,0.0,0.0,VDE
1057,2025-03-20,122.69839527782665,124.22973838242403,122.24857109048514,123.81818389892578,195900,0.0,0.0,0.0,VDE
1058,2025-03-21,123.47363756425447,123.69377781982337,122.26771467692524,122.8802490234375,187400,0.0,0.0,0.0,VDE
1059,2025-03-24,123.46406806279465,125.06239959454199,123.46406806279465,124.40200805664062,218200,0.0,0.0,0.0,VDE
1060,2025-03-25,125.03738796683223,125.86653615053146,124.53603879005598,124.81564331054688,181700,0.949,0.0,0.0,VDE
1061,2025-03-26,125.99184481546841,126.96562045661379,125.31696027447336,125.57727813720703,262000,0.0,0.0,0.0,VDE
1062,2025-03-27,125.28804001046873,125.6929707425264,123.8900617116406,124.39141082763672,281100,0.0,0.0,0.0,VDE
1063,2025-03-28,124.34319843051834,124.6806480542247,123.03198788420546,123.79364013671875,160700,0.0,0.0,0.0,VDE
1064,2025-03-31,123.37908067295045,125.63512970157474,123.21518118400394,125.0566635131836,318900,0.0,0.0,0.0,VDE
1065,2025-04-01,124.72884534219094,125.78938871653817,123.66831667922357,125.67369842529297,259900,0.0,0.0,0.0,VDE
1066,2025-04-02,124.59387163200738,126.09790430234395,124.37212699763218,125.87615966796875,227800,0.0,0.0,0.0,VDE
1067,2025-04-03,119.79253601478209,120.78558362737043,115.97460174560547,115.97460174560547,642600,0.0,0.0,0.0,VDE
1068,2025-04-04,111.88670512978058,112.85083009477417,105.03177604022108,105.45598602294922,1846600,0.0,0.0,0.0,VDE
1069,2025-04-07,101.54164171716265,108.80150157657748,100.06653168748902,104.62683868408203,3087700,0.0,0.0,0.0,VDE
1070,2025-04-08,107.76023813758614,108.35799823085158,100.39432440110576,102.07190704345703,1359800,0.0,0.0,0.0,VDE
1071,2025-04-09,99.91227206601296,111.23110497132606,99.37236441462414,110.10307312011719,1277800,0.0,0.0,0.0,VDE
1072,2025-04-10,107.25890315888108,107.25890315888108,100.8667572411462,102.88177490234375,1020500,0.0,0.0,0.0,VDE
1073,2025-04-11,103.32527350400866,106.37191200582524,101.43558940462583,105.6102523803711,971100,0.0,0.0,0.0,VDE
1074,2025-04-14,107.95306825661093,107.98199082724365,104.89679403159815,106.02481842041016,1069300,0.0,0.0,0.0,VDE
1075,2025-04-15,105.90913345055715,107.72169322103721,105.77415653433292,105.88021087646484,415100,0.0,0.0,0.0,VDE
1076,2025-04-16,106.4201044279105,108.56046289516894,106.29477083823556,106.81539916992188,436200,0.0,0.0,0.0,VDE
1077,2025-04-17,107.72168538986124,110.9707818086569,107.72168538986124,109.3606948852539,523200,0.0,0.0,0.0,VDE
1078,2025-04-21,107.94343112526275,107.94343112526275,105.29208744875461,106.38154602050781,329500,0.0,0.0,0.0,VDE
1079,2025-04-22,107.91451011203247,109.87168265914733,107.32639328138251,109.08110046386719,356400,0.0,0.0,0.0,VDE
1080,2025-04-23,110.3248335571162,111.17326098222445,108.18447469565083,108.82080078125,387100,0.0,0.0,0.0,VDE
1081,2025-04-24,109.68849918224399,110.95150794757073,108.97504873423526,110.53693389892578,204700,0.0,0.0,0.0,VDE
1082,2025-04-25,109.68849869593694,110.61406517470266,109.3510564149755,110.51764678955078,220400,0.0,0.0,0.0,VDE
1083,2025-04-28,110.34410257401936,111.64567719991688,110.34410257401936,111.29859161376953,192400,0.0,0.0,0.0,VDE
1084,2025-04-29,110.47907936679867,111.44320435935936,109.97773760717068,110.86473083496094,268100,0.0,0.0,0.0,VDE
1085,2025-04-30,109.30285475395085,109.30285475395085,106.6997128201528,107.90486907958984,510900,0.0,0.0,0.0,VDE
1086,2025-05-01,107.26855512343688,109.98738747023064,107.26855512343688,108.60868835449219,456900,0.0,0.0,0.0,VDE
1087,2025-05-02,109.9295186358835,110.7201007652251,108.06875727154798,110.29589080810547,467700,0.0,0.0,0.0,VDE
1088,2025-05-05,108.84006924864731,108.9654028489719,107.7409673513704,108.21338653564453,371400,0.0,0.0,0.0,VDE
1089,2025-05-06,108.74365293871185,109.38961488358254,107.77952799806083,108.3387222290039,339000,0.0,0.0,0.0,VDE
1090,2025-05-07,108.82078773350351,109.06181897538676,107.67347666831846,108.52190399169922,249200,0.0,0.0,0.0,VDE
1091,2025-05-08,109.48603348749499,111.4817719586031,109.44746760451584,110.08379364013672,435300,0.0,0.0,0.0,VDE
1092,2025-05-09,111.62638820526945,111.6360315145933,110.2862550811557,111.17324829101562,225400,0.0,0.0,0.0,VDE
1093,2025-05-12,115.01047914701074,115.82034066567186,113.23648521385853,113.93065643310547,380100,0.0,0.0,0.0,VDE
1094,2025-05-13,114.52841597237054,116.54343380318006,114.1427644798849,115.63716125488281,714000,0.0,0.0,0.0,VDE
1095,2025-05-14,115.000838529981,115.40576929879445,114.48985341376061,114.96227264404297,407300,0.0,0.0,0.0,VDE
1096,2025-05-15,113.46787388537763,115.30934881498823,113.21719932516241,115.2997055053711,289400,0.0,0.0,0.0,VDE
1097,2025-05-16,115.3672045282561,115.66608093349618,113.92101698441282,115.03939819335938,297500,0.0,0.0,0.0,VDE
1098,2025-05-19,114.10419385431214,114.12348047376484,112.76406067426396,113.62213134765625,371000,0.0,0.0,0.0,VDE
1099,2025-05-20,113.58356269934455,113.68961703668226,112.50374741836421,112.59051513671875,229100,0.0,0.0,0.0,VDE
1100,2025-05-21,111.99276422750802,112.098811210933,110.47908090662804,110.51764678955078,316600,0.0,0.0,0.0,VDE
1101,2025-05-22,109.90060777949931,110.65262411004124,108.67617225386901,110.09343719482422,362600,0.0,0.0,0.0,VDE
1102,2025-05-23,109.13894776506042,110.75867806978559,109.13894776506042,110.50801086425781,305600,0.0,0.0,0.0,VDE
1103,2025-05-27,111.17325553020005,111.72280650640772,110.42123917914643,111.58782958984375,410000,0.0,0.0,0.0,VDE
1104,2025-05-28,112.17593872313577,112.52302430058913,110.00665754189713,110.26697540283203,697200,0.0,0.0,0.0,VDE
1105,2025-05-29,110.57549937551299,110.9997093766043,109.77527385456271,110.96114349365234,606200,0.0,0.0,0.0,VDE
1106,2025-05-30,110.20912770481148,110.60442249023643,109.167878282772,110.11271667480469,524500,0.0,0.0,0.0,VDE
1107,2025-06-02,111.99277350963884,112.28200662199642,110.25734541273074,111.4721450805664,1299300,0.0,0.0,0.0,VDE
1108,2025-06-03,111.54926578918243,113.67998863121785,110.63334993029278,113.01473999023438,360500,0.0,0.0,0.0,VDE
1109,2025-06-04,112.91832274611106,113.80531598151576,110.7393981846256,110.9129409790039,473800,0.0,0.0,0.0,VDE
1110,2025-06-05,111.81922639390736,111.81922639390736,110.53693831366543,110.79724884033203,329200,0.0,0.0,0.0,VDE
1111,2025-06-06,111.8674271842587,113.25576959530689,111.8674271842587,112.92796325683594,314600,0.0,0.0,0.0,VDE
1112,2025-06-09,113.28468803096595,114.26809229907157,112.46518324826293,113.13042449951172,847900,0.0,0.0,0.0,VDE
1113,2025-06-10,114.12348141473349,115.78177027252296,114.12348141473349,114.9911880493164,1347100,0.0,0.0,0.0,VDE
1114,2025-06-11,115.88782543364115,117.04477988075828,114.81764606401067,116.77482604980469,645200,0.0,0.0,0.0,VDE
1115,2025-06-12,116.24454684931784,117.23759438732705,115.37683290883271,117.21831512451172,450400,0.0,0.0,0.0,VDE
1116,2025-06-13,119.5418587704141,119.95643282185522,117.68109719380958,119.32011413574219,3219400,0.0,0.0,0.0,VDE
1117,2025-06-16,119.14657405707584,120.25531932280418,118.12459651410583,119.04051971435547,683300,0.0,0.0,0.0,VDE
1118,2025-06-17,120.06247874672593,121.06516957657468,119.33938503482737,120.15888977050781,612400,0.0,0.0,0.0,VDE
1119,2025-06-18,120.64096256399331,121.17123427368428,119.17549575236865,119.43580627441406,515200,0.0,0.0,0.0,VDE
1120,2025-06-20,120.04321224901517,120.78558530233434,119.62863818254877,120.4481430053711,424100,0.0,0.0,0.0,VDE
1121,2025-06-23,121.9714524630717,121.99073172603913,116.89050973329074,117.27616119384766,1211600,0.0,0.0,0.0,VDE
1122,2025-06-24,115.56967881128564,117.11227750583681,115.45398115081026,115.99388885498047,718700,0.0,0.0,0.0,VDE
1123,2025-06-25,115.78176896179401,116.1095752902707,115.04903925002745,115.34791564941406,2390200,0.0,0.0,0.0,VDE
1124,2025-06-26,115.63261713906319,117.26507791286066,115.35082247658292,116.97356414794922,315300,0.933,0.0,0.0,VDE
1125,2025-06-27,117.02215002603386,117.02215002603386,115.69091473133702,116.40026092529297,369600,0.0,0.0,0.0,VDE
1126,2025-06-30,115.99214746313478,116.49742957685761,115.43827725173541,115.74922180175781,1649000,0.0,0.0,0.0,VDE
1127,2025-07-01,115.99215787608513,117.09989839832893,114.82611014869451,116.54602813720703,343800,0.0,0.0,0.0,VDE
1128,2025-07-02,117.39140719862203,118.81009232815214,116.24479765372733,118.52830505371094,510200,0.0,0.0,0.0,VDE
1129,2025-07-03,118.37282256442661,119.02386159389414,118.15904678436186,118.76150512695312,218000,0.0,0.0,0.0,VDE
1130,2025-07-07,118.04244469596227,118.67404550645146,116.38082659114296,117.53715515136719,284900,0.0,0.0,0.0,VDE
1131,2025-07-08,117.41084622491752,121.07416236676801,117.41084622491752,120.59803009033203,331300,0.0,0.0,0.0,VDE
1132,2025-07-09,120.42311355307794,120.75348890613701,119.62631765119669,119.91783142089844,380200,0.0,0.0,0.0,VDE
1133,2025-07-10,119.59716062995776,120.97697657551414,118.88781445315614,120.89923858642578,277700,0.0,0.0,0.0,VDE
1134,2025-07-11,120.63688985640326,121.95840610142258,120.36481429069396,121.55028533935547,333400,0.0,0.0,0.0,VDE
1135,2025-07-14,121.28793990256608,121.28793990256608,119.723497844011,120.29680633544922,344000,0.0,0.0,0.0,VDE
1136,2025-07-15,120.1704805498027,120.50086334872277,118.40198179371198,118.46028900146484,265700,0.0,0.0,0.0,VDE
1137,2025-07-16,118.50886718459242,118.90726887287434,116.9444251549798,117.34282684326172,271300,0.0,0.0,0.0,VDE
1138,2025-07-17,116.83752814306413,118.35338936473028,116.5557334763025,118.18819427490234,314300,0.0,0.0,0.0,VDE
1139,2025-07-18,119.20848782602364,119.73320817493587,117.04158753774745,117.4691390991211,621700,0.0,0.0,0.0,VDE
1140,2025-07-21,117.44970265803595,117.57602133441021,115.68120412128164,115.87554168701172,476500,0.0,0.0,0.0,VDE
1141,2025-07-22,115.79781414819517,117.08046147290379,115.79781414819517,116.56546020507812,451300,0.0,0.0,0.0,VDE
1142,2025-07-23,116.9541321918777,118.46998596191406,116.78894451970767,118.46998596191406,368700,0.0,0.0,0.0,VDE
1143,2025-07-24,118.09103153309027,119.47084762977585,117.62461837447992,119.354248046875,337700,0.0,0.0,0.0,VDE
1144,2025-07-25,119.42227168035656,119.55830947480817,118.324242807778,118.77123260498047,253700,0.0,0.0,0.0,VDE
1145,2025-07-28,119.75265184378561,120.51057884698932,119.71378284189004,120.24822235107422,293200,0.0,0.0,0.0,VDE
1146,2025-07-29,120.49112575022328,121.404528591941,120.04414343141535,121.33650970458984,361800,0.0,0.0,0.0,VDE
1147,2025-07-30,120.51056902440136,120.66604501931114,118.85867735275403,119.67491149902344,300600,0.0,0.0,0.0,VDE
1148,2025-07-31,118.52829893802794,120.28707845760488,118.52829893802794,118.98499298095703,277500,0.0,0.0,0.0,VDE
1149,2025-08-01,118.63517289977108,118.8683868733354,116.11846659645481,116.73063659667969,476900,0.0,0.0,0.0,VDE
1150,2025-08-04,116.40027124459526,117.35253577111891,115.92413898133344,116.54602813720703,490300,0.0,0.0,0.0,VDE
1151,2025-08-05,116.63346774743812,116.97356219181209,115.19535197879873,116.8375244140625,538600,0.0,0.0,0.0,VDE
1152,2025-08-06,117.5760249722323,118.35339008621031,115.56460070933011,115.81724548339844,463800,0.0,0.0,0.0,VDE
1153,2025-08-07,116.54601718981783,117.8578142730971,115.14676301378512,115.31195068359375,477700,0.0,0.0,0.0,VDE
1154,2025-08-08,115.88526281200464,117.12904104679306,115.34110427415742,115.90469360351562,563800,0.0,0.0,0.0,VDE
1155,2025-08-11,116.06988771711454,116.7209341781439,114.82610941333269,115.02045440673828,364100,0.0,0.0,0.0,VDE
1156,2025-08-12,115.33139473974869,116.63347278689822,115.02045017524259,115.7200698852539,447700,0.0,0.0,0.0,VDE
1157,2025-08-13,115.81724930886818,116.95413970947266,115.33139794995994,116.95413970947266,382600,0.0,0.0,0.0,VDE
1158,2025-08-14,116.7306436226332,116.96385761023454,115.61319143943253,116.82781982421875,322600,0.0,0.0,0.0,VDE
1159,2025-08-15,116.72093612499863,117.95499534631792,116.34197264841613,116.67234802246094,586700,0.0,0.0,0.0,VDE
1160,2025-08-18,116.18649224747499,116.57517481253416,115.3119583294677,116.06988525390625,398700,0.0,0.0,0.0,VDE
1161,2025-08-19,115.47714279855461,116.6140405670961,115.26337443654558,115.91441345214844,424400,0.0,0.0,0.0,VDE
1162,2025-08-20,116.08932414347491,117.39140221856492,116.06988593768062,116.94441986083984,336400,0.0,0.0,0.0,VDE
1163,2025-08-21,116.7112051405844,118.01328312480268,116.45856037741412,117.79951477050781,236300,0.0,0.0,0.0,VDE
1164,2025-08-22,117.95499014908269,120.55915368138356,117.95499014908269,120.27735900878906,449900,0.0,0.0,0.0,VDE
1165,2025-08-25,120.14131743599587,120.80207554764253,119.70405420022365,120.65631866455078,578400,0.0,0.0,0.0,VDE
1166,2025-08-26,120.4134015086737,120.60774650436768,119.4611369770356,120.4522705078125,326700,0.0,0.0,0.0,VDE
1167,2025-08-27,120.28707888990951,122.27906498951407,120.28707888990951,121.80293273925781,439100,0.0,0.0,0.0,VDE
1168,2025-08-28,121.9681175404117,122.93982022366818,121.14217174234432,122.73576354980469,410100,0.0,0.0,0.0,VDE
1169,2025-08-29,122.92039109470659,123.66859890899381,122.67746542060638,123.29935455322266,337600,0.0,0.0,0.0,VDE
1170,2025-09-02,122.84264939130172,123.68803338051062,122.08472249715035,123.57142639160156,479300,0.0,0.0,0.0,VDE
1171,2025-09-03,122.76491791446952,123.70747073771066,120.57858679753,120.95755767822266,410100,0.0,0.0,0.0,VDE
1172,2025-09-04,120.96726855946109,122.27906573815955,120.49113630628976,121.81265258789062,265800,0.0,0.0,0.0,VDE
1173,2025-09-05,120.83123051942876,121.29765108222284,118.98499388751985,119.53886413574219,660400,0.0,0.0,0.0,VDE
1174,2025-09-08,119.9761365269326,120.47170699198865,118.23678776122908,119.23764038085938,440000,0.0,0.0,0.0,VDE
1175,2025-09-09,119.85952556598389,121.53085538225172,119.76235677949225,119.83037567138672,719700,0.0,0.0,0.0,VDE
1176,2025-09-10,120.09274281188608,121.95841778048923,119.94699332594384,121.92926788330078,437100,0.0,0.0,0.0,VDE
1177,2025-09-11,121.06443653389574,122.11387723519906,120.56887349175528,121.90982055664062,471200,0.0,0.0,0.0,VDE
1178,2025-09-12,122.30822349523663,122.9203935372725,121.15189489122105,121.17132568359375,466400,0.0,0.0,0.0,VDE
1179,2025-09-15,121.3365184416968,121.64746300819269,120.60774141895612,120.81179809570312,410600,0.0,0.0,0.0,VDE
1180,2025-09-16,121.13246470445182,123.16331983195668,121.13246470445182,122.91067504882812,647500,0.0,0.0,0.0,VDE
1181,2025-09-17,122.75520557560834,124.04757196380324,122.2887850111872,123.11473083496094,335400,0.0,0.0,0.0,VDE
1182,2025-09-18,123.25076959355889,123.40624558742627,121.84180361327705,122.80378723144531,342800,0.0,0.0,0.0,VDE
1183,2025-09-19,122.57057512044385,122.57057512044385,120.79235744176003,121.10330200195312,388200,0.0,0.0,0.0,VDE
1184,2025-09-22,120.6077397172232,121.67661118612746,120.27735694988733,121.11302185058594,399000,0.0,0.0,0.0,VDE
1185,2025-09-23,121.82236971663481,124.69860880836092,121.66689372672911,123.29935455322266,571300,0.0,0.0,0.0,VDE
1186,2025-09-24,124.16124112360421,126.01235434779576,124.09268192807059,124.81745910644531,328600,1.0,0.0,0.0,VDE
1187,2025-09-25,124.73910416081553,125.96338085250665,124.347334124996,125.86543273925781,680100,0.0,0.0,0.0,VDE
1188,2025-09-26,126.05153202293351,128.2258487408659,126.05153202293351,126.98197937011719,733800,0.0,0.0,0.0,VDE
1189,2025-09-29,126.18864793812904,126.33557011307735,123.91639061875621,124.5823974609375,531400,0.0,0.0,0.0,VDE
1190,2025-09-30,123.48544765104205,123.7792695774839,122.33952644589557,123.26997375488281,670400,0.0,0.0,0.0,VDE
1191,2025-10-01,122.70191128688113,123.86742513920672,122.62355578183237,123.45606994628906,312800,0.0,0.0,0.0,VDE
1192,2025-10-02,123.15244126534891,124.17104038926614,122.06528294426379,122.15343475341797,405400,0.0,0.0,0.0,VDE
1193,2025-10-03,122.82924311467978,123.65195351567932,122.74109130177705,122.98594665527344,357400,0.0,0.0,0.0,VDE
1194,2025-10-06,123.52463385276674,124.28858137512645,123.17204153900188,123.59319305419922,241000,0.0,0.0,0.0,VDE
1195,2025-10-07,123.40709573532409,123.92618787894548,121.78125263333266,123.81845092773438,244600,0.0,0.0,0.0,VDE
1196,2025-10-08,123.89680919594105,123.89680919594105,122.33953273034517,123.32874298095703,171200,0.0,0.0,0.0,VDE
1197,2025-10-09,123.50503947101042,124.58240153769005,121.38949309110764,121.51681518554688,565200,0.0,0.0,0.0,VDE
1198,2025-10-10,120.70388649030387,121.3503081755955,117.84397790830376,117.89295196533203,486500,0.0,0.0,0.0,VDE
1199,2025-10-13,118.99970051212303,119.890977575958,118.55896386955357,119.8126220703125,300500,0.0,0.0,0.0,VDE
1200,2025-10-14,118.10841960073974,120.3219139925677,117.94191976096123,119.63632202148438,459400,0.0,0.0,0.0,VDE
1201,2025-10-15,120.40027521549445,121.25237453922887,118.78422838129102,119.72447204589844,476700,0.0,0.0,0.0,VDE
1202,2025-10-16,119.9007639230457,120.27294883094635,117.37385496133012,118.12801361083984,506100,0.0,0.0,0.0,VDE
1203,2025-10-17,118.51978335697646,119.16619758251929,118.07903925227751,118.86257934570312,273900,0.0,0.0,0.0,VDE
1204,2025-10-20,119.54817378934355,120.4688322972523,118.93114099690665,120.18479919433594,305400,0.0,0.0,0.0,VDE
1205,2025-10-21,120.41006238461824,120.68429916526922,119.2935226506011,119.79302215576172,353600,0.0,0.0,0.0,VDE
1206,2025-10-22,120.42965536508456,121.70290618374467,119.46982657030955,121.22298431396484,308200,0.0,0.0,0.0,VDE
1207,2025-10-23,122.99573971624558,123.86742415390057,122.25137736898785,123.14265441894531,599800,0.0,0.0,0.0,VDE
1208,2025-10-24,123.61278069731874,123.71072134814882,121.97714866403908,122.0359115600586,252300,0.0,0.0,0.0,VDE
1209,2025-10-27,122.44726205066499,122.79985435795778,121.84002555552146,122.26117706298828,249100,0.0,0.0,0.0,VDE
1210,2025-10-28,121.7812568249995,122.19261950396097,120.97813155257758,121.10546112060547,221000,0.0,0.0,0.0,VDE
1211,2025-10-29,121.08586334234688,122.59417317448576,120.95854125214265,122.0652847290039,295300,0.0,0.0,0.0,VDE
1212,2025-10-30,121.8400227873017,122.80964787413072,121.03689754391351,121.3111343383789,229000,0.0,0.0,0.0,VDE
1213,2025-10-31,121.45804258944355,122.59416745935759,121.05647625288626,121.97713470458984,415700,0.0,0.0,0.0,VDE
1214,2025-11-03,121.95755572225566,122.34932579691443,120.64513456540033,122.05550384521484,288400,0.0,0.0,0.0,VDE
1215,2025-11-04,120.74307478654765,120.97813384154988,119.56777203914393,120.63533782958984,364100,0.0,0.0,0.0,VDE
1216,2025-11-05,120.51780085948099,122.094669840625,120.51780085948099,120.80182647705078,328200,0.0,0.0,0.0,VDE
1217,2025-11-06,121.0662861037962,122.98595125024288,121.0662861037962,121.693115234375,252500,0.0,0.0,0.0,VDE
1218,2025-11-07,122.04570603737538,123.69113435279063,121.74208778263561,123.56381225585938,350800,0.0,0.0,0.0,VDE
1219,2025-11-10,123.92618353878804,125.0819010429833,122.40808491356697,124.7489013671875,414500,0.0,0.0,0.0,VDE
1220,2025-11-11,125.06232016751284,127.22683307876659,125.06232016751284,126.3453598022461,498800,0.0,0.0,0.0,VDE
1221,2025-11-12,125.58141178356738,126.06133364464525,124.37672018637757,124.5726089477539,436300,0.0,0.0,0.0,VDE
1222,2025-11-13,124.83704748906781,125.87523922719777,124.10248145823996,124.66075134277344,382800,0.0,0.0,0.0,VDE
1223,2025-11-14,125.238616807615,126.99178200609624,123.71071434605368,126.67835998535156,551200,0.0,0.0,0.0,VDE
1224,2025-11-17,126.46288026848796,126.54123577007195,123.96536030273175,124.43548583984375,825900,0.0,0.0,0.0,VDE
1225,2025-11-18,123.97516405569009,125.88503281907566,123.69113094968027,125.51284790039062,465300,0.0,0.0,0.0,VDE
1226,2025-11-19,123.49524331120048,124.41590183753992,122.58438856372733,124.02413177490234,541000,0.0,0.0,0.0,VDE
1227,2025-11-20,124.75869223078494,126.40412044196687,122.39829059939916,122.48643493652344,855900,0.0,0.0,0.0,VDE
1228,2025-11-21,122.61377227640082,123.70093067092209,121.36011403070957,123.20142364501953,726300,0.0,0.0,0.0,VDE
1229,2025-11-24,123.11326663920435,123.42668118741298,121.02710175322751,123.0838851928711,703400,0.0,0.0,0.0,VDE
1230,2025-11-25,122.40808690543255,122.77046803235514,121.26215821607236,122.48643493652344,472200,0.0,0.0,0.0,VDE
1231,2025-11-26,122.56478692263426,124.31795203269479,122.48643142139993,123.3777084350586,442200,0.0,0.0,0.0,VDE
1232,2025-11-28,123.49523705022709,125.4834612372525,123.4070927136084,125.042724609375,150900,0.0,0.0,0.0,VDE
1233,2025-12-01,125.15046176058863,126.81547510459072,125.14066545459556,126.1200942993164,362900,0.0,0.0,0.0,VDE
1234,2025-12-02,126.04173282434115,126.04173282434115,123.99473836751604,124.5921859741211,429600,0.0,0.0,0.0,VDE
1235,2025-12-03,125.36594370053527,127.3345754050851,125.36594370053527,127.1778793334961,379900,0.0,0.0,0.0,VDE
1236,2025-12-04,126.92321615221068,127.91244133487073,126.72733486037595,127.72634887695312,275900,0.0,0.0,0.0,VDE
1237,2025-12-05,127.5990167068962,129.1367154532119,127.11909484863281,127.11909484863281,593800,0.0,0.0,0.0,VDE
1238,2025-12-08,126.29638409612834,127.14849086008628,125.35614046701717,125.708740234375,962300,0.0,0.0,0.0,VDE
1239,2025-12-09,125.97317165774976,127.53046299199252,125.77729037296986,126.50206756591797,593000,0.0,0.0,0.0,VDE
1240,2025-12-10,126.81548210943335,127.82428498307199,126.09071981853856,127.57942962646484,891000,0.0,0.0,0.0,VDE
1241,2025-12-11,126.80569700435629,127.70676294979467,126.61960453669671,127.05055236816406,558000,0.0,0.0,0.0,VDE
1242,2025-12-12,127.23663618437327,127.65778020799,125.39531919140772,125.6597671508789,489300,0.0,0.0,0.0,VDE
1243,2025-12-15,125.92422115730757,125.92422115730757,123.67154139392203,124.65096282958984,550100,0.0,0.0,0.0,VDE
1244,2025-12-16,123.45607089804727,123.6715373300041,120.68430653281493,120.88998413085938,931800,0.0,0.0,0.0,VDE
1245,2025-12-17,121.83615149254247,123.57441256449468,121.56948254571674,123.33737182617188,819000,1.028,0.0,0.0,VDE
1246,2025-12-18,123.24848853835209,123.24848853835209,121.27319424178772,121.58924102783203,753000,0.0,0.0,0.0,VDE
1247,2025-12-19,121.97442548290748,122.82380265183525,121.59912227099865,121.86578369140625,514000,0.0,0.0,0.0,VDE
1248,2025-12-22,123.04108102029821,123.92008636144641,122.86330423584411,123.07070922851562,502900,0.0,0.0,0.0,VDE
1249,2025-12-23,123.39663537087677,123.98922214442773,123.07071000812135,123.8509521484375,305300,0.0,0.0,0.0,VDE
1250,2025-12-24,123.73243009808007,123.959592251348,123.29786295364552,123.42626190185547,202900,0.0,0.0,0.0,VDE
1251,2025-12-26,123.27811491648153,123.62378990621701,122.40898815155374,122.9719467163086,360000,0.0,0.0,0.0,VDE
1252,2025-12-29,123.73243296284488,124.43366153068641,123.29786580834885,124.11761474609375,526700,0.0,0.0,0.0,VDE
1253,2025-12-30,124.60156092677688,125.43118086840488,124.60156092677688,125.05587768554688,403600,0.0,0.0,0.0,VDE
1254,2025-12-31,125.03612519133137,125.03612519133137,123.96946448215115,124.3645248413086,413600,0.0,0.0,0.0,VDE
1255,2026-01-02,124.34477062208417,127.40647510597304,123.79168312562956,127.0706787109375,747700,0.0,0.0,0.0,VDE
1256,2026-01-05,131.33729698367785,131.47556696417524,126.9323996976197,130.0039825439453,1495300,0.0,0.0,0.0,VDE
1257,2026-01-06,130.23115097632737,130.3792920174935,126.56697349839328,126.84351348876953,1031700,0.0,0.0,0.0,VDE
1258,2026-01-07,127.38672695808631,127.38672695808631,125.33242658424383,125.52995300292969,808700,0.0,0.0,0.0,VDE
1259,2026-01-08,126.1027830419858,130.0731211004011,125.89537805353831,129.2533721923828,783600,0.0,0.0,0.0,VDE
1260,2026-01-09,129.8064545460709,130.22127960088494,129.20400426665339,129.5792999267578,688900,0.0,0.0,0.0,VDE
1261,2026-01-12,129.83608425429262,129.8755835042755,128.265714034541,128.86817932128906,419700,0.0,0.0,0.0,VDE
1262,2026-01-13,129.83609269962912,131.71261613697845,129.83609269962912,130.7842254638672,640300,0.0,0.0,0.0,VDE
1263,2026-01-14,131.31756361041505,135.26815196719855,131.31756361041505,133.67803955078125,1216300,0.0,0.0,0.0,VDE
1264,2026-01-15,132.3052150243003,133.70767212836503,131.4755799888304,132.57186889648438,822500,0.0,0.0,0.0,VDE
1265,2026-01-16,132.70027891987021,133.20397356855509,132.34472532365137,132.95706176757812,379200,0.0,0.0,0.0,VDE
1266,2026-01-20,133.88543697196056,134.4088887235003,132.2854535102956,132.542236328125,728800,0.0,0.0,0.0,VDE
1267,2026-01-21,134.4879063231869,136.6903551778479,134.4879063231869,135.979248046875,775700,0.0,0.0,0.0,VDE
1268,2026-01-22,135.73233429154055,136.54221215069862,135.1595122329883,136.27554321289062,809000,0.0,0.0,0.0,VDE
1269,2026-01-23,137.96442320439232,138.9125559631168,136.71010719140003,136.97677612304688,776300,0.0,0.0,0.0,VDE
1270,2026-01-26,138.61627389495195,138.6755303085849,136.32492543248725,136.97677612304688,705700,0.0,0.0,0.0,VDE
1271,2026-01-27,137.3817143157707,138.6459013675745,136.90763286862045,138.41873168945312,511600,0.0,0.0,0.0,VDE
1272,2026-01-28,139.25824846492642,139.55454562465638,137.95454699023438,139.3175048828125,679700,0.0,0.0,0.0,VDE
1273,2026-01-29,142.17180609489373,143.90018863008422,140.66070714117976,140.87799072265625,1398700,0.0,0.0,0.0,VDE
1274,2026-01-30,140.2952822709243,142.26069047683825,138.91256720298165,142.01377868652344,1291800,0.0,0.0,0.0,VDE
1275,2026-02-02,139.44589887183167,140.64094344413152,138.53726533255357,139.3866424560547,1198700,0.0,0.0,0.0,VDE
1276,2026-02-03,139.71257783799985,143.94957764336303,139.38665245754115,143.6927947998047,1333300,0.0,0.0,0.0,VDE
1277,2026-02-04,144.2162434873772,146.89275886950944,144.10760169623862,146.56683349609375,1118600,0.0,0.0,0.0,VDE
1278,2026-02-05,145.08535687091282,145.53968118008513,142.57673980025464,144.76931762695312,823600,0.0,0.0,0.0,VDE
1279,2026-02-06,145.4902903317112,148.34458981733286,145.34214929641715,148.03842163085938,638700,0.0,0.0,0.0,VDE
1280,2026-02-09,148.05818020967052,149.56927906532994,147.4162005532206,149.39149475097656,571800,0.0,0.0,0.0,VDE
1281,2026-02-10,149.8359603436475,149.8359603436475,148.14707703452197,148.9569549560547,580000,0.0,0.0,0.0,VDE
1282,2026-02-11,151.08037484718824,152.9766554300174,150.97173306571005,152.7791290283203,607000,0.0,0.0,0.0,VDE
1283,2026-02-12,152.48283742029153,153.25320096405565,148.94705894158744,149.71742248535156,1391800,0.0,0.0,0.0,VDE
1284,2026-02-13,149.66803712044205,151.60383209605286,149.3026125105238,151.0606231689453,575000,0.0,0.0,0.0,VDE
1285,2026-02-17,151.56434369893663,152.38407760093574,147.64338316736462,149.2729949951172,755500,0.0,0.0,0.0,VDE
1286,2026-02-18,151.15939528830654,152.44333956310808,150.77421351289598,152.206298828125,801400,0.0,0.0,0.0,VDE
1287,2026-02-19,153.58899003956972,155.09021780183323,152.6902426615834,153.490234375,849000,0.0,0.0,0.0,VDE
1288,2026-02-20,152.95690699876175,153.77665592937524,151.57420703766624,152.83839416503906,612000,0.0,0.0,0.0,VDE
1289,2026-02-23,153.2235775273442,155.58405360192728,152.53222753965656,153.26307678222656,678900,0.0,0.0,0.0,VDE
1290,2026-02-24,153.06554245006566,153.59888032033797,151.30753182789144,153.3124542236328,708100,0.0,0.0,0.0,VDE
1291,2026-02-25,153.94454894156763,153.94454894156763,150.7445819765918,152.7001190185547,593600,0.0,0.0,0.0,VDE
1292,2026-02-26,151.43594153897087,154.86307840535892,150.51742183944364,153.2828369140625,1258500,0.0,0.0,0.0,VDE
1293,2026-02-27,154.81367538138258,156.2753887984739,152.9964084228044,155.64329528808594,805500,0.0,0.0,0.0,VDE
1294,2026-03-02,161.28277525408396,161.28277525408396,156.66057896631415,158.9025421142578,4544900,0.0,0.0,0.0,VDE
1295,2026-03-03,159.66302794744942,160.40376324528395,156.19637710859286,157.41119384765625,4039600,0.0,0.0,0.0,VDE
1296,2026-03-04,156.11739277361866,157.19392455396613,154.23098309372935,156.88775634765625,1179000,0.0,0.0,0.0,VDE
1297,2026-03-05,157.61860220736483,159.0408164889486,156.35441508380134,157.58897399902344,1508000,0.0,0.0,0.0,VDE
1298,2026-03-06,159.25809345812618,159.75191700373279,156.73959036147284,157.64822387695312,1791200,0.0,0.0,0.0,VDE
1299,2026-03-09,158.5865136521135,159.2976057513239,156.05812423257692,157.1149139404297,1968600,0.0,0.0,0.0,VDE
1300,2026-03-10,156.18651631701564,157.54947417700578,154.62603204536154,155.208740234375,1834100,0.0,0.0,0.0,VDE
1301,2026-03-11,155.0013419604996,159.03094403248173,154.96182763619535,158.92230224609375,885700,0.0,0.0,0.0,VDE
1302,2026-03-12,159.35686702548637,161.95436867370464,159.00131346352316,160.14697265625,1225600,0.0,0.0,0.0,VDE
1303,2026-03-13,159.89019023047842,161.2630191122441,159.1000695274531,160.76919555664062,850600,0.0,0.0,0.0,VDE
1304,2026-03-16,160.78896814183608,161.87537102619487,159.50502376004806,161.18402099609375,824600,0.0,0.0,0.0,VDE
1305,2026-03-17,161.74696357732296,164.49262120429503,161.74696357732296,163.0901641845703,881000,0.0,0.0,0.0,VDE
1306,2026-03-18,163.65312969215748,164.38399400824744,162.93215149255624,163.18893432617188,963700,0.0,0.0,0.0,VDE
1307,2026-03-19,164.28522965973957,166.9815173340009,163.5543803855018,165.8160858154297,1480300,0.0,0.0,0.0,VDE
1308,2026-03-20,166.4778054382469,168.35434411328185,165.47040109987233,165.69757080078125,1418400,0.0,0.0,0.0,VDE
1309,2026-03-23,162.85313990791934,168.11730108879874,162.13216169948248,167.33705139160156,1660900,0.0,0.0,0.0,VDE
1310,2026-03-24,167.99164950325397,172.68015951754208,167.96185087173396,170.9716339111328,874500,0.969,0.0,0.0,VDE
1311,2026-03-25,169.35252959964973,171.20012065056656,169.35252959964973,170.2961883544922,558400,0.0,0.0,0.0,VDE
1312,2026-03-26,170.72330551225616,173.882096933498,170.51471508717458,172.97816467285156,816500,0.0,0.0,0.0,VDE
1313,2026-03-27,172.94836093446193,176.2660732435787,172.1934370138617,175.7694091796875,1077600,0.0,0.0,0.0,VDE
1314,2026-03-30,177.31900436317017,178.14346855470643,173.37549035589876,173.83242797851562,1403000,0.0,0.0,0.0,VDE
1315,2026-03-31,174.1602280199895,176.27602184991125,168.6174550712681,171.885498046875,2367800,0.0,0.0,0.0,VDE
1316,2026-04-01,167.69366083955578,170.31604647548406,164.117673537388,165.6871337890625,3301500,0.0,0.0,0.0,VDE
1317,2026-04-02,169.5909049532647,171.4186402055012,166.13412735450763,166.938720703125,1270100,0.0,0.0,0.0,VDE
1318,2026-04-06,166.5215377084098,168.05125645692524,165.94540553749258,168.00160217285156,1368200,0.0,0.0,0.0,VDE
1319,2026-04-07,168.3889921041185,170.96170837298902,168.31945185831862,169.4021759033203,1208400,0.0,0.0,0.0,VDE
1320,2026-04-08,159.93576675785803,163.96869194976145,158.43584664426095,163.6806182861328,1730700,0.0,0.0,0.0,VDE
1321,2026-04-09,163.710411499435,166.33279723355255,161.03835632595843,161.644287109375,2444000,0.0,0.0,0.0,VDE
1322,2026-04-10,161.09795340565387,161.94228840283463,159.16096652875166,160.71055603027344,838300,0.0,0.0,0.0,VDE
1323,2026-04-13,162.3197636325548,162.91575145407822,159.9159112246774,161.2270965576172,831900,0.0,0.0,0.0,VDE
1324,2026-04-14,159.51855819864005,159.62782489746562,156.4690487701187,157.63124084472656,1045300,0.0,0.0,0.0,VDE
1325,2026-04-15,156.88624563991567,158.56497258721254,155.87304671393468,157.39283752441406,829800,0.0,0.0,0.0,VDE
1326,2026-04-16,157.7107154289056,160.4820943125564,157.50210984726164,159.85629272460938,889100,0.0,0.0,0.0,VDE
1327,2026-04-17,153.8764680032678,155.4757269377933,150.88654055868528,155.0287322998047,1864000,0.0,0.0,0.0,VDE
1328,2026-04-20,155.61479454934835,157.02531873009252,154.47245806112937,155.40618896484375,736200,0.0,0.0,0.0,VDE
1329,2026-04-21,155.803520752539,157.89944367947734,155.20751782131148,157.63124084472656,1187900,0.0,0.0,0.0,VDE
1330,2026-04-22,158.87291208966917,160.1940403925255,158.78351619083313,159.67750549316406,688700,0.0,0.0,0.0,VDE
1331,2026-04-23,160.37283282935772,161.41583045755746,159.71723258797672,160.95889282226562,559700,0.0,0.0,0.0,VDE
1332,2026-04-24,160.55164108738703,160.81982878714,158.8629710294646,160.6410369873047,425900,0.0,0.0,0.0,VDE
1333,2026-04-27,161.38602288269726,163.05480686976753,160.27350022465043,160.8098907470703,489200,0.0,0.0,0.0,VDE
1334,2026-04-28,163.24355087804557,164.05808726805648,162.35948939646448,163.33294677734375,635400,0.0,0.0,0.0,VDE
1335,2026-04-29,165.09113901174325,167.05792454664075,164.3163442508144,167.00827026367188,805100,0.0,0.0,0.0,VDE
1336,2026-04-30,164.74348330395676,168.94525722539208,163.79980941545583,168.44859313964844,610700,0.0,0.0,0.0,VDE
1337,2026-05-01,166.8890648658973,168.0214584038209,164.49515543123317,166.40234375,717100,0.0,0.0,0.0,VDE
1338,2026-05-04,166.28312544281454,168.3095233469233,164.7534067682878,168.12078857421875,569400,0.0,0.0,0.0,VDE
1339,2026-05-05,167.37579631215718,168.90551502184178,166.620872360973,168.10092163085938,427700,0.0,0.0,0.0,VDE
1340,2026-05-06,162.22041657487983,163.64088370070996,160.3827686048982,161.34628295898438,978900,0.0,0.0,0.0,VDE
1341,2026-05-07,158.28684244290434,158.75370787321427,155.92271666022717,158.24710083007812,1049700,0.0,0.0,0.0,VDE
1342,2026-05-08,157.95904789615327,158.81331071813437,156.88625166689894,157.3233184814453,478400,0.0,0.0,0.0,VDE
1343,2026-05-11,158.64444620821394,161.57476123229543,158.64444620821394,161.3760986328125,485400,0.0,0.0,0.0,VDE
1344,2026-05-12,162.81642240347927,163.20381977974313,161.33635798801745,162.57801818847656,602500,0.0,0.0,0.0,VDE
1345,2026-05-13,162.39922283200457,162.6773534982466,160.77016529102232,162.51841735839844,338200,0.0,0.0,0.0,VDE
1346,2026-05-14,162.3197596813095,164.0084145366647,162.1409527293153,163.7004852294922,326100,0.0,0.0,0.0,VDE
1347,2026-05-15,165.3196049413562,167.32613214798565,164.76334357484163,167.25660705566406,500000,0.0,0.0,0.0,VDE
1348,2026-05-18,166.6605920776312,170.77296992063893,165.46860135561153,170.35577392578125,613800,0.0,0.0,0.0,VDE
1349,2026-05-19,170.63390736787446,172.6503622876843,169.5313125217285,172.09410095214844,493700,0.0,0.0,0.0,VDE
1350,2026-05-20,171.36897615585934,173.4251575384149,167.81285957093834,168.04132080078125,1192100,0.0,0.0,0.0,VDE
1351,2026-05-21,169.7796388881233,170.32597238048916,165.07125818616672,166.16392517089844,1088500,0.0,0.0,0.0,VDE
1352,2026-05-22,165.8957309307924,167.32612590963564,165.38913902452913,166.8990020751953,570400,0.0,0.0,0.0,VDE
1353,2026-05-26,165.40900739171002,167.31619561637228,162.57801610809523,162.627685546875,712000,0.0,0.0,0.0,VDE
1354,2026-05-27,160.11456238493082,161.24695583755204,158.54510213358134,159.7668914794922,804100,0.0,0.0,0.0,VDE
1355,2026-05-28,161.2866904997647,161.5548933502642,158.92257975624045,159.647705078125,831200,0.0,0.0,0.0,VDE
1356,2026-05-29,158.94243027195316,159.29010118384994,157.07498367494966,158.03851318359375,671800,0.0,0.0,0.0,VDE
1357,2026-06-01,159.8165590681445,162.15088619026372,159.6576229328121,160.7502899169922,987300,0.0,0.0,0.0,VDE
1358,2026-06-02,160.29335833708845,163.34288302574643,160.29335833708845,162.627685546875,591500,0.0,0.0,0.0,VDE
1359,2026-06-03,163.54154423890986,166.3526646918095,162.84621757283574,164.46534729003906,600400,0.0,0.0,0.0,VDE
1360,2026-06-04,163.7501467645416,165.4090029073166,162.88594099276034,164.75340270996094,385000,0.0,0.0,0.0,VDE
1361,2026-06-05,164.64414584003927,164.64414584003927,161.21716665033142,161.27676391601562,831900,0.0,0.0,0.0,VDE
1362,2026-06-08,162.48862691121874,164.9620195573656,162.47869908584738,163.33294677734375,515100,0.0,0.0,0.0,VDE
1363,2026-06-09,163.24355262169496,163.24355262169496,158.83317299205245,160.4821014404297,990900,0.0,0.0,0.0,VDE
1364,2026-06-10,162.001890166993,165.02161633941142,161.58469414784017,162.98529052734375,899500,0.0,0.0,0.0,VDE
1365,2026-06-11,164.8229388074196,165.0514152034782,159.85629787200187,160.02517700195312,883400,0.0,0.0,0.0,VDE
1366,2026-06-12,158.96229620525258,162.846212752406,158.73383498394475,161.2568817138672,826500,0.0,0.0,0.0,VDE
1367,2026-06-15,154.77045264131948,157.10477979650858,154.47245117259553,155.714111328125,1251500,0.0,0.0,0.0,VDE
1368,2026-06-16,154.4327221330683,155.50551830833626,154.13472066932988,154.90951538085938,564800,0.0,0.0,0.0,VDE
1369,2026-06-17,154.4625329866973,155.09826241972007,152.89307263333188,153.25067138671875,951400,0.0,0.0,0.0,VDE
1370,2026-06-18,151.97920304138546,151.97920304138546,149.2972201367579,150.8070831298828,959800,0.0,0.0,0.0,VDE
1371,2026-06-22,151.31367328594462,152.85333489263203,150.1514812124666,152.7241973876953,1220600,0.0,0.0,0.0,VDE
1372,2026-06-23,152.54541527041417,153.9956659195266,152.0288803749155,153.6479949951172,386100,0.0,0.0,0.0,VDE
1373,2026-06-24,151.05999755859375,151.5399932861328,149.55999755859375,150.8800048828125,488300,1.032,0.0,0.0,VDE
1374,2026-06-25,150.16000366210938,153.02999877929688,149.50999450683594,152.5399932861328,624400,0.0,0.0,0.0,VDE
1375,2026-06-26,152.0,152.72000122070312,151.33999633789062,152.07000732421875,599800,0.0,0.0,0.0,VDE
1376,2026-06-29,152.1699981689453,153.17999267578125,150.97999572753906,151.27999877929688,975600,0.0,0.0,0.0,VDE
1377,2026-06-30,151.4199981689453,152.72000122070312,150.07000732421875,150.1300048828125,1780200,0.0,0.0,0.0,VDE
1378,2026-07-01,150.16000366210938,151.10000610351562,148.8699951171875,149.3300018310547,2735900,0.0,0.0,0.0,VDE
1379,2026-07-02,150.35000610351562,151.7899932861328,149.5399932861328,150.44000244140625,476400,0.0,0.0,0.0,VDE
1380,2026-07-06,149.9600067138672,151.39999389648438,149.8800048828125,150.14999389648438,413900,0.0,0.0,0.0,VDE
1381,2026-07-07,151.4199981689453,154.8000030517578,151.4199981689453,154.3300018310547,494200,0.0,0.0,0.0,VDE
1382,2026-07-08,156.8000030517578,158.1199951171875,155.0,156.94000244140625,820300,0.0,0.0,0.0,VDE
1383,2026-07-09,156.2100067138672,156.49000549316406,154.61000061035156,154.80999755859375,353700,0.0,0.0,0.0,VDE
1384,2026-07-10,155.6300048828125,155.88999938964844,153.5500030517578,155.5,372500,0.0,0.0,0.0,VDE
1385,2026-07-13,157.5399932861328,160.82000732421875,157.5399932861328,160.14999389648438,523700,0.0,0.0,0.0,VDE
1386,2026-07-14,161.00999450683594,161.49000549316406,159.11000061035156,160.91000366210938,393100,0.0,0.0,0.0,VDE
1387,2026-07-15,160.91000366210938,161.25,157.5,159.4199981689453,593100,0.0,0.0,0.0,VDE
1388,2026-07-16,159.94000244140625,161.5500030517578,159.77000427246094,160.75999450683594,300800,0.0,0.0,0.0,VDE
1389,2026-07-17,163.1300048828125,163.72000122070312,161.50999450683594,162.77999877929688,436900,0.0,0.0,0.0,VDE
1390,2026-07-20,162.17999267578125,164.72000122070312,161.97999572753906,163.47999572753906,415500,0.0,0.0,0.0,VDE
1391,2026-07-21,164.16000366210938,165.52000427246094,163.30999755859375,165.52000427246094,317500,0.0,0.0,0.0,VDE
1392,2026-07-22,167.66000366210938,168.30999755859375,166.6999969482422,167.49000549316406,339500,0.0,0.0,0.0,VDE
1393,2026-07-23,170.10000610351562,170.85000610351562,167.77000427246094,168.1699981689453,553700,0.0,0.0,0.0,VDE
1394,2026-07-24,167.97000122070312,170.7100067138672,167.83999633789062,168.22999572753906,497400,0.0,0.0,0.0,VDE
1395,2026-07-27,164.52000427246094,167.05999755859375,164.22999572753906,164.52000427246094,549300,0.0,0.0,0.0,VDE
1396,2026-07-28,164.5800018310547,165.42999267578125,161.32000732421875,162.02000427246094,484700,0.0,0.0,0.0,VDE
1397,2026-07-29,166.1999969482422,166.89999389648438,164.47999572753906,165.13999938964844,529200,0.0,0.0,0.0,VDE
1398,2026-07-30,163.72000122070312,166.66000366210938,163.58999633789062,166.27999877929688,373800,0.0,0.0,0.0,VDE
1399,2026-07-31,165.72000122070312,168.36000061035156,164.50999450683594,167.97000122070312,382900,0.0,0.0,0.0,VDE
1400,2026-08-03,165.17999267578125,167.2899932861328,164.1999969482422,165.8699951171875,468000,0.0,0.0,0.0,VDE
1401,2026-08-04,163.52999877929688,165.8000030517578,161.32000732421875,165.25,521300,0.0,0.0,0.0,VDE
1402,2026-08-05,165.97999572753906,166.2100067138672,161.5399932861328,161.57000732421875,523500,0.0,0.0,0.0,VDE
1403,2026-08-06,164.41000366210938,165.0,162.69000244140625,164.1199951171875,340700,0.0,0.0,0.0,VDE
1404,2026-08-07,162.42999267578125,164.02999877929688,161.4199981689453,162.3699951171875,297200,0.0,0.0,0.0,VDE
1405,2026-08-10,164.39999389648438,170.13999938964844,164.0399932861328,170.07000732421875,594700,0.0,0.0,0.0,VDE
1406,2026-08-11,169.86000061035156,172.50999450683594,169.83999633789062,171.9600067138672,336400,0.0,0.0,0.0,VDE
1407,2026-08-12,171.0500030517578,172.75,170.3699951171875,172.2899932861328,399700,0.0,0.0,0.0,VDE
1408,2026-08-13,171.0500030517578,172.47999572753906,170.16000366210938,172.3000030517578,286800,0.0,0.0,0.0,VDE
1409,2026-08-14,172.97999572753906,175.3300018310547,172.91000366210938,174.67999267578125,438700,0.0,0.0,0.0,VDE
1410,2026-08-17,175.10000610351562,176.82000732421875,174.3699951171875,176.6199951171875,484900,0.0,0.0,0.0,VDE
1411,2026-08-18,178.41000366210938,179.42999267578125,177.77000427246094,179.2100067138672,590000,0.0,0.0,0.0,VDE
1412,2026-08-19,179.91000366210938,180.8000030517578,178.61000061035156,179.05999755859375,471800,0.0,0.0,0.0,VDE
1413,2026-08-20,180.35000610351562,182.14999389648438,179.5,179.72000122070312,605200,0.0,0.0,0.0,VDE
1414,2026-08-21,179.99000549316406,181.22000122070312,178.67999267578125,179.5800018310547,502100,0.0,0.0,0.0,VDE
1415,2026-08-24,178.5,179.49000549316406,176.3300018310547,177.8699951171875,345600,0.0,0.0,0.0,VDE
1416,2026-08-25,175.5399932861328,176.92999267578125,175.08999633789062,175.1300048828125,531400,0.0,0.0,0.0,VDE
1417,2026-08-26,173.47999572753906,177.44000244140625,173.0,175.94000244140625,385200,0.0,0.0,0.0,VDE
1418,2026-08-27,175.47999572753906,176.9199981689453,173.57000732421875,175.74000549316406,283400,0.0,0.0,0.0,VDE
1419,2026-08-28,175.97000122070312,176.83999633789062,175.3000030517578,176.55999755859375,256000,0.0,0.0,0.0,VDE
1420,2021-01-04,23.040000915527344,29.190000534057617,22.559999465942383,26.969999313354492,0,0.0,0.0,,^VIX
1421,2021-01-05,26.940000534057617,28.600000381469727,24.799999237060547,25.34000015258789,0,0.0,0.0,,^VIX
1422,2021-01-06,25.479999542236328,26.770000457763672,22.139999389648438,25.06999969482422,0,0.0,0.0,,^VIX
1423,2021-01-07,23.670000076293945,23.90999984741211,22.25,22.3700008392334,0,0.0,0.0,,^VIX
1424,2021-01-08,22.43000030517578,23.34000015258789,21.420000076293945,21.559999465942383,0,0.0,0.0,,^VIX
1425,2021-01-11,23.309999465942383,24.809999465942383,23.229999542236328,24.079999923706055,0,0.0,0.0,,^VIX
1426,2021-01-12,23.489999771118164,25.149999618530273,22.829999923706055,23.329999923706055,0,0.0,0.0,,^VIX
1427,2021-01-13,23.06999969482422,24.18000030517578,21.920000076293945,22.209999084472656,0,0.0,0.0,,^VIX
1428,2021-01-14,22.219999313354492,23.469999313354492,21.65999984741211,23.25,0,0.0,0.0,,^VIX
1429,2021-01-15,23.520000457763672,25.799999237060547,23.079999923706055,24.34000015258789,0,0.0,0.0,,^VIX
1430,2021-01-19,23.030000686645508,23.559999465942383,22.530000686645508,23.239999771118164,0,0.0,0.0,,^VIX
1431,2021-01-20,22.81999969482422,22.860000610351562,21.3700008392334,21.579999923706055,0,0.0,0.0,,^VIX
1432,2021-01-21,21.34000015258789,22.219999313354492,21.09000015258789,21.31999969482422,0,0.0,0.0,,^VIX
1433,2021-01-22,22.239999771118164,23.729999542236328,21.270000457763672,21.90999984741211,0,0.0,0.0,,^VIX
1434,2021-01-25,22.309999465942383,26.6299991607666,22.200000762939453,23.190000534057617,0,0.0,0.0,,^VIX
1435,2021-01-26,23.90999984741211,23.940000534057617,22.549999237060547,23.020000457763672,0,0.0,0.0,,^VIX
1436,2021-01-27,23.81999969482422,37.209999084472656,23.709999084472656,37.209999084472656,0,0.0,0.0,,^VIX
1437,2021-01-28,33.25,36.290000915527344,27.389999389648438,30.209999084472656,0,0.0,0.0,,^VIX
1438,2021-01-29,35.15999984741211,37.5099983215332,29.239999771118164,33.09000015258789,0,0.0,0.0,,^VIX
1439,2021-02-01,31.450000762939453,33.959999084472656,29.030000686645508,30.239999771118164,0,0.0,0.0,,^VIX
1440,2021-02-02,28.010000228881836,28.079999923706055,25.309999465942383,25.559999465942383,0,0.0,0.0,,^VIX
1441,2021-02-03,24.59000015258789,25.43000030517578,22.90999984741211,22.90999984741211,0,0.0,0.0,,^VIX
1442,2021-02-04,23.440000534057617,23.440000534057617,21.68000030517578,21.770000457763672,0,0.0,0.0,,^VIX
1443,2021-02-05,21.989999771118164,22.15999984741211,20.860000610351562,20.8700008392334,0,0.0,0.0,,^VIX
1444,2021-02-08,21.889999389648438,22.06999969482422,21.229999542236328,21.239999771118164,0,0.0,0.0,,^VIX
1445,2021-02-09,21.56999969482422,22.260000228881836,20.649999618530273,21.6299991607666,0,0.0,0.0,,^VIX
1446,2021-02-10,21.639999389648438,23.850000381469727,19.690000534057617,21.989999771118164,0,0.0,0.0,,^VIX
1447,2021-02-11,22.09000015258789,23.25,21.110000610351562,21.25,0,0.0,0.0,,^VIX
1448,2021-02-12,21.600000381469727,22.450000762939453,19.950000762939453,19.969999313354492,0,0.0,0.0,,^VIX
1449,2021-02-16,21.1299991607666,22.459999084472656,20.8799991607666,21.459999084472656,0,0.0,0.0,,^VIX
1450,2021-02-17,22.020000457763672,23.440000534057617,21.09000015258789,21.5,0,0.0,0.0,,^VIX
1451,2021-02-18,21.979999542236328,24.229999542236328,21.799999237060547,22.489999771118164,0,0.0,0.0,,^VIX
1452,2021-02-19,23.100000381469727,23.190000534057617,20.84000015258789,22.049999237060547,0,0.0,0.0,,^VIX
1453,2021-02-22,24.459999084472656,25.09000015258789,21.959999084472656,23.450000762939453,0,0.0,0.0,,^VIX
1454,2021-02-23,22.81999969482422,27.010000228881836,22.5,23.110000610351562,0,0.0,0.0,,^VIX
1455,2021-02-24,23.760000228881836,25.040000915527344,21.309999465942383,21.34000015258789,0,0.0,0.0,,^VIX
1456,2021-02-25,21.729999542236328,31.15999984741211,21.520000457763672,28.889999389648438,0,0.0,0.0,,^VIX
1457,2021-02-26,28.729999542236328,30.81999969482422,25.229999542236328,27.950000762939453,0,0.0,0.0,,^VIX
1458,2021-03-01,25.200000762939453,25.389999389648438,23.170000076293945,23.350000381469727,0,0.0,0.0,,^VIX
1459,2021-03-02,23.579999923706055,24.600000381469727,22.799999237060547,24.100000381469727,0,0.0,0.0,,^VIX
1460,2021-03-03,22.799999237060547,26.790000915527344,22.450000762939453,26.670000076293945,0,0.0,0.0,,^VIX
1461,2021-03-04,26.520000457763672,31.899999618530273,24.93000030517578,28.56999969482422,0,0.0,0.0,,^VIX
1462,2021-03-05,29.479999542236328,30.030000686645508,24.329999923706055,24.65999984741211,0,0.0,0.0,,^VIX
1463,2021-03-08,27.610000610351562,28.389999389648438,24.06999969482422,25.469999313354492,0,0.0,0.0,,^VIX
1464,2021-03-09,25.110000610351562,25.25,22.899999618530273,24.030000686645508,0,0.0,0.0,,^VIX
1465,2021-03-10,23.760000228881836,23.8700008392334,22.3799991607666,22.559999465942383,0,0.0,0.0,,^VIX
1466,2021-03-11,22.5,22.5,21.450000762939453,21.90999984741211,0,0.0,0.0,,^VIX
1467,2021-03-12,22.56999969482422,22.989999771118164,20.6299991607666,20.690000534057617,0,0.0,0.0,,^VIX
1468,2021-03-15,21.84000015258789,21.860000610351562,19.8700008392334,20.030000686645508,0,0.0,0.0,,^VIX
1469,2021-03-16,20.139999389648438,20.309999465942383,19.329999923706055,19.790000915527344,0,0.0,0.0,,^VIX
1470,2021-03-17,20.100000381469727,20.950000762939453,19.18000030517578,19.229999542236328,0,0.0,0.0,,^VIX
1471,2021-03-18,18.950000762939453,22.600000381469727,18.950000762939453,21.579999923706055,0,0.0,0.0,,^VIX
1472,2021-03-19,21.43000030517578,23.170000076293945,19.899999618530273,20.950000762939453,0,0.0,0.0,,^VIX
1473,2021-03-22,21.90999984741211,22.290000915527344,18.8700008392334,18.8799991607666,0,0.0,0.0,,^VIX
1474,2021-03-23,19.459999084472656,21.579999923706055,18.799999237060547,20.299999237060547,0,0.0,0.0,,^VIX
1475,2021-03-24,20.639999389648438,21.489999771118164,19.299999237060547,21.200000762939453,0,0.0,0.0,,^VIX
1476,2021-03-25,20.799999237060547,23.549999237060547,19.809999465942383,19.809999465942383,0,0.0,0.0,,^VIX
1477,2021-03-26,19.31999969482422,21.489999771118164,18.68000030517578,18.860000610351562,0,0.0,0.0,,^VIX
1478,2021-03-29,20.399999618530273,21.600000381469727,19.420000076293945,20.739999771118164,0,0.0,0.0,,^VIX
1479,2021-03-30,20.760000228881836,21.75,19.469999313354492,19.610000610351562,0,0.0,0.0,,^VIX
1480,2021-03-31,19.799999237060547,20.110000610351562,18.850000381469727,19.399999618530273,0,0.0,0.0,,^VIX
1481,2021-04-01,18.600000381469727,18.639999389648438,17.290000915527344,17.329999923706055,0,0.0,0.0,,^VIX
1482,2021-04-05,18.15999984741211,18.399999618530273,17.350000381469727,17.90999984741211,0,0.0,0.0,,^VIX
1483,2021-04-06,18.06999969482422,18.299999237060547,17.3700008392334,18.1200008392334,0,0.0,0.0,,^VIX
1484,2021-04-07,17.989999771118164,18.170000076293945,16.8700008392334,17.15999984741211,0,0.0,0.0,,^VIX
1485,2021-04-08,16.920000076293945,17.360000610351562,16.549999237060547,16.950000762939453,0,0.0,0.0,,^VIX
1486,2021-04-09,17.049999237060547,17.34000015258789,16.200000762939453,16.690000534057617,0,0.0,0.0,,^VIX
1487,2021-04-12,17.43000030517578,17.90999984741211,16.809999465942383,16.90999984741211,0,0.0,0.0,,^VIX
1488,2021-04-13,16.989999771118164,17.860000610351562,16.43000030517578,16.649999618530273,0,0.0,0.0,,^VIX
1489,2021-04-14,16.709999084472656,17.690000534057617,15.380000114440918,16.989999771118164,0,0.0,0.0,,^VIX
1490,2021-04-15,16.780000686645508,16.920000076293945,15.9399995803833,16.56999969482422,0,0.0,0.0,,^VIX
1491,2021-04-16,16.649999618530273,16.8799991607666,16.049999237060547,16.25,0,0.0,0.0,,^VIX
1492,2021-04-19,17.040000915527344,18.610000610351562,16.780000686645508,17.290000915527344,0,0.0,0.0,,^VIX
1493,2021-04-20,17.360000610351562,19.700000762939453,17.239999771118164,18.68000030517578,0,0.0,0.0,,^VIX
1494,2021-04-21,18.479999542236328,19.290000915527344,16.90999984741211,17.5,0,0.0,0.0,,^VIX
1495,2021-04-22,17.280000686645508,19.899999618530273,16.989999771118164,18.709999084472656,0,0.0,0.0,,^VIX
1496,2021-04-23,18.559999465942383,18.780000686645508,16.799999237060547,17.329999923706055,0,0.0,0.0,,^VIX
1497,2021-04-26,17.940000534057617,18.170000076293945,16.8700008392334,17.639999389648438,0,0.0,0.0,,^VIX
1498,2021-04-27,17.6200008392334,18.15999984741211,16.969999313354492,17.559999465942383,0,0.0,0.0,,^VIX
1499,2021-04-28,17.469999313354492,17.84000015258789,16.670000076293945,17.280000686645508,0,0.0,0.0,,^VIX
1500,2021-04-29,16.8799991607666,18.8700008392334,16.770000457763672,17.610000610351562,0,0.0,0.0,,^VIX
1501,2021-04-30,17.670000076293945,19.25,17.639999389648438,18.610000610351562,0,0.0,0.0,,^VIX
1502,2021-05-03,18.649999618530273,19.1200008392334,17.799999237060547,18.309999465942383,0,0.0,0.0,,^VIX
1503,2021-05-04,18.15999984741211,21.850000381469727,18.110000610351562,19.479999542236328,0,0.0,0.0,,^VIX
1504,2021-05-05,18.84000015258789,19.579999923706055,17.889999389648438,19.149999618530273,0,0.0,0.0,,^VIX
1505,2021-05-06,18.40999984741211,20.600000381469727,18.209999084472656,18.389999389648438,0,0.0,0.0,,^VIX
1506,2021-05-07,18.450000762939453,18.56999969482422,16.68000030517578,16.690000534057617,0,0.0,0.0,,^VIX
1507,2021-05-10,17.34000015258789,19.75,17.06999969482422,19.65999984741211,0,0.0,0.0,,^VIX
1508,2021-05-11,21.170000076293945,23.729999542236328,20.709999084472656,21.84000015258789,0,0.0,0.0,,^VIX
1509,2021-05-12,22.420000076293945,28.3799991607666,21.65999984741211,27.59000015258789,0,0.0,0.0,,^VIX
1510,2021-05-13,26.030000686645508,28.93000030517578,22.229999542236328,23.1299991607666,0,0.0,0.0,,^VIX
1511,2021-05-14,21.770000457763672,22.100000381469727,18.65999984741211,18.809999465942383,0,0.0,0.0,,^VIX
1512,2021-05-17,19.889999389648438,21.579999923706055,19.670000076293945,19.719999313354492,0,0.0,0.0,,^VIX
1513,2021-05-18,18.889999389648438,21.450000762939453,18.809999465942383,21.34000015258789,0,0.0,0.0,,^VIX
1514,2021-05-19,22.459999084472656,25.959999084472656,21.8799991607666,22.18000030517578,0,0.0,0.0,,^VIX
1515,2021-05-20,22.329999923706055,23.5,20.190000534057617,20.670000076293945,0,0.0,0.0,,^VIX
1516,2021-05-21,20.420000076293945,20.889999389648438,19.530000686645508,20.149999618530273,0,0.0,0.0,,^VIX
1517,2021-05-24,20.5,20.510000228881836,18.3799991607666,18.399999618530273,0,0.0,0.0,,^VIX
1518,2021-05-25,18.350000381469727,19.290000915527344,16.8700008392334,18.84000015258789,0,0.0,0.0,,^VIX
1519,2021-05-26,18.3700008392334,18.920000076293945,17.350000381469727,17.360000610351562,0,0.0,0.0,,^VIX
1520,2021-05-27,18.030000686645508,18.170000076293945,16.520000457763672,16.739999771118164,0,0.0,0.0,,^VIX
1521,2021-05-28,16.799999237060547,16.860000610351562,15.899999618530273,16.760000228881836,0,0.0,0.0,,^VIX
1522,2021-06-01,17.239999771118164,18.530000686645508,15.680000305175781,17.899999618530273,0,0.0,0.0,,^VIX
1523,2021-06-02,17.860000610351562,18.309999465942383,16.739999771118164,17.479999542236328,0,0.0,0.0,,^VIX
1524,2021-06-03,17.729999542236328,19.270000457763672,17.450000762939453,18.040000915527344,0,0.0,0.0,,^VIX
1525,2021-06-04,18.09000015258789,18.420000076293945,16.18000030517578,16.420000076293945,0,0.0,0.0,,^VIX
1526,2021-06-07,17.34000015258789,17.350000381469727,15.779999732971191,16.420000076293945,0,0.0,0.0,,^VIX
1527,2021-06-08,16.579999923706055,17.75,15.149999618530273,17.06999969482422,0,0.0,0.0,,^VIX
1528,2021-06-09,17.18000030517578,17.959999084472656,15.550000190734863,17.889999389648438,0,0.0,0.0,,^VIX
1529,2021-06-10,18.18000030517578,18.290000915527344,16.010000228881836,16.100000381469727,0,0.0,0.0,,^VIX
1530,2021-06-11,16.18000030517578,16.200000762939453,15.149999618530273,15.649999618530273,0,0.0,0.0,,^VIX
1531,2021-06-14,16.040000915527344,17.040000915527344,15.039999961853027,16.389999389648438,0,0.0,0.0,,^VIX
1532,2021-06-15,16.270000457763672,17.350000381469727,16.139999389648438,17.020000457763672,0,0.0,0.0,,^VIX
1533,2021-06-16,16.989999771118164,19.110000610351562,16.420000076293945,18.149999618530273,0,0.0,0.0,,^VIX
1534,2021-06-17,18.489999771118164,19.219999313354492,16.709999084472656,17.75,0,0.0,0.0,,^VIX
1535,2021-06-18,16.959999084472656,21.040000915527344,16.920000076293945,20.700000762939453,0,0.0,0.0,,^VIX
1536,2021-06-21,21.739999771118164,21.81999969482422,17.809999465942383,17.889999389648438,0,0.0,0.0,,^VIX
1537,2021-06-22,17.90999984741211,18.31999969482422,15.760000228881836,16.65999984741211,0,0.0,0.0,,^VIX
1538,2021-06-23,16.25,16.84000015258789,14.859999656677246,16.31999969482422,0,0.0,0.0,,^VIX
1539,2021-06-24,15.989999771118164,16.049999237060547,14.1899995803833,15.970000267028809,0,0.0,0.0,,^VIX
1540,2021-06-25,16.040000915527344,16.170000076293945,15.210000038146973,15.619999885559082,0,0.0,0.0,,^VIX
1541,2021-06-28,16.06999969482422,16.459999084472656,15.390000343322754,15.760000228881836,0,0.0,0.0,,^VIX
1542,2021-06-29,15.6899995803833,16.309999465942383,14.100000381469727,16.020000457763672,0,0.0,0.0,,^VIX
1543,2021-06-30,16.18000030517578,17.309999465942383,15.579999923706055,15.829999923706055,0,0.0,0.0,,^VIX
1544,2021-07-01,15.619999885559082,16.010000228881836,15.3100004196167,15.479999542236328,0,0.0,0.0,,^VIX
1545,2021-07-02,15.529999732971191,15.539999961853027,14.25,15.069999694824219,0,0.0,0.0,,^VIX
1546,2021-07-06,15.770000457763672,17.940000534057617,15.729999542236328,16.440000534057617,0,0.0,0.0,,^VIX
1547,2021-07-07,16.43000030517578,17.639999389648438,16.079999923706055,16.200000762939453,0,0.0,0.0,,^VIX
1548,2021-07-08,17.739999771118164,21.290000915527344,17.739999771118164,19.0,0,0.0,0.0,,^VIX
1549,2021-07-09,17.8799991607666,18.1299991607666,16.079999923706055,16.18000030517578,0,0.0,0.0,,^VIX
1550,2021-07-12,16.850000381469727,17.520000457763672,16.139999389648438,16.170000076293945,0,0.0,0.0,,^VIX
1551,2021-07-13,16.389999389648438,17.229999542236328,15.9399995803833,17.1200008392334,0,0.0,0.0,,^VIX
1552,2021-07-14,17.34000015258789,17.510000228881836,15.949999809265137,16.329999923706055,0,0.0,0.0,,^VIX
1553,2021-07-15,16.700000762939453,18.09000015258789,16.559999465942383,17.010000228881836,0,0.0,0.0,,^VIX
1554,2021-07-16,16.799999237060547,18.700000762939453,16.030000686645508,18.450000762939453,0,0.0,0.0,,^VIX
1555,2021-07-19,19.610000610351562,25.09000015258789,19.270000457763672,22.5,0,0.0,0.0,,^VIX
1556,2021-07-20,20.889999389648438,22.969999313354492,19.3700008392334,19.729999542236328,0,0.0,0.0,,^VIX
1557,2021-07-21,19.729999542236328,19.81999969482422,17.809999465942383,17.90999984741211,0,0.0,0.0,,^VIX
1558,2021-07-22,17.59000015258789,18.450000762939453,17.399999618530273,17.690000534057617,0,0.0,0.0,,^VIX
1559,2021-07-23,16.979999542236328,17.479999542236328,16.329999923706055,17.200000762939453,0,0.0,0.0,,^VIX
1560,2021-07-26,18.670000076293945,19.389999389648438,17.530000686645508,17.579999923706055,0,0.0,0.0,,^VIX
1561,2021-07-27,18.6200008392334,20.440000534057617,18.25,19.360000610351562,0,0.0,0.0,,^VIX
1562,2021-07-28,19.40999984741211,19.6200008392334,17.520000457763672,18.309999465942383,0,0.0,0.0,,^VIX
1563,2021-07-29,17.90999984741211,18.010000228881836,17.190000534057617,17.700000762939453,0,0.0,0.0,,^VIX
1564,2021-07-30,19.690000534057617,19.719999313354492,17.530000686645508,18.239999771118164,0,0.0,0.0,,^VIX
1565,2021-08-02,18.15999984741211,19.8700008392334,17.989999771118164,19.459999084472656,0,0.0,0.0,,^VIX
1566,2021-08-03,19.170000076293945,20.440000534057617,17.700000762939453,18.040000915527344,0,0.0,0.0,,^VIX
1567,2021-08-04,18.229999542236328,18.899999618530273,17.670000076293945,17.969999313354492,0,0.0,0.0,,^VIX
1568,2021-08-05,17.729999542236328,17.84000015258789,17.229999542236328,17.280000686645508,0,0.0,0.0,,^VIX
1569,2021-08-06,17.459999084472656,17.5,16.139999389648438,16.149999618530273,0,0.0,0.0,,^VIX
1570,2021-08-09,17.1200008392334,17.389999389648438,16.59000015258789,16.719999313354492,0,0.0,0.0,,^VIX
1571,2021-08-10,16.81999969482422,17.049999237060547,16.34000015258789,16.790000915527344,0,0.0,0.0,,^VIX
1572,2021-08-11,16.809999465942383,17.09000015258789,16.06999969482422,16.170000076293945,0,0.0,0.0,,^VIX
1573,2021-08-12,16.329999923706055,16.420000076293945,15.489999771118164,15.59000015258789,0,0.0,0.0,,^VIX
1574,2021-08-13,15.680000305175781,15.720000267028809,15.1899995803833,15.449999809265137,0,0.0,0.0,,^VIX
1575,2021-08-16,17.049999237060547,17.709999084472656,16.020000457763672,16.1200008392334,0,0.0,0.0,,^VIX
1576,2021-08-17,17.309999465942383,19.559999465942383,16.709999084472656,17.90999984741211,0,0.0,0.0,,^VIX
1577,2021-08-18,17.559999465942383,21.639999389648438,17.309999465942383,21.56999969482422,0,0.0,0.0,,^VIX
1578,2021-08-19,23.1200008392334,24.739999771118164,20.3700008392334,21.670000076293945,0,0.0,0.0,,^VIX
1579,2021-08-20,22.739999771118164,23.899999618530273,18.18000030517578,18.559999465942383,0,0.0,0.0,,^VIX
1580,2021-08-23,18.829999923706055,18.950000762939453,16.950000762939453,17.149999618530273,0,0.0,0.0,,^VIX
1581,2021-08-24,16.959999084472656,17.510000228881836,16.940000534057617,17.219999313354492,0,0.0,0.0,,^VIX
1582,2021-08-25,17.420000076293945,17.5,16.459999084472656,16.790000915527344,0,0.0,0.0,,^VIX
1583,2021-08-26,17.459999084472656,19.270000457763672,17.15999984741211,18.84000015258789,0,0.0,0.0,,^VIX
1584,2021-08-27,17.950000762939453,18.219999313354492,16.110000610351562,16.389999389648438,0,0.0,0.0,,^VIX
1585,2021-08-30,16.770000457763672,16.799999237060547,15.979999542236328,16.190000534057617,0,0.0,0.0,,^VIX
1586,2021-08-31,15.979999542236328,17.06999969482422,15.90999984741211,16.479999542236328,0,0.0,0.0,,^VIX
1587,2021-09-01,16.059999465942383,16.709999084472656,15.680000305175781,16.110000610351562,0,0.0,0.0,,^VIX
1588,2021-09-02,16.270000457763672,16.979999542236328,15.729999542236328,16.40999984741211,0,0.0,0.0,,^VIX
1589,2021-09-03,16.270000457763672,17.059999465942383,16.079999923706055,16.40999984741211,0,0.0,0.0,,^VIX
1590,2021-09-07,16.940000534057617,18.389999389648438,16.889999389648438,18.139999389648438,0,0.0,0.0,,^VIX
1591,2021-09-08,18.969999313354492,19.639999389648438,17.780000686645508,17.959999084472656,0,0.0,0.0,,^VIX
1592,2021-09-09,19.440000534057617,19.540000915527344,17.170000076293945,18.799999237060547,0,0.0,0.0,,^VIX
1593,2021-09-10,17.940000534057617,21.1299991607666,16.989999771118164,20.950000762939453,0,0.0,0.0,,^VIX
1594,2021-09-13,19.639999389648438,21.18000030517578,18.760000228881836,19.3700008392334,0,0.0,0.0,,^VIX
1595,2021-09-14,19.579999923706055,20.469999313354492,18.389999389648438,19.459999084472656,0,0.0,0.0,,^VIX
1596,2021-09-15,19.299999237060547,20.270000457763672,18.010000228881836,18.18000030517578,0,0.0,0.0,,^VIX
1597,2021-09-16,18.40999984741211,19.760000228881836,17.649999618530273,18.690000534057617,0,0.0,0.0,,^VIX
1598,2021-09-17,18.3700008392334,21.510000228881836,18.350000381469727,20.809999465942383,0,0.0,0.0,,^VIX
1599,2021-09-20,24.25,28.790000915527344,23.899999618530273,25.709999084472656,0,0.0,0.0,,^VIX
1600,2021-09-21,23.40999984741211,25.600000381469727,21.709999084472656,24.360000610351562,0,0.0,0.0,,^VIX
1601,2021-09-22,22.719999313354492,23.399999618530273,20.75,20.8700008392334,0,0.0,0.0,,^VIX
1602,2021-09-23,19.90999984741211,20.209999084472656,18.420000076293945,18.6299991607666,0,0.0,0.0,,^VIX
1603,2021-09-24,19.329999923706055,20.40999984741211,17.6299991607666,17.75,0,0.0,0.0,,^VIX
1604,2021-09-27,17.780000686645508,19.31999969482422,17.739999771118164,18.760000228881836,0,0.0,0.0,,^VIX
1605,2021-09-28,19.739999771118164,24.81999969482422,19.709999084472656,23.25,0,0.0,0.0,,^VIX
1606,2021-09-29,22.06999969482422,23.790000915527344,21.450000762939453,22.559999465942383,0,0.0,0.0,,^VIX
1607,2021-09-30,21.479999542236328,24.709999084472656,20.600000381469727,23.139999389648438,0,0.0,0.0,,^VIX
1608,2021-10-01,24.780000686645508,24.889999389648438,20.850000381469727,21.100000381469727,0,0.0,0.0,,^VIX
1609,2021-10-04,22.899999618530273,24.579999923706055,21.8799991607666,22.959999084472656,0,0.0,0.0,,^VIX
1610,2021-10-05,22.920000076293945,23.170000076293945,20.6200008392334,21.299999237060547,0,0.0,0.0,,^VIX
1611,2021-10-06,22.950000762939453,24.399999618530273,20.989999771118164,21.0,0,0.0,0.0,,^VIX
1612,2021-10-07,20.540000915527344,20.760000228881836,19.06999969482422,19.540000915527344,0,0.0,0.0,,^VIX
1613,2021-10-08,19.459999084472656,19.940000534057617,18.200000762939453,18.770000457763672,0,0.0,0.0,,^VIX
1614,2021-10-11,19.93000030517578,20.450000762939453,18.110000610351562,20.0,0,0.0,0.0,,^VIX
1615,2021-10-12,20.6200008392334,20.809999465942383,18.969999313354492,19.850000381469727,0,0.0,0.0,,^VIX
1616,2021-10-13,20.139999389648438,20.229999542236328,18.440000534057617,18.639999389648438,0,0.0,0.0,,^VIX
1617,2021-10-14,18.010000228881836,18.079999923706055,16.799999237060547,16.860000610351562,0,0.0,0.0,,^VIX
1618,2021-10-15,16.639999389648438,16.850000381469727,15.720000267028809,16.299999237060547,0,0.0,0.0,,^VIX
1619,2021-10-18,17.290000915527344,17.93000030517578,16.270000457763672,16.309999465942383,0,0.0,0.0,,^VIX
1620,2021-10-19,16.09000015258789,16.309999465942383,15.569999694824219,15.699999809265137,0,0.0,0.0,,^VIX
1621,2021-10-20,15.819999694824219,15.890000343322754,15.289999961853027,15.489999771118164,0,0.0,0.0,,^VIX
1622,2021-10-21,16.059999465942383,16.110000610351562,14.920000076293945,15.010000228881836,0,0.0,0.0,,^VIX
1623,2021-10-22,15.350000381469727,16.389999389648438,14.84000015258789,15.430000305175781,0,0.0,0.0,,^VIX
1624,2021-10-25,16.139999389648438,16.329999923706055,15.100000381469727,15.239999771118164,0,0.0,0.0,,^VIX
1625,2021-10-26,15.020000457763672,16.709999084472656,14.899999618530273,15.979999542236328,0,0.0,0.0,,^VIX
1626,2021-10-27,15.789999961853027,17.290000915527344,15.539999961853027,16.979999542236328,0,0.0,0.0,,^VIX
1627,2021-10-28,17.059999465942383,17.15999984741211,16.229999542236328,16.530000686645508,0,0.0,0.0,,^VIX
1628,2021-10-29,17.399999618530273,18.059999465942383,16.1299991607666,16.260000228881836,0,0.0,0.0,,^VIX
1629,2021-11-01,16.850000381469727,17.700000762939453,16.31999969482422,16.40999984741211,0,0.0,0.0,,^VIX
1630,2021-11-02,16.540000915527344,16.649999618530273,15.890000343322754,16.030000686645508,0,0.0,0.0,,^VIX
1631,2021-11-03,16.110000610351562,16.389999389648438,14.899999618530273,15.100000381469727,0,0.0,0.0,,^VIX
1632,2021-11-04,15.0600004196167,16.139999389648438,14.729999542236328,15.4399995803833,0,0.0,0.0,,^VIX
1633,2021-11-05,15.59000015258789,17.020000457763672,14.949999809265137,16.479999542236328,0,0.0,0.0,,^VIX
1634,2021-11-08,17.229999542236328,17.690000534057617,16.440000534057617,17.219999313354492,0,0.0,0.0,,^VIX
1635,2021-11-09,17.43000030517578,18.56999969482422,17.209999084472656,17.780000686645508,0,0.0,0.0,,^VIX
1636,2021-11-10,17.739999771118164,19.899999618530273,17.219999313354492,18.729999542236328,0,0.0,0.0,,^VIX
1637,2021-11-11,18.34000015258789,18.389999389648438,17.270000457763672,17.65999984741211,0,0.0,0.0,,^VIX
1638,2021-11-12,17.489999771118164,17.690000534057617,16.149999618530273,16.290000915527344,0,0.0,0.0,,^VIX
1639,2021-11-15,17.030000686645508,17.459999084472656,16.489999771118164,16.489999771118164,0,0.0,0.0,,^VIX
1640,2021-11-16,16.860000610351562,17.079999923706055,16.030000686645508,16.3700008392334,0,0.0,0.0,,^VIX
1641,2021-11-17,16.360000610351562,17.190000534057617,16.280000686645508,17.110000610351562,0,0.0,0.0,,^VIX
1642,2021-11-18,16.809999465942383,18.149999618530273,16.3799991607666,17.59000015258789,0,0.0,0.0,,^VIX
1643,2021-11-19,17.360000610351562,19.010000228881836,17.229999542236328,17.90999984741211,0,0.0,0.0,,^VIX
1644,2021-11-22,18.200000762939453,19.59000015258789,17.350000381469727,19.170000076293945,0,0.0,0.0,,^VIX
1645,2021-11-23,20.239999771118164,20.90999984741211,19.030000686645508,19.3799991607666,0,0.0,0.0,,^VIX
1646,2021-11-24,19.170000076293945,20.959999084472656,18.520000457763672,18.579999923706055,0,0.0,0.0,,^VIX
1647,2021-11-26,26.6200008392334,28.989999771118164,23.8799991607666,28.6200008392334,0,0.0,0.0,,^VIX
1648,2021-11-29,25.309999465942383,25.690000534057617,21.709999084472656,22.959999084472656,0,0.0,0.0,,^VIX
1649,2021-11-30,26.229999542236328,28.559999465942383,23.709999084472656,27.190000534057617,0,0.0,0.0,,^VIX
1650,2021-12-01,24.920000076293945,32.61000061035156,22.3799991607666,31.1200008392334,0,0.0,0.0,,^VIX
1651,2021-12-02,29.440000534057617,30.68000030517578,27.149999618530273,27.950000762939453,0,0.0,0.0,,^VIX
1652,2021-12-03,26.950000762939453,35.31999969482422,25.889999389648438,30.670000076293945,0,0.0,0.0,,^VIX
1653,2021-12-06,28.989999771118164,30.81999969482422,26.75,27.18000030517578,0,0.0,0.0,,^VIX
1654,2021-12-07,24.579999923706055,24.690000534057617,21.579999923706055,21.889999389648438,0,0.0,0.0,,^VIX
1655,2021-12-08,21.739999771118164,23.110000610351562,19.850000381469727,19.899999618530273,0,0.0,0.0,,^VIX
1656,2021-12-09,20.309999465942383,22.1200008392334,19.940000534057617,21.579999923706055,0,0.0,0.0,,^VIX
1657,2021-12-10,21.270000457763672,21.299999237060547,18.690000534057617,18.690000534057617,0,0.0,0.0,,^VIX
1658,2021-12-13,19.290000915527344,21.18000030517578,18.959999084472656,20.309999465942383,0,0.0,0.0,,^VIX
1659,2021-12-14,19.670000076293945,23.0,19.670000076293945,21.889999389648438,0,0.0,0.0,,^VIX
1660,2021-12-15,21.600000381469727,23.469999313354492,19.020000457763672,19.290000915527344,0,0.0,0.0,,^VIX
1661,2021-12-16,18.559999465942383,22.1299991607666,18.190000534057617,20.56999969482422,0,0.0,0.0,,^VIX
1662,2021-12-17,20.700000762939453,23.260000228881836,20.489999771118164,21.56999969482422,0,0.0,0.0,,^VIX
1663,2021-12-20,25.889999389648438,27.389999389648438,22.850000381469727,22.8700008392334,0,0.0,0.0,,^VIX
1664,2021-12-21,22.280000686645508,22.68000030517578,20.899999618530273,21.010000228881836,0,0.0,0.0,,^VIX
1665,2021-12-22,21.040000915527344,21.360000610351562,18.59000015258789,18.6299991607666,0,0.0,0.0,,^VIX
1666,2021-12-23,18.809999465942383,18.93000030517578,17.6200008392334,17.959999084472656,0,0.0,0.0,,^VIX
1667,2021-12-27,19.3700008392334,19.40999984741211,17.549999237060547,17.68000030517578,0,0.0,0.0,,^VIX
1668,2021-12-28,17.780000686645508,18.469999313354492,17.510000228881836,17.540000915527344,0,0.0,0.0,,^VIX
1669,2021-12-29,17.6299991607666,18.0,16.709999084472656,16.950000762939453,0,0.0,0.0,,^VIX
1670,2021-12-30,17.299999237060547,17.790000915527344,16.6200008392334,17.329999923706055,0,0.0,0.0,,^VIX
1671,2021-12-31,17.6299991607666,18.270000457763672,16.989999771118164,17.219999313354492,0,0.0,0.0,,^VIX
1672,2022-01-03,17.600000381469727,18.540000915527344,16.559999465942383,16.600000381469727,0,0.0,0.0,,^VIX
1673,2022-01-04,16.56999969482422,17.809999465942383,16.34000015258789,16.90999984741211,0,0.0,0.0,,^VIX
1674,2022-01-05,17.06999969482422,20.170000076293945,16.579999923706055,19.729999542236328,0,0.0,0.0,,^VIX
1675,2022-01-06,20.290000915527344,21.059999465942383,19.079999923706055,19.610000610351562,0,0.0,0.0,,^VIX
1676,2022-01-07,19.850000381469727,20.799999237060547,18.56999969482422,18.760000228881836,0,0.0,0.0,,^VIX
1677,2022-01-10,19.579999923706055,23.329999923706055,19.290000915527344,19.399999618530273,0,0.0,0.0,,^VIX
1678,2022-01-11,19.6200008392334,21.0,18.200000762939453,18.40999984741211,0,0.0,0.0,,^VIX
1679,2022-01-12,18.170000076293945,18.690000534057617,17.360000610351562,17.6200008392334,0,0.0,0.0,,^VIX
1680,2022-01-13,18.059999465942383,20.610000610351562,17.450000762939453,20.309999465942383,0,0.0,0.0,,^VIX
1681,2022-01-14,20.110000610351562,22.06999969482422,19.049999237060547,19.190000534057617,0,0.0,0.0,,^VIX
1682,2022-01-18,21.18000030517578,23.200000762939453,21.18000030517578,22.790000915527344,0,0.0,0.0,,^VIX
1683,2022-01-19,23.1200008392334,23.989999771118164,21.850000381469727,23.850000381469727,0,0.0,0.0,,^VIX
1684,2022-01-20,23.459999084472656,25.889999389648438,21.68000030517578,25.59000015258789,0,0.0,0.0,,^VIX
1685,2022-01-21,25.3799991607666,29.790000915527344,25.309999465942383,28.850000381469727,0,0.0,0.0,,^VIX
1686,2022-01-24,28.200000762939453,38.939998626708984,28.020000457763672,29.899999618530273,0,0.0,0.0,,^VIX
1687,2022-01-25,32.290000915527344,35.849998474121094,29.1299991607666,31.15999984741211,0,0.0,0.0,,^VIX
1688,2022-01-26,29.350000381469727,33.040000915527344,26.899999618530273,31.959999084472656,0,0.0,0.0,,^VIX
1689,2022-01-27,32.189998626708984,33.0,28.420000076293945,30.489999771118164,0,0.0,0.0,,^VIX
1690,2022-01-28,30.270000457763672,32.81999969482422,27.280000686645508,27.65999984741211,0,0.0,0.0,,^VIX
1691,2022-01-31,28.360000610351562,29.40999984741211,24.709999084472656,24.829999923706055,0,0.0,0.0,,^VIX
1692,2022-02-01,24.56999969482422,25.329999923706055,21.959999084472656,21.959999084472656,0,0.0,0.0,,^VIX
1693,2022-02-02,21.559999465942383,22.729999542236328,20.459999084472656,22.09000015258789,0,0.0,0.0,,^VIX
1694,2022-02-03,22.6299991607666,25.809999465942383,22.299999237060547,24.350000381469727,0,0.0,0.0,,^VIX
1695,2022-02-04,23.770000457763672,26.260000228881836,22.06999969482422,23.219999313354492,0,0.0,0.0,,^VIX
1696,2022-02-07,24.09000015258789,24.81999969482422,22.020000457763672,22.860000610351562,0,0.0,0.0,,^VIX
1697,2022-02-08,23.09000015258789,23.479999542236328,21.31999969482422,21.440000534057617,0,0.0,0.0,,^VIX
1698,2022-02-09,21.270000457763672,21.299999237060547,19.93000030517578,19.959999084472656,0,0.0,0.0,,^VIX
1699,2022-02-10,20.3700008392334,24.770000457763672,20.18000030517578,23.90999984741211,0,0.0,0.0,,^VIX
1700,2022-02-11,24.389999389648438,30.989999771118164,23.329999923706055,27.360000610351562,0,0.0,0.0,,^VIX
1701,2022-02-14,29.170000076293945,32.040000915527344,28.329999923706055,28.329999923706055,0,0.0,0.0,,^VIX
1702,2022-02-15,28.09000015258789,28.09000015258789,25.329999923706055,25.700000762939453,0,0.0,0.0,,^VIX
1703,2022-02-16,25.190000534057617,27.09000015258789,23.8799991607666,24.290000915527344,0,0.0,0.0,,^VIX
1704,2022-02-17,24.829999923706055,28.3700008392334,24.760000228881836,28.110000610351562,0,0.0,0.0,,^VIX
1705,2022-02-18,26.65999984741211,29.709999084472656,26.3799991607666,27.75,0,0.0,0.0,,^VIX
1706,2022-02-22,31.799999237060547,32.040000915527344,28.399999618530273,28.809999465942383,0,0.0,0.0,,^VIX
1707,2022-02-23,28.040000915527344,31.06999969482422,27.200000762939453,31.020000457763672,0,0.0,0.0,,^VIX
1708,2022-02-24,37.5,37.790000915527344,29.450000762939453,30.31999969482422,0,0.0,0.0,,^VIX
1709,2022-02-25,31.68000030517578,32.0,26.93000030517578,27.59000015258789,0,0.0,0.0,,^VIX
1710,2022-02-28,32.439998626708984,33.5099983215332,28.43000030517578,30.149999618530273,0,0.0,0.0,,^VIX
1711,2022-03-01,29.450000762939453,35.189998626708984,29.440000534057617,33.31999969482422,0,0.0,0.0,,^VIX
1712,2022-03-02,34.20000076293945,34.40999984741211,30.1200008392334,30.739999771118164,0,0.0,0.0,,^VIX
1713,2022-03-03,30.520000457763672,32.0099983215332,29.309999465942383,30.479999542236328,0,0.0,0.0,,^VIX
1714,2022-03-04,31.899999618530273,34.650001525878906,31.469999313354492,31.979999542236328,0,0.0,0.0,,^VIX
1715,2022-03-07,35.880001068115234,36.54999923706055,32.59000015258789,36.45000076293945,0,0.0,0.0,,^VIX
1716,2022-03-08,36.189998626708984,37.52000045776367,32.779998779296875,35.130001068115234,0,0.0,0.0,,^VIX
1717,2022-03-09,33.7400016784668,34.119998931884766,31.389999389648438,32.45000076293945,0,0.0,0.0,,^VIX
1718,2022-03-10,33.029998779296875,34.029998779296875,30.229999542236328,30.229999542236328,0,0.0,0.0,,^VIX
1719,2022-03-11,30.43000030517578,31.040000915527344,28.84000015258789,30.75,0,0.0,0.0,,^VIX
1720,2022-03-14,31.030000686645508,33.18000030517578,30.059999465942383,31.770000457763672,0,0.0,0.0,,^VIX
1721,2022-03-15,33.130001068115234,33.83000183105469,29.56999969482422,29.829999923706055,0,0.0,0.0,,^VIX
1722,2022-03-16,29.020000457763672,29.799999237060547,26.290000915527344,26.670000076293945,0,0.0,0.0,,^VIX
1723,2022-03-17,26.510000228881836,27.469999313354492,25.25,25.670000076293945,0,0.0,0.0,,^VIX
1724,2022-03-18,26.360000610351562,26.81999969482422,23.850000381469727,23.8700008392334,0,0.0,0.0,,^VIX
1725,2022-03-21,25.139999389648438,25.360000610351562,22.989999771118164,23.530000686645508,0,0.0,0.0,,^VIX
1726,2022-03-22,24.020000457763672,24.020000457763672,22.700000762939453,22.940000534057617,0,0.0,0.0,,^VIX
1727,2022-03-23,23.040000915527344,24.030000686645508,22.639999389648438,23.56999969482422,0,0.0,0.0,,^VIX
1728,2022-03-24,23.610000610351562,23.790000915527344,21.489999771118164,21.670000076293945,0,0.0,0.0,,^VIX
1729,2022-03-25,21.8700008392334,22.860000610351562,20.799999237060547,20.809999465942383,0,0.0,0.0,,^VIX
1730,2022-03-28,22.139999389648438,23.329999923706055,19.540000915527344,19.6299991607666,0,0.0,0.0,,^VIX
1731,2022-03-29,19.700000762939453,19.729999542236328,18.670000076293945,18.899999618530273,0,0.0,0.0,,^VIX
1732,2022-03-30,19.3799991607666,20.510000228881836,18.719999313354492,19.329999923706055,0,0.0,0.0,,^VIX
1733,2022-03-31,19.68000030517578,21.479999542236328,19.540000915527344,20.559999465942383,0,0.0,0.0,,^VIX
1734,2022-04-01,20.6200008392334,20.860000610351562,19.40999984741211,19.6299991607666,0,0.0,0.0,,^VIX
1735,2022-04-04,20.75,20.780000686645508,18.450000762939453,18.56999969482422,0,0.0,0.0,,^VIX
1736,2022-04-05,18.790000915527344,21.56999969482422,18.549999237060547,21.030000686645508,0,0.0,0.0,,^VIX
1737,2022-04-06,21.270000457763672,24.780000686645508,21.239999771118164,22.100000381469727,0,0.0,0.0,,^VIX
1738,2022-04-07,21.969999313354492,23.81999969482422,21.1200008392334,21.549999237060547,0,0.0,0.0,,^VIX
1739,2022-04-08,21.25,22.34000015258789,20.280000686645508,21.15999984741211,0,0.0,0.0,,^VIX
1740,2022-04-11,23.09000015258789,24.420000076293945,22.09000015258789,24.3700008392334,0,0.0,0.0,,^VIX
1741,2022-04-12,24.940000534057617,25.3799991607666,22.270000457763672,24.260000228881836,0,0.0,0.0,,^VIX
1742,2022-04-13,23.520000457763672,24.450000762939453,21.3700008392334,21.81999969482422,0,0.0,0.0,,^VIX
1743,2022-04-14,21.719999313354492,22.700000762939453,20.850000381469727,22.700000762939453,0,0.0,0.0,,^VIX
1744,2022-04-18,24.520000457763672,24.600000381469727,21.979999542236328,22.170000076293945,0,0.0,0.0,,^VIX
1745,2022-04-19,22.549999237060547,22.920000076293945,20.360000610351562,21.3700008392334,0,0.0,0.0,,^VIX
1746,2022-04-20,21.1299991607666,21.31999969482422,19.75,20.31999969482422,0,0.0,0.0,,^VIX
1747,2022-04-21,20.239999771118164,23.280000686645508,19.809999465942383,22.68000030517578,0,0.0,0.0,,^VIX
1748,2022-04-22,22.709999084472656,28.270000457763672,22.6200008392334,28.209999084472656,0,0.0,0.0,,^VIX
1749,2022-04-25,30.040000915527344,31.600000381469727,26.799999237060547,27.020000457763672,0,0.0,0.0,,^VIX
1750,2022-04-26,27.3799991607666,33.810001373291016,27.059999465942383,33.52000045776367,0,0.0,0.0,,^VIX
1751,2022-04-27,31.110000610351562,32.77000045776367,29.81999969482422,31.600000381469727,0,0.0,0.0,,^VIX
1752,2022-04-28,29.90999984741211,32.0,28.0,29.989999771118164,0,0.0,0.0,,^VIX
1753,2022-04-29,28.969999313354492,34.34000015258789,28.540000915527344,33.400001525878906,0,0.0,0.0,,^VIX
1754,2022-05-02,33.349998474121094,36.63999938964844,31.739999771118164,32.34000015258789,0,0.0,0.0,,^VIX
1755,2022-05-03,31.760000228881836,32.81999969482422,29.059999465942383,29.25,0,0.0,0.0,,^VIX
1756,2022-05-04,29.1200008392334,29.420000076293945,24.940000534057617,25.420000076293945,0,0.0,0.0,,^VIX
1757,2022-05-05,25.969999313354492,33.20000076293945,25.780000686645508,31.200000762939453,0,0.0,0.0,,^VIX
1758,2022-05-06,32.22999954223633,35.34000015258789,29.829999923706055,30.190000534057617,0,0.0,0.0,,^VIX
1759,2022-05-09,31.899999618530273,35.47999954223633,31.899999618530273,34.75,0,0.0,0.0,,^VIX
1760,2022-05-10,33.65999984741211,34.84000015258789,32.2400016784668,32.9900016784668,0,0.0,0.0,,^VIX
1761,2022-05-11,32.869998931884766,34.38999938964844,30.690000534057617,32.560001373291016,0,0.0,0.0,,^VIX
1762,2022-05-12,33.7400016784668,34.7599983215332,31.700000762939453,31.770000457763672,0,0.0,0.0,,^VIX
1763,2022-05-13,31.09000015258789,31.200000762939453,28.780000686645508,28.8700008392334,0,0.0,0.0,,^VIX
1764,2022-05-16,30.010000228881836,30.229999542236328,27.360000610351562,27.469999313354492,0,0.0,0.0,,^VIX
1765,2022-05-17,27.06999969482422,27.170000076293945,25.510000228881836,26.100000381469727,0,0.0,0.0,,^VIX
1766,2022-05-18,26.739999771118164,31.489999771118164,26.209999084472656,30.959999084472656,0,0.0,0.0,,^VIX
1767,2022-05-19,31.239999771118164,33.11000061035156,29.059999465942383,29.350000381469727,0,0.0,0.0,,^VIX
1768,2022-05-20,28.780000686645508,32.90999984741211,28.059999465942383,29.43000030517578,0,0.0,0.0,,^VIX
1769,2022-05-23,28.979999542236328,30.389999389648438,28.290000915527344,28.479999542236328,0,0.0,0.0,,^VIX
1770,2022-05-24,29.43000030517578,31.06999969482422,29.040000915527344,29.450000762939453,0,0.0,0.0,,^VIX
1771,2022-05-25,29.329999923706055,30.229999542236328,28.15999984741211,28.3700008392334,0,0.0,0.0,,^VIX
1772,2022-05-26,28.420000076293945,28.459999084472656,27.110000610351562,27.5,0,0.0,0.0,,^VIX
1773,2022-05-27,27.5,27.540000915527344,25.56999969482422,25.719999313354492,0,0.0,0.0,,^VIX
1774,2022-05-31,27.469999313354492,28.350000381469727,25.940000534057617,26.190000534057617,0,0.0,0.0,,^VIX
1775,2022-06-01,26.049999237060547,27.729999542236328,25.3799991607666,25.690000534057617,0,0.0,0.0,,^VIX
1776,2022-06-02,25.729999542236328,26.5,24.329999923706055,24.719999313354492,0,0.0,0.0,,^VIX
1777,2022-06-03,24.90999984741211,25.959999084472656,24.760000228881836,24.790000915527344,0,0.0,0.0,,^VIX
1778,2022-06-06,25.3700008392334,25.809999465942383,24.81999969482422,25.06999969482422,0,0.0,0.0,,^VIX
1779,2022-06-07,25.540000915527344,26.239999771118164,23.8799991607666,24.020000457763672,0,0.0,0.0,,^VIX
1780,2022-06-08,24.3700008392334,24.780000686645508,23.739999771118164,23.959999084472656,0,0.0,0.0,,^VIX
1781,2022-06-09,24.290000915527344,26.239999771118164,23.81999969482422,26.09000015258789,0,0.0,0.0,,^VIX
1782,2022-06-10,26.260000228881836,29.6299991607666,26.049999237060547,27.75,0,0.0,0.0,,^VIX
1783,2022-06-13,31.3700008392334,35.04999923706055,31.290000915527344,34.02000045776367,0,0.0,0.0,,^VIX
1784,2022-06-14,33.0099983215332,34.0,32.060001373291016,32.689998626708984,0,0.0,0.0,,^VIX
1785,2022-06-15,32.38999938964844,32.77000045776367,27.760000228881836,29.6200008392334,0,0.0,0.0,,^VIX
1786,2022-06-16,30.350000381469727,34.81999969482422,30.350000381469727,32.95000076293945,0,0.0,0.0,,^VIX
1787,2022-06-17,32.84000015258789,33.310001373291016,30.469999313354492,31.1299991607666,0,0.0,0.0,,^VIX
1788,2022-06-21,30.6299991607666,30.649999618530273,29.329999923706055,30.190000534057617,0,0.0,0.0,,^VIX
1789,2022-06-22,31.450000762939453,31.56999969482422,28.780000686645508,28.950000762939453,0,0.0,0.0,,^VIX
1790,2022-06-23,29.290000915527344,29.770000457763672,28.739999771118164,29.049999237060547,0,0.0,0.0,,^VIX
1791,2022-06-24,29.06999969482422,29.719999313354492,26.829999923706055,27.229999542236328,0,0.0,0.0,,^VIX
1792,2022-06-27,28.299999237060547,28.65999984741211,26.93000030517578,26.950000762939453,0,0.0,0.0,,^VIX
1793,2022-06-28,26.899999618530273,28.68000030517578,26.469999313354492,28.360000610351562,0,0.0,0.0,,^VIX
1794,2022-06-29,28.799999237060547,29.360000610351562,27.850000381469727,28.15999984741211,0,0.0,0.0,,^VIX
1795,2022-06-30,29.420000076293945,30.219999313354492,28.280000686645508,28.709999084472656,0,0.0,0.0,,^VIX
1796,2022-07-01,29.530000686645508,29.59000015258789,26.690000534057617,26.700000762939453,0,0.0,0.0,,^VIX
1797,2022-07-05,27.3700008392334,29.81999969482422,27.299999237060547,27.540000915527344,0,0.0,0.0,,^VIX
1798,2022-07-06,27.84000015258789,28.06999969482422,26.43000030517578,26.729999542236328,0,0.0,0.0,,^VIX
1799,2022-07-07,26.729999542236328,26.790000915527344,25.65999984741211,26.079999923706055,0,0.0,0.0,,^VIX
1800,2022-07-08,26.40999984741211,26.610000610351562,24.43000030517578,24.639999389648438,0,0.0,0.0,,^VIX
1801,2022-07-11,26.420000076293945,26.739999771118164,25.790000915527344,26.170000076293945,0,0.0,0.0,,^VIX
1802,2022-07-12,27.139999389648438,27.75,25.81999969482422,27.290000915527344,0,0.0,0.0,,^VIX
1803,2022-07-13,27.350000381469727,29.059999465942383,26.229999542236328,26.81999969482422,0,0.0,0.0,,^VIX
1804,2022-07-14,27.469999313354492,28.450000762939453,26.200000762939453,26.399999618530273,0,0.0,0.0,,^VIX
1805,2022-07-15,26.719999313354492,26.719999313354492,24.1299991607666,24.229999542236328,0,0.0,0.0,,^VIX
1806,2022-07-18,24.829999923706055,25.90999984741211,24.3799991607666,25.299999237060547,0,0.0,0.0,,^VIX
1807,2022-07-19,25.1200008392334,25.40999984741211,24.229999542236328,24.5,0,0.0,0.0,,^VIX
1808,2022-07-20,24.229999542236328,24.729999542236328,23.399999618530273,23.8799991607666,0,0.0,0.0,,^VIX
1809,2022-07-21,24.06999969482422,24.670000076293945,22.920000076293945,23.110000610351562,0,0.0,0.0,,^VIX
1810,2022-07-22,23.299999237060547,23.809999465942383,22.40999984741211,23.030000686645508,0,0.0,0.0,,^VIX
1811,2022-07-25,24.329999923706055,24.56999969482422,23.190000534057617,23.360000610351562,0,0.0,0.0,,^VIX
1812,2022-07-26,23.950000762939453,25.309999465942383,23.81999969482422,24.690000534057617,0,0.0,0.0,,^VIX
1813,2022-07-27,24.270000457763672,24.40999984741211,23.020000457763672,23.239999771118164,0,0.0,0.0,,^VIX
1814,2022-07-28,23.329999923706055,23.540000915527344,22.219999313354492,22.329999923706055,0,0.0,0.0,,^VIX
1815,2022-07-29,22.1299991607666,22.15999984741211,21.209999084472656,21.329999923706055,0,0.0,0.0,,^VIX
1816,2022-08-01,22.40999984741211,23.270000457763672,22.260000228881836,22.84000015258789,0,0.0,0.0,,^VIX
1817,2022-08-02,24.079999923706055,24.68000030517578,22.670000076293945,23.93000030517578,0,0.0,0.0,,^VIX
1818,2022-08-03,23.860000610351562,23.920000076293945,21.68000030517578,21.950000762939453,0,0.0,0.0,,^VIX
1819,2022-08-04,22.059999465942383,22.65999984741211,21.440000534057617,21.440000534057617,0,0.0,0.0,,^VIX
1820,2022-08-05,21.5,22.579999923706055,20.760000228881836,21.149999618530273,0,0.0,0.0,,^VIX
1821,2022-08-08,21.739999771118164,22.010000228881836,20.829999923706055,21.290000915527344,0,0.0,0.0,,^VIX
1822,2022-08-09,21.40999984741211,22.229999542236328,21.40999984741211,21.770000457763672,0,0.0,0.0,,^VIX
1823,2022-08-10,22.280000686645508,22.34000015258789,19.540000915527344,19.739999771118164,0,0.0,0.0,,^VIX
1824,2022-08-11,19.84000015258789,20.850000381469727,19.709999084472656,20.200000762939453,0,0.0,0.0,,^VIX
1825,2022-08-12,20.34000015258789,20.350000381469727,19.1200008392334,19.530000686645508,0,0.0,0.0,,^VIX
1826,2022-08-15,20.739999771118164,21.15999984741211,19.809999465942383,19.950000762939453,0,0.0,0.0,,^VIX
1827,2022-08-16,20.229999542236328,20.389999389648438,19.5,19.690000534057617,0,0.0,0.0,,^VIX
1828,2022-08-17,19.739999771118164,20.6299991607666,19.40999984741211,19.899999618530273,0,0.0,0.0,,^VIX
1829,2022-08-18,20.510000228881836,20.610000610351562,19.43000030517578,19.559999465942383,0,0.0,0.0,,^VIX
1830,2022-08-19,20.15999984741211,21.270000457763672,20.079999923706055,20.600000381469727,0,0.0,0.0,,^VIX
1831,2022-08-22,22.40999984741211,24.6200008392334,22.389999389648438,23.799999237060547,0,0.0,0.0,,^VIX
1832,2022-08-23,24.1299991607666,24.209999084472656,23.06999969482422,24.110000610351562,0,0.0,0.0,,^VIX
1833,2022-08-24,24.3700008392334,24.860000610351562,22.729999542236328,22.81999969482422,0,0.0,0.0,,^VIX
1834,2022-08-25,22.40999984741211,23.1299991607666,21.770000457763672,21.780000686645508,0,0.0,0.0,,^VIX
1835,2022-08-26,22.06999969482422,25.899999618530273,21.670000076293945,25.559999465942383,0,0.0,0.0,,^VIX
1836,2022-08-29,26.860000610351562,27.670000076293945,25.469999313354492,26.209999084472656,0,0.0,0.0,,^VIX
1837,2022-08-30,25.75,27.690000534057617,25.1299991607666,26.209999084472656,0,0.0,0.0,,^VIX
1838,2022-08-31,25.860000610351562,26.6200008392334,25.309999465942383,25.8700008392334,0,0.0,0.0,,^VIX
1839,2022-09-01,26.8799991607666,27.450000762939453,25.25,25.559999465942383,0,0.0,0.0,,^VIX
1840,2022-09-02,25.510000228881836,26.280000686645508,23.190000534057617,25.469999313354492,0,0.0,0.0,,^VIX
1841,2022-09-06,25.459999084472656,27.799999237060547,25.329999923706055,26.90999984741211,0,0.0,0.0,,^VIX
1842,2022-09-07,26.93000030517578,27.149999618530273,24.540000915527344,24.639999389648438,0,0.0,0.0,,^VIX
1843,2022-09-08,24.700000762939453,25.899999618530273,23.559999465942383,23.610000610351562,0,0.0,0.0,,^VIX
1844,2022-09-09,23.489999771118164,23.56999969482422,22.639999389648438,22.790000915527344,0,0.0,0.0,,^VIX
1845,2022-09-12,23.579999923706055,24.229999542236328,23.15999984741211,23.8700008392334,0,0.0,0.0,,^VIX
1846,2022-09-13,23.670000076293945,28.149999618530273,23.530000686645508,27.270000457763672,0,0.0,0.0,,^VIX
1847,2022-09-14,26.729999542236328,27.559999465942383,26.15999984741211,26.15999984741211,0,0.0,0.0,,^VIX
1848,2022-09-15,26.100000381469727,26.93000030517578,25.420000076293945,26.270000457763672,0,0.0,0.0,,^VIX
1849,2022-09-16,27.469999313354492,28.450000762939453,26.139999389648438,26.299999237060547,0,0.0,0.0,,^VIX
1850,2022-09-19,27.690000534057617,27.950000762939453,25.559999465942383,25.760000228881836,0,0.0,0.0,,^VIX
1851,2022-09-20,25.649999618530273,27.809999465942383,25.610000610351562,27.15999984741211,0,0.0,0.0,,^VIX
1852,2022-09-21,28.030000686645508,30.18000030517578,25.549999237060547,27.989999771118164,0,0.0,0.0,,^VIX
1853,2022-09-22,28.15999984741211,28.3799991607666,26.709999084472656,27.350000381469727,0,0.0,0.0,,^VIX
1854,2022-09-23,27.68000030517578,32.310001373291016,27.579999923706055,29.920000076293945,0,0.0,0.0,,^VIX
1855,2022-09-26,31.739999771118164,32.880001068115234,29.829999923706055,32.2599983215332,0,0.0,0.0,,^VIX
1856,2022-09-27,31.200000762939453,34.13999938964844,30.299999237060547,32.599998474121094,0,0.0,0.0,,^VIX
1857,2022-09-28,34.5,34.880001068115234,30.030000686645508,30.18000030517578,0,0.0,0.0,,^VIX
1858,2022-09-29,31.670000076293945,33.459999084472656,31.15999984741211,31.84000015258789,0,0.0,0.0,,^VIX
1859,2022-09-30,31.610000610351562,33.25,29.389999389648438,31.6200008392334,0,0.0,0.0,,^VIX
1860,2022-10-03,33.0,33.060001373291016,29.6299991607666,30.100000381469727,0,0.0,0.0,,^VIX
1861,2022-10-04,29.520000457763672,29.6200008392334,28.559999465942383,29.06999969482422,0,0.0,0.0,,^VIX
1862,2022-10-05,29.360000610351562,30.110000610351562,28.5,28.549999237060547,0,0.0,0.0,,^VIX
1863,2022-10-06,28.600000381469727,30.739999771118164,28.559999465942383,30.520000457763672,0,0.0,0.0,,^VIX
1864,2022-10-07,30.3700008392334,32.02000045776367,29.8799991607666,31.360000610351562,0,0.0,0.0,,^VIX
1865,2022-10-10,32.93000030517578,33.9900016784668,32.04999923706055,32.45000076293945,0,0.0,0.0,,^VIX
1866,2022-10-11,33.560001373291016,34.43000030517578,32.45000076293945,33.630001068115234,0,0.0,0.0,,^VIX
1867,2022-10-12,33.540000915527344,34.529998779296875,33.11000061035156,33.56999969482422,0,0.0,0.0,,^VIX
1868,2022-10-13,33.599998474121094,33.869998931884766,31.6299991607666,31.940000534057617,0,0.0,0.0,,^VIX
1869,2022-10-14,31.889999389648438,32.97999954223633,31.139999389648438,32.02000045776367,0,0.0,0.0,,^VIX
1870,2022-10-17,32.27000045776367,32.59000015258789,30.700000762939453,31.3700008392334,0,0.0,0.0,,^VIX
1871,2022-10-18,31.100000381469727,31.93000030517578,30.420000076293945,30.5,0,0.0,0.0,,^VIX
1872,2022-10-19,30.940000534057617,31.899999618530273,30.760000228881836,30.760000228881836,0,0.0,0.0,,^VIX
1873,2022-10-20,31.299999237060547,31.31999969482422,29.760000228881836,29.979999542236328,0,0.0,0.0,,^VIX
1874,2022-10-21,30.209999084472656,30.440000534057617,29.239999771118164,29.690000534057617,0,0.0,0.0,,^VIX
1875,2022-10-24,30.649999618530273,30.950000762939453,29.780000686645508,29.850000381469727,0,0.0,0.0,,^VIX
1876,2022-10-25,29.799999237060547,30.0,28.219999313354492,28.459999084472656,0,0.0,0.0,,^VIX
1877,2022-10-26,28.440000534057617,28.520000457763672,27.270000457763672,27.280000686645508,0,0.0,0.0,,^VIX
1878,2022-10-27,27.510000228881836,27.670000076293945,26.940000534057617,27.389999389648438,0,0.0,0.0,,^VIX
1879,2022-10-28,27.43000030517578,27.59000015258789,25.75,25.75,0,0.0,0.0,,^VIX
1880,2022-10-31,26.90999984741211,27.06999969482422,25.84000015258789,25.8799991607666,0,0.0,0.0,,^VIX
1881,2022-11-01,25.959999084472656,26.350000381469727,25.65999984741211,25.809999465942383,0,0.0,0.0,,^VIX
1882,2022-11-02,26.040000915527344,26.6200008392334,25.389999389648438,25.860000610351562,0,0.0,0.0,,^VIX
1883,2022-11-03,25.979999542236328,26.8700008392334,25.100000381469727,25.299999237060547,0,0.0,0.0,,^VIX
1884,2022-11-04,25.6299991607666,25.709999084472656,24.0,24.549999237060547,0,0.0,0.0,,^VIX
1885,2022-11-07,25.670000076293945,25.670000076293945,24.34000015258789,24.350000381469727,0,0.0,0.0,,^VIX
1886,2022-11-08,24.709999084472656,26.15999984741211,24.239999771118164,25.540000915527344,0,0.0,0.0,,^VIX
1887,2022-11-09,25.34000015258789,26.350000381469727,25.020000457763672,26.09000015258789,0,0.0,0.0,,^VIX
1888,2022-11-10,26.510000228881836,26.59000015258789,22.84000015258789,23.530000686645508,0,0.0,0.0,,^VIX
1889,2022-11-11,23.889999389648438,23.90999984741211,22.3700008392334,22.520000457763672,0,0.0,0.0,,^VIX
1890,2022-11-14,23.989999771118164,24.329999923706055,22.860000610351562,23.729999542236328,0,0.0,0.0,,^VIX
1891,2022-11-15,23.770000457763672,26.219999313354492,23.18000030517578,24.540000915527344,0,0.0,0.0,,^VIX
1892,2022-11-16,24.290000915527344,24.719999313354492,23.989999771118164,24.110000610351562,0,0.0,0.0,,^VIX
1893,2022-11-17,24.049999237060547,25.18000030517578,23.809999465942383,23.93000030517578,0,0.0,0.0,,^VIX
1894,2022-11-18,24.030000686645508,24.1200008392334,22.979999542236328,23.1200008392334,0,0.0,0.0,,^VIX
1895,2022-11-21,24.049999237060547,24.1200008392334,22.299999237060547,22.360000610351562,0,0.0,0.0,,^VIX
1896,2022-11-22,22.59000015258789,22.709999084472656,21.280000686645508,21.290000915527344,0,0.0,0.0,,^VIX
1897,2022-11-23,21.489999771118164,21.780000686645508,20.31999969482422,20.350000381469727,0,0.0,0.0,,^VIX
1898,2022-11-25,20.610000610351562,21.110000610351562,20.459999084472656,20.5,0,0.0,0.0,,^VIX
1899,2022-11-28,22.09000015258789,22.5,21.649999618530273,22.209999084472656,0,0.0,0.0,,^VIX
1900,2022-11-29,22.09000015258789,22.56999969482422,21.829999923706055,21.889999389648438,0,0.0,0.0,,^VIX
1901,2022-11-30,21.700000762939453,22.6299991607666,20.309999465942383,20.579999923706055,0,0.0,0.0,,^VIX
1902,2022-12-01,20.829999923706055,21.059999465942383,19.799999237060547,19.84000015258789,0,0.0,0.0,,^VIX
1903,2022-12-02,20.420000076293945,20.959999084472656,18.950000762939453,19.059999465942383,0,0.0,0.0,,^VIX
1904,2022-12-05,20.299999237060547,21.290000915527344,19.780000686645508,20.75,0,0.0,0.0,,^VIX
1905,2022-12-06,20.690000534057617,22.600000381469727,20.3799991607666,22.170000076293945,0,0.0,0.0,,^VIX
1906,2022-12-07,22.31999969482422,23.010000228881836,22.18000030517578,22.68000030517578,0,0.0,0.0,,^VIX
1907,2022-12-08,22.809999465942383,23.280000686645508,22.059999465942383,22.290000915527344,0,0.0,0.0,,^VIX
1908,2022-12-09,22.549999237060547,23.209999084472656,22.18000030517578,22.829999923706055,0,0.0,0.0,,^VIX
1909,2022-12-12,24.399999618530273,25.049999237060547,24.18000030517578,25.0,0,0.0,0.0,,^VIX
1910,2022-12-13,25.239999771118164,25.84000015258789,21.459999084472656,22.549999237060547,0,0.0,0.0,,^VIX
1911,2022-12-14,22.829999923706055,23.469999313354492,21.06999969482422,21.139999389648438,0,0.0,0.0,,^VIX
1912,2022-12-15,21.520000457763672,23.670000076293945,21.25,22.829999923706055,0,0.0,0.0,,^VIX
1913,2022-12-16,23.260000228881836,23.829999923706055,22.09000015258789,22.6200008392334,0,0.0,0.0,,^VIX
1914,2022-12-19,22.6299991607666,22.860000610351562,21.610000610351562,22.420000076293945,0,0.0,0.0,,^VIX
1915,2022-12-20,23.170000076293945,23.389999389648438,21.350000381469727,21.479999542236328,0,0.0,0.0,,^VIX
1916,2022-12-21,21.25,21.290000915527344,19.940000534057617,20.06999969482422,0,0.0,0.0,,^VIX
1917,2022-12-22,20.079999923706055,24.299999237060547,20.010000228881836,21.969999313354492,0,0.0,0.0,,^VIX
1918,2022-12-23,22.170000076293945,22.639999389648438,20.780000686645508,20.8700008392334,0,0.0,0.0,,^VIX
1919,2022-12-27,21.670000076293945,22.799999237060547,21.59000015258789,21.649999618530273,0,0.0,0.0,,^VIX
1920,2022-12-28,21.469999313354492,22.260000228881836,20.959999084472656,22.139999389648438,0,0.0,0.0,,^VIX
1921,2022-12-29,22.25,22.309999465942383,21.360000610351562,21.440000534057617,0,0.0,0.0,,^VIX
1922,2022-12-30,21.829999923706055,22.399999618530273,21.59000015258789,21.670000076293945,0,0.0,0.0,,^VIX
1923,2023-01-03,23.09000015258789,23.760000228881836,22.729999542236328,22.899999618530273,0,0.0,0.0,,^VIX
1924,2023-01-04,22.93000030517578,23.270000457763672,21.940000534057617,22.010000228881836,0,0.0,0.0,,^VIX
1925,2023-01-05,22.200000762939453,22.920000076293945,21.969999313354492,22.459999084472656,0,0.0,0.0,,^VIX
1926,2023-01-06,22.690000534057617,22.899999618530273,21.0,21.1299991607666,0,0.0,0.0,,^VIX
1927,2023-01-09,21.75,21.979999542236328,21.270000457763672,21.969999313354492,0,0.0,0.0,,^VIX
1928,2023-01-10,22.219999313354492,22.459999084472656,20.579999923706055,20.579999923706055,0,0.0,0.0,,^VIX
1929,2023-01-11,20.799999237060547,21.25,20.6200008392334,21.09000015258789,0,0.0,0.0,,^VIX
1930,2023-01-12,21.559999465942383,21.799999237060547,18.829999923706055,18.829999923706055,0,0.0,0.0,,^VIX
1931,2023-01-13,19.0,19.40999984741211,18.010000228881836,18.350000381469727,0,0.0,0.0,,^VIX
1932,2023-01-17,19.889999389648438,20.219999313354492,19.209999084472656,19.360000610351562,0,0.0,0.0,,^VIX
1933,2023-01-18,19.280000686645508,20.579999923706055,18.709999084472656,20.34000015258789,0,0.0,0.0,,^VIX
1934,2023-01-19,20.43000030517578,21.709999084472656,20.170000076293945,20.520000457763672,0,0.0,0.0,,^VIX
1935,2023-01-20,20.280000686645508,20.700000762939453,19.40999984741211,19.850000381469727,0,0.0,0.0,,^VIX
1936,2023-01-23,20.209999084472656,20.329999923706055,19.549999237060547,19.809999465942383,0,0.0,0.0,,^VIX
1937,2023-01-24,19.889999389648438,20.469999313354492,18.90999984741211,19.200000762939453,0,0.0,0.0,,^VIX
1938,2023-01-25,19.559999465942383,20.899999618530273,18.989999771118164,19.079999923706055,0,0.0,0.0,,^VIX
1939,2023-01-26,19.049999237060547,19.479999542236328,18.670000076293945,18.729999542236328,0,0.0,0.0,,^VIX
1940,2023-01-27,18.899999618530273,19.0,17.969999313354492,18.510000228881836,0,0.0,0.0,,^VIX
1941,2023-01-30,19.760000228881836,20.25,19.540000915527344,19.940000534057617,0,0.0,0.0,,^VIX
1942,2023-01-31,20.1200008392334,20.700000762939453,19.1299991607666,19.399999618530273,0,0.0,0.0,,^VIX
1943,2023-02-01,19.6200008392334,20.040000915527344,17.700000762939453,17.8700008392334,0,0.0,0.0,,^VIX
1944,2023-02-02,17.739999771118164,19.25,17.059999465942383,18.729999542236328,0,0.0,0.0,,^VIX
1945,2023-02-03,18.56999969482422,19.299999237060547,17.93000030517578,18.329999923706055,0,0.0,0.0,,^VIX
1946,2023-02-06,19.229999542236328,19.809999465942383,19.209999084472656,19.43000030517578,0,0.0,0.0,,^VIX
1947,2023-02-07,19.540000915527344,19.989999771118164,18.43000030517578,18.65999984741211,0,0.0,0.0,,^VIX
1948,2023-02-08,18.8799991607666,20.1200008392334,18.549999237060547,19.6299991607666,0,0.0,0.0,,^VIX
1949,2023-02-09,19.239999771118164,21.079999923706055,19.020000457763672,20.709999084472656,0,0.0,0.0,,^VIX
1950,2023-02-10,20.739999771118164,21.940000534057617,20.440000534057617,20.530000686645508,0,0.0,0.0,,^VIX
1951,2023-02-13,21.65999984741211,21.690000534057617,20.329999923706055,20.34000015258789,0,0.0,0.0,,^VIX
1952,2023-02-14,20.719999313354492,20.75,18.479999542236328,18.90999984741211,0,0.0,0.0,,^VIX
1953,2023-02-15,19.3700008392334,19.40999984741211,18.110000610351562,18.229999542236328,0,0.0,0.0,,^VIX
1954,2023-02-16,18.260000228881836,20.270000457763672,18.229999542236328,20.170000076293945,0,0.0,0.0,,^VIX
1955,2023-02-17,20.940000534057617,21.299999237060547,19.81999969482422,20.020000457763672,0,0.0,0.0,,^VIX
1956,2023-02-21,21.799999237060547,23.34000015258789,21.799999237060547,22.8700008392334,0,0.0,0.0,,^VIX
1957,2023-02-22,23.030000686645508,23.6299991607666,22.020000457763672,22.290000915527344,0,0.0,0.0,,^VIX
1958,2023-02-23,21.959999084472656,22.43000030517578,20.889999389648438,21.139999389648438,0,0.0,0.0,,^VIX
1959,2023-02-24,21.350000381469727,22.899999618530273,21.31999969482422,21.670000076293945,0,0.0,0.0,,^VIX
1960,2023-02-27,21.989999771118164,22.020000457763672,20.68000030517578,20.950000762939453,0,0.0,0.0,,^VIX
1961,2023-02-28,21.299999237060547,21.3700008392334,20.100000381469727,20.700000762939453,0,0.0,0.0,,^VIX
1962,2023-03-01,20.389999389648438,21.31999969482422,20.219999313354492,20.579999923706055,0,0.0,0.0,,^VIX
1963,2023-03-02,21.40999984741211,21.420000076293945,19.549999237060547,19.59000015258789,0,0.0,0.0,,^VIX
1964,2023-03-03,19.760000228881836,19.760000228881836,18.15999984741211,18.489999771118164,0,0.0,0.0,,^VIX
1965,2023-03-06,19.049999237060547,19.190000534057617,18.489999771118164,18.610000610351562,0,0.0,0.0,,^VIX
1966,2023-03-07,18.639999389648438,19.739999771118164,18.510000228881836,19.59000015258789,0,0.0,0.0,,^VIX
1967,2023-03-08,19.709999084472656,20.010000228881836,19.0,19.110000610351562,0,0.0,0.0,,^VIX
1968,2023-03-09,19.329999923706055,23.139999389648438,18.8799991607666,22.610000610351562,0,0.0,0.0,,^VIX
1969,2023-03-10,23.34000015258789,28.969999313354492,21.790000915527344,24.799999237060547,0,0.0,0.0,,^VIX
1970,2023-03-13,24.049999237060547,30.809999465942383,23.850000381469727,26.520000457763672,0,0.0,0.0,,^VIX
1971,2023-03-14,26.850000381469727,27.239999771118164,22.270000457763672,23.729999542236328,0,0.0,0.0,,^VIX
1972,2023-03-15,23.209999084472656,29.90999984741211,23.190000534057617,26.139999389648438,0,0.0,0.0,,^VIX
1973,2023-03-16,26.190000534057617,27.489999771118164,22.969999313354492,22.989999771118164,0,0.0,0.0,,^VIX
1974,2023-03-17,22.920000076293945,26.139999389648438,22.579999923706055,25.510000228881836,0,0.0,0.0,,^VIX
1975,2023-03-20,27.770000457763672,28.90999984741211,24.0,24.149999618530273,0,0.0,0.0,,^VIX
1976,2023-03-21,24.15999984741211,24.15999984741211,21.290000915527344,21.3799991607666,0,0.0,0.0,,^VIX
1977,2023-03-22,21.799999237060547,22.3799991607666,19.940000534057617,22.260000228881836,0,0.0,0.0,,^VIX
1978,2023-03-23,21.540000915527344,24.90999984741211,20.15999984741211,22.610000610351562,0,0.0,0.0,,^VIX
1979,2023-03-24,22.110000610351562,25.209999084472656,21.600000381469727,21.739999771118164,0,0.0,0.0,,^VIX
1980,2023-03-27,22.049999237060547,22.93000030517578,20.56999969482422,20.600000381469727,0,0.0,0.0,,^VIX
1981,2023-03-28,20.530000686645508,21.399999618530273,19.90999984741211,19.969999313354492,0,0.0,0.0,,^VIX
1982,2023-03-29,19.389999389648438,19.450000762939453,19.09000015258789,19.1200008392334,0,0.0,0.0,,^VIX
1983,2023-03-30,19.1200008392334,20.079999923706055,18.850000381469727,19.020000457763672,0,0.0,0.0,,^VIX
1984,2023-03-31,19.209999084472656,19.43000030517578,18.520000457763672,18.700000762939453,0,0.0,0.0,,^VIX
1985,2023-04-03,19.790000915527344,19.829999923706055,18.540000915527344,18.549999237060547,0,0.0,0.0,,^VIX
1986,2023-04-04,18.790000915527344,20.030000686645508,18.579999923706055,19.0,0,0.0,0.0,,^VIX
1987,2023-04-05,19.420000076293945,20.079999923706055,19.0,19.079999923706055,0,0.0,0.0,,^VIX
1988,2023-04-06,19.299999237060547,19.8799991607666,18.350000381469727,18.399999618530273,0,0.0,0.0,,^VIX
1989,2023-04-10,19.389999389648438,20.049999237060547,18.93000030517578,18.969999313354492,0,0.0,0.0,,^VIX
1990,2023-04-11,19.079999923706055,19.280000686645508,18.559999465942383,19.100000381469727,0,0.0,0.0,,^VIX
1991,2023-04-12,19.3799991607666,19.979999542236328,18.25,19.09000015258789,0,0.0,0.0,,^VIX
1992,2023-04-13,18.829999923706055,19.059999465942383,17.770000457763672,17.799999237060547,0,0.0,0.0,,^VIX
1993,2023-04-14,17.940000534057617,18.1200008392334,17.06999969482422,17.06999969482422,0,0.0,0.0,,^VIX
1994,2023-04-17,17.579999923706055,17.790000915527344,16.899999618530273,16.950000762939453,0,0.0,0.0,,^VIX
1995,2023-04-18,16.940000534057617,17.34000015258789,16.579999923706055,16.829999923706055,0,0.0,0.0,,^VIX
1996,2023-04-19,17.299999237060547,17.719999313354492,16.170000076293945,16.459999084472656,0,0.0,0.0,,^VIX
1997,2023-04-20,16.850000381469727,17.690000534057617,16.329999923706055,17.170000076293945,0,0.0,0.0,,^VIX
1998,2023-04-21,17.510000228881836,17.709999084472656,16.579999923706055,16.770000457763672,0,0.0,0.0,,^VIX
1999,2023-04-24,18.219999313354492,18.239999771118164,16.739999771118164,16.889999389648438,0,0.0,0.0,,^VIX
2000,2023-04-25,17.6200008392334,19.860000610351562,17.329999923706055,18.760000228881836,0,0.0,0.0,,^VIX
2001,2023-04-26,18.65999984741211,19.610000610351562,17.8700008392334,18.84000015258789,0,0.0,0.0,,^VIX
2002,2023-04-27,18.43000030517578,18.43000030517578,16.719999313354492,17.030000686645508,0,0.0,0.0,,^VIX
2003,2023-04-28,17.209999084472656,17.649999618530273,15.720000267028809,15.779999732971191,0,0.0,0.0,,^VIX
2004,2023-05-01,16.40999984741211,16.6200008392334,15.529999732971191,16.079999923706055,0,0.0,0.0,,^VIX
2005,2023-05-02,16.270000457763672,19.809999465942383,16.260000228881836,17.780000686645508,0,0.0,0.0,,^VIX
2006,2023-05-03,17.81999969482422,18.829999923706055,17.190000534057617,18.34000015258789,0,0.0,0.0,,^VIX
2007,2023-05-04,19.170000076293945,21.329999923706055,18.670000076293945,20.09000015258789,0,0.0,0.0,,^VIX
2008,2023-05-05,19.5,19.6299991607666,16.690000534057617,17.190000534057617,0,0.0,0.0,,^VIX
2009,2023-05-08,17.729999542236328,17.8799991607666,16.829999923706055,16.979999542236328,0,0.0,0.0,,^VIX
2010,2023-05-09,17.290000915527344,17.860000610351562,17.219999313354492,17.709999084472656,0,0.0,0.0,,^VIX
2011,2023-05-10,17.579999923706055,18.309999465942383,16.360000610351562,16.940000534057617,0,0.0,0.0,,^VIX
2012,2023-05-11,16.799999237060547,18.190000534057617,16.6299991607666,16.93000030517578,0,0.0,0.0,,^VIX
2013,2023-05-12,16.829999923706055,17.920000076293945,16.3799991607666,17.030000686645508,0,0.0,0.0,,^VIX
2014,2023-05-15,17.440000534057617,18.15999984741211,17.079999923706055,17.1200008392334,0,0.0,0.0,,^VIX
2015,2023-05-16,17.540000915527344,18.299999237060547,17.260000228881836,17.989999771118164,0,0.0,0.0,,^VIX
2016,2023-05-17,17.959999084472656,18.260000228881836,16.68000030517578,16.8700008392334,0,0.0,0.0,,^VIX
2017,2023-05-18,16.920000076293945,17.149999618530273,16.049999237060547,16.049999237060547,0,0.0,0.0,,^VIX
2018,2023-05-19,16.1299991607666,17.360000610351562,15.850000381469727,16.809999465942383,0,0.0,0.0,,^VIX
2019,2023-05-22,17.450000762939453,18.1299991607666,16.81999969482422,17.209999084472656,0,0.0,0.0,,^VIX
2020,2023-05-23,17.350000381469727,19.309999465942383,17.299999237060547,18.530000686645508,0,0.0,0.0,,^VIX
2021,2023-05-24,18.799999237060547,20.809999465942383,18.799999237060547,20.030000686645508,0,0.0,0.0,,^VIX
2022,2023-05-25,19.540000915527344,19.950000762939453,18.700000762939453,19.139999389648438,0,0.0,0.0,,^VIX
2023,2023-05-26,19.06999969482422,19.559999465942383,17.270000457763672,17.950000762939453,0,0.0,0.0,,^VIX
2024,2023-05-30,17.559999465942383,18.34000015258789,16.979999542236328,17.459999084472656,0,0.0,0.0,,^VIX
2025,2023-05-31,18.040000915527344,18.399999618530273,17.1200008392334,17.940000534057617,0,0.0,0.0,,^VIX
2026,2023-06-01,17.239999771118164,17.59000015258789,15.579999923706055,15.649999618530273,0,0.0,0.0,,^VIX
2027,2023-06-02,15.649999618530273,15.649999618530273,14.420000076293945,14.600000381469727,0,0.0,0.0,,^VIX
2028,2023-06-05,15.279999732971191,15.289999961853027,14.65999984741211,14.729999542236328,0,0.0,0.0,,^VIX
2029,2023-06-06,14.90999984741211,14.970000267028809,13.949999809265137,13.960000038146973,0,0.0,0.0,,^VIX
2030,2023-06-07,14.140000343322754,14.289999961853027,13.770000457763672,13.9399995803833,0,0.0,0.0,,^VIX
2031,2023-06-08,14.140000343322754,14.210000038146973,13.529999732971191,13.649999618530273,0,0.0,0.0,,^VIX
2032,2023-06-09,13.779999732971191,14.140000343322754,13.5,13.829999923706055,0,0.0,0.0,,^VIX
2033,2023-06-12,14.4399995803833,15.020000457763672,14.319999694824219,15.010000228881836,0,0.0,0.0,,^VIX
2034,2023-06-13,14.989999771118164,15.0600004196167,14.470000267028809,14.609999656677246,0,0.0,0.0,,^VIX
2035,2023-06-14,14.479999542236328,14.729999542236328,13.829999923706055,13.880000114440918,0,0.0,0.0,,^VIX
2036,2023-06-15,14.09000015258789,14.520000457763672,13.789999961853027,14.5,0,0.0,0.0,,^VIX
2037,2023-06-16,14.489999771118164,14.539999961853027,13.479999542236328,13.539999961853027,0,0.0,0.0,,^VIX
2038,2023-06-20,14.359999656677246,14.670000076293945,13.859999656677246,13.880000114440918,0,0.0,0.0,,^VIX
2039,2023-06-21,13.880000114440918,13.890000343322754,13.100000381469727,13.199999809265137,0,0.0,0.0,,^VIX
2040,2023-06-22,13.880000114440918,13.979999542236328,12.729999542236328,12.90999984741211,0,0.0,0.0,,^VIX
2041,2023-06-23,13.239999771118164,13.800000190734863,12.880000114440918,13.4399995803833,0,0.0,0.0,,^VIX
2042,2023-06-26,14.430000305175781,14.710000038146973,13.779999732971191,14.25,0,0.0,0.0,,^VIX
2043,2023-06-27,14.109999656677246,14.34000015258789,13.59000015258789,13.739999771118164,0,0.0,0.0,,^VIX
2044,2023-06-28,13.899999618530273,13.960000038146973,13.359999656677246,13.430000305175781,0,0.0,0.0,,^VIX
2045,2023-06-29,13.640000343322754,13.850000381469727,13.40999984741211,13.539999961853027,0,0.0,0.0,,^VIX
2046,2023-06-30,13.510000228881836,13.59000015258789,12.960000038146973,13.59000015258789,0,0.0,0.0,,^VIX
2047,2023-07-03,13.850000381469727,13.850000381469727,13.470000267028809,13.569999694824219,0,0.0,0.0,,^VIX
2048,2023-07-05,14.1899995803833,14.739999771118164,14.050000190734863,14.180000305175781,0,0.0,0.0,,^VIX
2049,2023-07-06,14.850000381469727,17.079999923706055,14.789999961853027,15.4399995803833,0,0.0,0.0,,^VIX
2050,2023-07-07,15.970000267028809,16.059999465942383,14.329999923706055,14.829999923706055,0,0.0,0.0,,^VIX
2051,2023-07-10,16.079999923706055,16.209999084472656,15.039999961853027,15.069999694824219,0,0.0,0.0,,^VIX
2052,2023-07-11,15.020000457763672,15.25,14.630000114440918,14.84000015258789,0,0.0,0.0,,^VIX
2053,2023-07-12,14.819999694824219,14.819999694824219,13.510000228881836,13.539999961853027,0,0.0,0.0,,^VIX
2054,2023-07-13,13.4399995803833,13.609999656677246,13.119999885559082,13.609999656677246,0,0.0,0.0,,^VIX
2055,2023-07-14,13.720000267028809,13.760000228881836,13.220000267028809,13.34000015258789,0,0.0,0.0,,^VIX
2056,2023-07-17,13.779999732971191,14.0,13.430000305175781,13.479999542236328,0,0.0,0.0,,^VIX
2057,2023-07-18,13.609999656677246,13.670000076293945,13.289999961853027,13.300000190734863,0,0.0,0.0,,^VIX
2058,2023-07-19,13.319999694824219,13.84000015258789,13.119999885559082,13.760000228881836,0,0.0,0.0,,^VIX
2059,2023-07-20,13.960000038146973,14.229999542236328,13.579999923706055,13.989999771118164,0,0.0,0.0,,^VIX
2060,2023-07-21,13.869999885559082,13.890000343322754,13.369999885559082,13.600000381469727,0,0.0,0.0,,^VIX
2061,2023-07-24,14.289999961853027,14.300000190734863,13.729999542236328,13.90999984741211,0,0.0,0.0,,^VIX
2062,2023-07-25,14.020000457763672,14.09000015258789,13.819999694824219,13.859999656677246,0,0.0,0.0,,^VIX
2063,2023-07-26,13.859999656677246,14.15999984741211,13.149999618530273,13.1899995803833,0,0.0,0.0,,^VIX
2064,2023-07-27,13.140000343322754,15.020000457763672,12.739999771118164,14.40999984741211,0,0.0,0.0,,^VIX
2065,2023-07-28,14.029999732971191,14.180000305175781,13.270000457763672,13.329999923706055,0,0.0,0.0,,^VIX
2066,2023-07-31,13.979999542236328,14.09000015258789,13.569999694824219,13.630000114440918,0,0.0,0.0,,^VIX
2067,2023-08-01,13.75,14.300000190734863,13.75,13.930000305175781,0,0.0,0.0,,^VIX
2068,2023-08-02,15.699999809265137,16.479999542236328,14.949999809265137,16.09000015258789,0,0.0,0.0,,^VIX
2069,2023-08-03,16.770000457763672,17.420000076293945,15.720000267028809,15.920000076293945,0,0.0,0.0,,^VIX
2070,2023-08-04,16.010000228881836,17.389999389648438,14.569999694824219,17.100000381469727,0,0.0,0.0,,^VIX
2071,2023-08-07,16.899999618530273,17.360000610351562,15.770000457763672,15.770000457763672,0,0.0,0.0,,^VIX
2072,2023-08-08,16.280000686645508,18.139999389648438,15.960000038146973,15.989999771118164,0,0.0,0.0,,^VIX
2073,2023-08-09,15.8100004196167,16.8700008392334,15.380000114440918,15.960000038146973,0,0.0,0.0,,^VIX
2074,2023-08-10,15.579999923706055,16.860000610351562,14.600000381469727,15.850000381469727,0,0.0,0.0,,^VIX
2075,2023-08-11,15.529999732971191,16.510000228881836,14.84000015258789,14.84000015258789,0,0.0,0.0,,^VIX
2076,2023-08-14,15.880000114440918,16.059999465942383,14.770000457763672,14.819999694824219,0,0.0,0.0,,^VIX
2077,2023-08-15,14.949999809265137,16.56999969482422,14.90999984741211,16.459999084472656,0,0.0,0.0,,^VIX
2078,2023-08-16,16.540000915527344,16.93000030517578,15.800000190734863,16.780000686645508,0,0.0,0.0,,^VIX
2079,2023-08-17,16.959999084472656,18.1299991607666,16.399999618530273,17.889999389648438,0,0.0,0.0,,^VIX
2080,2023-08-18,17.799999237060547,18.8799991607666,17.139999389648438,17.299999237060547,0,0.0,0.0,,^VIX
2081,2023-08-21,18.030000686645508,18.110000610351562,16.8799991607666,17.1299991607666,0,0.0,0.0,,^VIX
2082,2023-08-22,16.959999084472656,17.579999923706055,16.610000610351562,16.969999313354492,0,0.0,0.0,,^VIX
2083,2023-08-23,16.639999389648438,17.100000381469727,15.90999984741211,15.979999542236328,0,0.0,0.0,,^VIX
2084,2023-08-24,15.569999694824219,17.31999969482422,15.479999542236328,17.200000762939453,0,0.0,0.0,,^VIX
2085,2023-08-25,17.209999084472656,17.360000610351562,15.449999809265137,15.680000305175781,0,0.0,0.0,,^VIX
2086,2023-08-28,16.239999771118164,16.280000686645508,15.0,15.079999923706055,0,0.0,0.0,,^VIX
2087,2023-08-29,15.079999923706055,15.300000190734863,14.34000015258789,14.449999809265137,0,0.0,0.0,,^VIX
2088,2023-08-30,14.529999732971191,14.699999809265137,13.829999923706055,13.880000114440918,0,0.0,0.0,,^VIX
2089,2023-08-31,13.979999542236328,14.0,13.4399995803833,13.569999694824219,0,0.0,0.0,,^VIX
2090,2023-09-01,13.5600004196167,13.5600004196167,13.020000457763672,13.09000015258789,0,0.0,0.0,,^VIX
2091,2023-09-05,14.149999618530273,14.470000267028809,13.699999809265137,14.010000228881836,0,0.0,0.0,,^VIX
2092,2023-09-06,14.270000457763672,15.300000190734863,14.130000114440918,14.449999809265137,0,0.0,0.0,,^VIX
2093,2023-09-07,14.8100004196167,15.6899995803833,14.399999618530273,14.399999618530273,0,0.0,0.0,,^VIX
2094,2023-09-08,14.220000267028809,14.869999885559082,13.579999923706055,13.84000015258789,0,0.0,0.0,,^VIX
2095,2023-09-11,14.170000076293945,14.329999923706055,13.739999771118164,13.800000190734863,0,0.0,0.0,,^VIX
2096,2023-09-12,14.020000457763672,14.420000076293945,13.710000038146973,14.229999542236328,0,0.0,0.0,,^VIX
2097,2023-09-13,14.420000076293945,14.680000305175781,13.40999984741211,13.479999542236328,0,0.0,0.0,,^VIX
2098,2023-09-14,13.390000343322754,13.460000038146973,12.789999961853027,12.819999694824219,0,0.0,0.0,,^VIX
2099,2023-09-15,12.699999809265137,14.170000076293945,12.680000305175781,13.789999961853027,0,0.0,0.0,,^VIX
2100,2023-09-18,14.399999618530273,14.75,13.859999656677246,14.0,0,0.0,0.0,,^VIX
2101,2023-09-19,14.109999656677246,14.880000114440918,13.859999656677246,14.109999656677246,0,0.0,0.0,,^VIX
2102,2023-09-20,14.180000305175781,15.149999618530273,13.569999694824219,15.140000343322754,0,0.0,0.0,,^VIX
2103,2023-09-21,15.489999771118164,17.540000915527344,15.100000381469727,17.540000915527344,0,0.0,0.0,,^VIX
2104,2023-09-22,17.309999465942383,17.40999984741211,15.930000305175781,17.200000762939453,0,0.0,0.0,,^VIX
2105,2023-09-25,17.25,18.40999984741211,16.790000915527344,16.899999618530273,0,0.0,0.0,,^VIX
2106,2023-09-26,18.030000686645508,19.5,17.170000076293945,18.940000534057617,0,0.0,0.0,,^VIX
2107,2023-09-27,18.290000915527344,19.709999084472656,18.030000686645508,18.219999313354492,0,0.0,0.0,,^VIX
2108,2023-09-28,18.219999313354492,18.770000457763672,17.059999465942383,17.34000015258789,0,0.0,0.0,,^VIX
2109,2023-09-29,16.8700008392334,17.739999771118164,15.829999923706055,17.520000457763672,0,0.0,0.0,,^VIX
2110,2023-10-02,17.309999465942383,18.549999237060547,16.93000030517578,17.610000610351562,0,0.0,0.0,,^VIX
2111,2023-10-03,17.809999465942383,20.479999542236328,17.520000457763672,19.780000686645508,0,0.0,0.0,,^VIX
2112,2023-10-04,20.719999313354492,20.8799991607666,18.299999237060547,18.579999923706055,0,0.0,0.0,,^VIX
2113,2023-10-05,18.670000076293945,19.579999923706055,18.260000228881836,18.489999771118164,0,0.0,0.0,,^VIX
2114,2023-10-06,18.729999542236328,19.93000030517578,17.190000534057617,17.450000762939453,0,0.0,0.0,,^VIX
2115,2023-10-09,19.540000915527344,19.600000381469727,17.559999465942383,17.700000762939453,0,0.0,0.0,,^VIX
2116,2023-10-10,17.700000762939453,17.860000610351562,16.510000228881836,17.030000686645508,0,0.0,0.0,,^VIX
2117,2023-10-11,16.950000762939453,17.780000686645508,16.09000015258789,16.09000015258789,0,0.0,0.0,,^VIX
2118,2023-10-12,16.079999923706055,18.079999923706055,15.4399995803833,16.690000534057617,0,0.0,0.0,,^VIX
2119,2023-10-13,16.530000686645508,20.780000686645508,16.5,19.31999969482422,0,0.0,0.0,,^VIX
2120,2023-10-16,19.100000381469727,19.56999969482422,17.139999389648438,17.209999084472656,0,0.0,0.0,,^VIX
2121,2023-10-17,17.40999984741211,18.540000915527344,16.969999313354492,17.8799991607666,0,0.0,0.0,,^VIX
2122,2023-10-18,18.360000610351562,20.149999618530273,17.8799991607666,19.219999313354492,0,0.0,0.0,,^VIX
2123,2023-10-19,19.729999542236328,21.399999618530273,18.549999237060547,21.399999618530273,0,0.0,0.0,,^VIX
2124,2023-10-20,21.59000015258789,21.829999923706055,20.420000076293945,21.709999084472656,0,0.0,0.0,,^VIX
2125,2023-10-23,21.829999923706055,23.079999923706055,19.479999542236328,20.3700008392334,0,0.0,0.0,,^VIX
2126,2023-10-24,20.030000686645508,20.239999771118164,18.649999618530273,18.969999313354492,0,0.0,0.0,,^VIX
2127,2023-10-25,19.389999389648438,21.239999771118164,18.860000610351562,20.190000534057617,0,0.0,0.0,,^VIX
2128,2023-10-26,21.780000686645508,21.959999084472656,20.219999313354492,20.68000030517578,0,0.0,0.0,,^VIX
2129,2023-10-27,20.389999389648438,22.06999969482422,19.719999313354492,21.270000457763672,0,0.0,0.0,,^VIX
2130,2023-10-30,21.1299991607666,21.15999984741211,19.549999237060547,19.75,0,0.0,0.0,,^VIX
2131,2023-10-31,19.860000610351562,19.860000610351562,17.969999313354492,18.139999389648438,0,0.0,0.0,,^VIX
2132,2023-11-01,18.020000457763672,18.420000076293945,16.6299991607666,16.8700008392334,0,0.0,0.0,,^VIX
2133,2023-11-02,16.59000015258789,16.6200008392334,15.579999923706055,15.65999984741211,0,0.0,0.0,,^VIX
2134,2023-11-03,15.699999809265137,15.829999923706055,14.90999984741211,14.90999984741211,0,0.0,0.0,,^VIX
2135,2023-11-06,15.390000343322754,15.579999923706055,14.84000015258789,14.890000343322754,0,0.0,0.0,,^VIX
2136,2023-11-07,15.100000381469727,15.170000076293945,14.710000038146973,14.8100004196167,0,0.0,0.0,,^VIX
2137,2023-11-08,14.90999984741211,15.09000015258789,14.300000190734863,14.449999809265137,0,0.0,0.0,,^VIX
2138,2023-11-09,14.609999656677246,15.569999694824219,14.130000114440918,15.289999961853027,0,0.0,0.0,,^VIX
2139,2023-11-10,15.09000015258789,15.449999809265137,14.15999984741211,14.170000076293945,0,0.0,0.0,,^VIX
2140,2023-11-13,15.15999984741211,15.1899995803833,14.579999923706055,14.760000228881836,0,0.0,0.0,,^VIX
2141,2023-11-14,14.829999923706055,14.859999656677246,13.90999984741211,14.15999984741211,0,0.0,0.0,,^VIX
2142,2023-11-15,14.210000038146973,14.350000381469727,13.970000267028809,14.180000305175781,0,0.0,0.0,,^VIX
2143,2023-11-16,14.119999885559082,14.420000076293945,13.680000305175781,14.319999694824219,0,0.0,0.0,,^VIX
2144,2023-11-17,14.180000305175781,14.1899995803833,13.670000076293945,13.800000190734863,0,0.0,0.0,,^VIX
2145,2023-11-20,14.260000228881836,14.3100004196167,13.390000343322754,13.40999984741211,0,0.0,0.0,,^VIX
2146,2023-11-21,13.449999809265137,14.3100004196167,13.130000114440918,13.350000381469727,0,0.0,0.0,,^VIX
2147,2023-11-22,13.079999923706055,13.25,12.819999694824219,12.850000381469727,0,0.0,0.0,,^VIX
2148,2023-11-24,13.029999732971191,13.170000076293945,12.449999809265137,12.460000038146973,0,0.0,0.0,,^VIX
2149,2023-11-27,13.140000343322754,13.279999732971191,12.640000343322754,12.6899995803833,0,0.0,0.0,,^VIX
2150,2023-11-28,12.779999732971191,14.300000190734863,12.5600004196167,12.6899995803833,0,0.0,0.0,,^VIX
2151,2023-11-29,12.710000038146973,13.100000381469727,12.479999542236328,12.979999542236328,0,0.0,0.0,,^VIX
2152,2023-11-30,13.069999694824219,13.390000343322754,12.819999694824219,12.920000076293945,0,0.0,0.0,,^VIX
2153,2023-12-01,12.9399995803833,12.960000038146973,12.479999542236328,12.630000114440918,0,0.0,0.0,,^VIX
2154,2023-12-04,13.279999732971191,13.699999809265137,12.979999542236328,13.079999923706055,0,0.0,0.0,,^VIX
2155,2023-12-05,13.260000228881836,13.760000228881836,12.8100004196167,12.850000381469727,0,0.0,0.0,,^VIX
2156,2023-12-06,12.779999732971191,13.029999732971191,12.640000343322754,12.970000267028809,0,0.0,0.0,,^VIX
2157,2023-12-07,13.170000076293945,13.279999732971191,12.949999809265137,13.0600004196167,0,0.0,0.0,,^VIX
2158,2023-12-08,13.140000343322754,13.239999771118164,12.350000381469727,12.350000381469727,0,0.0,0.0,,^VIX
2159,2023-12-11,13.050000190734863,13.140000343322754,12.609999656677246,12.630000114440918,0,0.0,0.0,,^VIX
2160,2023-12-12,12.6899995803833,12.739999771118164,11.8100004196167,12.069999694824219,0,0.0,0.0,,^VIX
2161,2023-12-13,12.199999809265137,12.460000038146973,11.819999694824219,12.1899995803833,0,0.0,0.0,,^VIX
2162,2023-12-14,11.960000038146973,12.739999771118164,11.84000015258789,12.479999542236328,0,0.0,0.0,,^VIX
2163,2023-12-15,12.119999885559082,12.539999961853027,12.010000228881836,12.279999732971191,0,0.0,0.0,,^VIX
2164,2023-12-18,12.619999885559082,12.640000343322754,12.399999618530273,12.5600004196167,0,0.0,0.0,,^VIX
2165,2023-12-19,12.600000381469727,12.600000381469727,12.329999923706055,12.529999732971191,0,0.0,0.0,,^VIX
2166,2023-12-20,12.630000114440918,13.930000305175781,12.289999961853027,13.670000076293945,0,0.0,0.0,,^VIX
2167,2023-12-21,13.399999618530273,14.489999771118164,13.34000015258789,13.649999618530273,0,0.0,0.0,,^VIX
2168,2023-12-22,13.720000267028809,13.960000038146973,13.0,13.029999732971191,0,0.0,0.0,,^VIX
2169,2023-12-26,13.770000457763672,13.800000190734863,12.960000038146973,12.989999771118164,0,0.0,0.0,,^VIX
2170,2023-12-27,13.020000457763672,13.039999961853027,12.369999885559082,12.430000305175781,0,0.0,0.0,,^VIX
2171,2023-12-28,12.4399995803833,12.649999618530273,12.380000114440918,12.470000267028809,0,0.0,0.0,,^VIX
2172,2023-12-29,12.550000190734863,13.1899995803833,12.359999656677246,12.449999809265137,0,0.0,0.0,,^VIX
2173,2024-01-02,13.220000267028809,14.229999542236328,13.100000381469727,13.199999809265137,0,0.0,0.0,,^VIX
2174,2024-01-03,13.350000381469727,14.220000267028809,13.329999923706055,14.039999961853027,0,0.0,0.0,,^VIX
2175,2024-01-04,13.930000305175781,14.199999809265137,13.640000343322754,14.130000114440918,0,0.0,0.0,,^VIX
2176,2024-01-05,14.239999771118164,14.579999923706055,13.289999961853027,13.350000381469727,0,0.0,0.0,,^VIX
2177,2024-01-08,14.0,14.180000305175781,13.020000457763672,13.079999923706055,0,0.0,0.0,,^VIX
2178,2024-01-09,13.199999809265137,13.449999809265137,12.739999771118164,12.760000228881836,0,0.0,0.0,,^VIX
2179,2024-01-10,12.859999656677246,12.949999809265137,12.670000076293945,12.6899995803833,0,0.0,0.0,,^VIX
2180,2024-01-11,12.640000343322754,13.3100004196167,12.350000381469727,12.4399995803833,0,0.0,0.0,,^VIX
2181,2024-01-12,12.65999984741211,13.079999923706055,12.470000267028809,12.699999809265137,0,0.0,0.0,,^VIX
2182,2024-01-16,14.119999885559082,14.350000381469727,13.520000457763672,13.84000015258789,0,0.0,0.0,,^VIX
2183,2024-01-17,14.59000015258789,15.399999618530273,14.380000114440918,14.789999961853027,0,0.0,0.0,,^VIX
2184,2024-01-18,14.850000381469727,14.890000343322754,13.890000343322754,14.130000114440918,0,0.0,0.0,,^VIX
2185,2024-01-19,13.800000190734863,14.579999923706055,13.279999732971191,13.300000190734863,0,0.0,0.0,,^VIX
2186,2024-01-22,13.770000457763672,13.84000015258789,13.170000076293945,13.1899995803833,0,0.0,0.0,,^VIX
2187,2024-01-23,13.199999809265137,13.289999961853027,12.529999732971191,12.550000190734863,0,0.0,0.0,,^VIX
2188,2024-01-24,12.65999984741211,13.180000305175781,12.40999984741211,13.140000343322754,0,0.0,0.0,,^VIX
2189,2024-01-25,13.180000305175781,13.579999923706055,13.0600004196167,13.449999809265137,0,0.0,0.0,,^VIX
2190,2024-01-26,13.729999542236328,14.100000381469727,13.199999809265137,13.260000228881836,0,0.0,0.0,,^VIX
2191,2024-01-29,13.979999542236328,15.350000381469727,13.59000015258789,13.600000381469727,0,0.0,0.0,,^VIX
2192,2024-01-30,13.6899995803833,13.739999771118164,13.229999542236328,13.3100004196167,0,0.0,0.0,,^VIX
2193,2024-01-31,13.420000076293945,14.609999656677246,13.180000305175781,14.350000381469727,0,0.0,0.0,,^VIX
2194,2024-02-01,14.210000038146973,14.630000114440918,13.869999885559082,13.880000114440918,0,0.0,0.0,,^VIX
2195,2024-02-02,13.949999809265137,14.229999542236328,13.390000343322754,13.850000381469727,0,0.0,0.0,,^VIX
2196,2024-02-05,14.369999885559082,14.529999732971191,13.579999923706055,13.670000076293945,0,0.0,0.0,,^VIX
2197,2024-02-06,13.569999694824219,13.779999732971191,12.979999542236328,13.0600004196167,0,0.0,0.0,,^VIX
2198,2024-02-07,13.0600004196167,13.130000114440918,12.8100004196167,12.829999923706055,0,0.0,0.0,,^VIX
2199,2024-02-08,12.949999809265137,13.170000076293945,12.739999771118164,12.789999961853027,0,0.0,0.0,,^VIX
2200,2024-02-09,12.789999961853027,13.010000228881836,12.6899995803833,12.930000305175781,0,0.0,0.0,,^VIX
2201,2024-02-12,13.479999542236328,13.9399995803833,13.34000015258789,13.930000305175781,0,0.0,0.0,,^VIX
2202,2024-02-13,13.960000038146973,17.940000534057617,13.430000305175781,15.850000381469727,0,0.0,0.0,,^VIX
2203,2024-02-14,15.380000114440918,15.470000267028809,14.220000267028809,14.380000114440918,0,0.0,0.0,,^VIX
2204,2024-02-15,14.270000457763672,14.640000343322754,13.9399995803833,14.010000228881836,0,0.0,0.0,,^VIX
2205,2024-02-16,13.9399995803833,14.710000038146973,13.75,14.239999771118164,0,0.0,0.0,,^VIX
2206,2024-02-20,15.09000015258789,15.90999984741211,15.069999694824219,15.420000076293945,0,0.0,0.0,,^VIX
2207,2024-02-21,15.539999961853027,16.1200008392334,15.220000267028809,15.34000015258789,0,0.0,0.0,,^VIX
2208,2024-02-22,14.279999732971191,14.640000343322754,14.119999885559082,14.539999961853027,0,0.0,0.0,,^VIX
2209,2024-02-23,14.3100004196167,14.3100004196167,13.640000343322754,13.75,0,0.0,0.0,,^VIX
2210,2024-02-26,14.170000076293945,14.199999809265137,13.65999984741211,13.739999771118164,0,0.0,0.0,,^VIX
2211,2024-02-27,13.630000114440918,13.75,13.40999984741211,13.430000305175781,0,0.0,0.0,,^VIX
2212,2024-02-28,13.520000457763672,13.899999618530273,13.4399995803833,13.84000015258789,0,0.0,0.0,,^VIX
2213,2024-02-29,14.140000343322754,14.149999618530273,13.300000190734863,13.399999618530273,0,0.0,0.0,,^VIX
2214,2024-03-01,13.34000015258789,13.65999984741211,13.079999923706055,13.109999656677246,0,0.0,0.0,,^VIX
2215,2024-03-04,13.489999771118164,13.579999923706055,13.319999694824219,13.489999771118164,0,0.0,0.0,,^VIX
2216,2024-03-05,13.75,15.100000381469727,13.75,14.460000038146973,0,0.0,0.0,,^VIX
2217,2024-03-06,14.270000457763672,14.930000305175781,13.890000343322754,14.5,0,0.0,0.0,,^VIX
2218,2024-03-07,14.979999542236328,14.979999542236328,14.25,14.4399995803833,0,0.0,0.0,,^VIX
2219,2024-03-08,14.220000267028809,15.529999732971191,13.970000267028809,14.739999771118164,0,0.0,0.0,,^VIX
2220,2024-03-11,15.510000228881836,16.040000915527344,15.130000114440918,15.220000267028809,0,0.0,0.0,,^VIX
2221,2024-03-12,14.970000267028809,15.199999809265137,13.8100004196167,13.84000015258789,0,0.0,0.0,,^VIX
2222,2024-03-13,13.890000343322754,14.039999961853027,13.670000076293945,13.75,0,0.0,0.0,,^VIX
2223,2024-03-14,13.619999885559082,15.329999923706055,13.420000076293945,14.399999618530273,0,0.0,0.0,,^VIX
2224,2024-03-15,14.329999923706055,15.529999732971191,14.140000343322754,14.40999984741211,0,0.0,0.0,,^VIX
2225,2024-03-18,14.75,14.850000381469727,14.260000228881836,14.329999923706055,0,0.0,0.0,,^VIX
2226,2024-03-19,14.5,14.859999656677246,13.800000190734863,13.819999694824219,0,0.0,0.0,,^VIX
2227,2024-03-20,13.829999923706055,14.170000076293945,13.010000228881836,13.039999961853027,0,0.0,0.0,,^VIX
2228,2024-03-21,12.979999542236328,13.079999923706055,12.399999618530273,12.920000076293945,0,0.0,0.0,,^VIX
2229,2024-03-22,12.920000076293945,13.149999618530273,12.579999923706055,13.0600004196167,0,0.0,0.0,,^VIX
2230,2024-03-25,13.670000076293945,13.670000076293945,13.109999656677246,13.1899995803833,0,0.0,0.0,,^VIX
2231,2024-03-26,13.119999885559082,13.430000305175781,12.84000015258789,13.239999771118164,0,0.0,0.0,,^VIX
2232,2024-03-27,13.130000114440918,13.34000015258789,12.65999984741211,12.779999732971191,0,0.0,0.0,,^VIX
2233,2024-03-28,12.930000305175781,13.100000381469727,12.84000015258789,13.010000228881836,0,0.0,0.0,,^VIX
2234,2024-04-01,13.609999656677246,14.149999618530273,13.550000190734863,13.649999618530273,0,0.0,0.0,,^VIX
2235,2024-04-02,13.739999771118164,15.430000305175781,13.680000305175781,14.609999656677246,0,0.0,0.0,,^VIX
2236,2024-04-03,15.0,15.180000305175781,14.25,14.329999923706055,0,0.0,0.0,,^VIX
2237,2024-04-04,14.289999961853027,16.920000076293945,13.739999771118164,16.350000381469727,0,0.0,0.0,,^VIX
2238,2024-04-05,16.450000762939453,16.75,15.529999732971191,16.030000686645508,0,0.0,0.0,,^VIX
2239,2024-04-08,16.239999771118164,16.5,15.109999656677246,15.1899995803833,0,0.0,0.0,,^VIX
2240,2024-04-09,15.34000015258789,16.6299991607666,14.9399995803833,14.979999542236328,0,0.0,0.0,,^VIX
2241,2024-04-10,15.239999771118164,16.6200008392334,14.59000015258789,15.800000190734863,0,0.0,0.0,,^VIX
2242,2024-04-11,16.020000457763672,17.610000610351562,14.90999984741211,14.90999984741211,0,0.0,0.0,,^VIX
2243,2024-04-12,14.90999984741211,19.200000762939453,14.90999984741211,17.309999465942383,0,0.0,0.0,,^VIX
2244,2024-04-15,16.940000534057617,19.459999084472656,16.260000228881836,19.229999542236328,0,0.0,0.0,,^VIX
2245,2024-04-16,19.489999771118164,19.559999465942383,17.639999389648438,18.399999618530273,0,0.0,0.0,,^VIX
2246,2024-04-17,18.239999771118164,19.110000610351562,17.540000915527344,18.209999084472656,0,0.0,0.0,,^VIX
2247,2024-04-18,17.90999984741211,18.3700008392334,17.209999084472656,18.0,0,0.0,0.0,,^VIX
2248,2024-04-19,21.329999923706055,21.360000610351562,18.170000076293945,18.709999084472656,0,0.0,0.0,,^VIX
2249,2024-04-22,18.59000015258789,18.719999313354492,16.690000534057617,16.940000534057617,0,0.0,0.0,,^VIX
2250,2024-04-23,16.719999313354492,16.760000228881836,15.6899995803833,15.6899995803833,0,0.0,0.0,,^VIX
2251,2024-04-24,15.760000228881836,16.3799991607666,15.579999923706055,15.970000267028809,0,0.0,0.0,,^VIX
2252,2024-04-25,16.25,17.549999237060547,15.270000457763672,15.369999885559082,0,0.0,0.0,,^VIX
2253,2024-04-26,15.489999771118164,16.059999465942383,14.920000076293945,15.029999732971191,0,0.0,0.0,,^VIX
2254,2024-04-29,15.369999885559082,15.420000076293945,14.630000114440918,14.670000076293945,0,0.0,0.0,,^VIX
2255,2024-04-30,14.819999694824219,15.899999618530273,14.670000076293945,15.649999618530273,0,0.0,0.0,,^VIX
2256,2024-05-01,15.75,16.219999313354492,14.350000381469727,15.390000343322754,0,0.0,0.0,,^VIX
2257,2024-05-02,15.140000343322754,16.09000015258789,14.600000381469727,14.680000305175781,0,0.0,0.0,,^VIX
2258,2024-05-03,14.510000228881836,14.579999923706055,13.479999542236328,13.489999771118164,0,0.0,0.0,,^VIX
2259,2024-05-06,13.979999542236328,14.020000457763672,13.4399995803833,13.489999771118164,0,0.0,0.0,,^VIX
2260,2024-05-07,13.520000457763672,13.640000343322754,13.15999984741211,13.229999542236328,0,0.0,0.0,,^VIX
2261,2024-05-08,13.239999771118164,13.510000228881836,12.9399995803833,13.0,0,0.0,0.0,,^VIX
2262,2024-05-09,13.079999923706055,13.289999961853027,12.680000305175781,12.6899995803833,0,0.0,0.0,,^VIX
2263,2024-05-10,12.770000457763672,12.960000038146973,12.5,12.550000190734863,0,0.0,0.0,,^VIX
2264,2024-05-13,13.260000228881836,13.65999984741211,13.25,13.600000381469727,0,0.0,0.0,,^VIX
2265,2024-05-14,13.710000038146973,14.029999732971191,13.270000457763672,13.420000076293945,0,0.0,0.0,,^VIX
2266,2024-05-15,13.729999542236328,13.9399995803833,12.380000114440918,12.449999809265137,0,0.0,0.0,,^VIX
2267,2024-05-16,12.520000457763672,12.670000076293945,12.329999923706055,12.420000076293945,0,0.0,0.0,,^VIX
2268,2024-05-17,12.279999732971191,12.479999542236328,11.90999984741211,11.989999771118164,0,0.0,0.0,,^VIX
2269,2024-05-20,12.270000457763672,12.59000015258789,12.069999694824219,12.149999618530273,0,0.0,0.0,,^VIX
2270,2024-05-21,12.300000190734863,12.5600004196167,11.84000015258789,11.859999656677246,0,0.0,0.0,,^VIX
2271,2024-05-22,12.050000190734863,12.8100004196167,11.779999732971191,12.289999961853027,0,0.0,0.0,,^VIX
2272,2024-05-23,11.529999732971191,13.369999885559082,11.520000457763672,12.770000457763672,0,0.0,0.0,,^VIX
2273,2024-05-24,12.859999656677246,12.890000343322754,11.890000343322754,11.930000305175781,0,0.0,0.0,,^VIX
2274,2024-05-28,12.510000228881836,13.4399995803833,12.359999656677246,12.920000076293945,0,0.0,0.0,,^VIX
2275,2024-05-29,13.75,14.319999694824219,13.6899995803833,14.279999732971191,0,0.0,0.0,,^VIX
2276,2024-05-30,14.819999694824219,14.880000114440918,13.670000076293945,14.470000267028809,0,0.0,0.0,,^VIX
2277,2024-05-31,14.5,14.869999885559082,12.84000015258789,12.920000076293945,0,0.0,0.0,,^VIX
2278,2024-06-03,13.079999923706055,14.3100004196167,13.0,13.109999656677246,0,0.0,0.0,,^VIX
2279,2024-06-04,13.510000228881836,14.079999923706055,13.109999656677246,13.15999984741211,0,0.0,0.0,,^VIX
2280,2024-06-05,13.140000343322754,13.25,12.600000381469727,12.630000114440918,0,0.0,0.0,,^VIX
2281,2024-06-06,12.75,12.979999542236328,12.539999961853027,12.579999923706055,0,0.0,0.0,,^VIX
2282,2024-06-07,12.6899995803833,13.079999923706055,12.109999656677246,12.220000267028809,0,0.0,0.0,,^VIX
2283,2024-06-10,13.09000015258789,13.279999732971191,12.619999885559082,12.739999771118164,0,0.0,0.0,,^VIX
2284,2024-06-11,12.850000381469727,13.470000267028809,12.779999732971191,12.850000381469727,0,0.0,0.0,,^VIX
2285,2024-06-12,13.100000381469727,13.149999618530273,11.9399995803833,12.039999961853027,0,0.0,0.0,,^VIX
2286,2024-06-13,12.050000190734863,12.680000305175781,11.880000114440918,11.9399995803833,0,0.0,0.0,,^VIX
2287,2024-06-14,12.220000267028809,13.449999809265137,12.119999885559082,12.65999984741211,0,0.0,0.0,,^VIX
2288,2024-06-17,13.069999694824219,13.289999961853027,12.5,12.75,0,0.0,0.0,,^VIX
2289,2024-06-18,12.699999809265137,12.739999771118164,12.239999771118164,12.300000190734863,0,0.0,0.0,,^VIX
2290,2024-06-20,12.5,13.550000190734863,12.180000305175781,13.279999732971191,0,0.0,0.0,,^VIX
2291,2024-06-21,13.220000267028809,13.779999732971191,12.989999771118164,13.199999809265137,0,0.0,0.0,,^VIX
2292,2024-06-24,13.850000381469727,13.880000114440918,13.149999618530273,13.329999923706055,0,0.0,0.0,,^VIX
2293,2024-06-25,13.479999542236328,13.520000457763672,12.84000015258789,12.84000015258789,0,0.0,0.0,,^VIX
2294,2024-06-26,12.8100004196167,13.239999771118164,12.369999885559082,12.550000190734863,0,0.0,0.0,,^VIX
2295,2024-06-27,12.6899995803833,12.770000457763672,12.210000038146973,12.239999771118164,0,0.0,0.0,,^VIX
2296,2024-06-28,12.239999771118164,12.760000228881836,11.869999885559082,12.4399995803833,0,0.0,0.0,,^VIX
2297,2024-07-01,12.979999542236328,13.260000228881836,12.100000381469727,12.220000267028809,0,0.0,0.0,,^VIX
2298,2024-07-02,12.670000076293945,12.880000114440918,11.850000381469727,12.029999732971191,0,0.0,0.0,,^VIX
2299,2024-07-03,12.130000114440918,12.229999542236328,11.949999809265137,12.09000015258789,0,0.0,0.0,,^VIX
2300,2024-07-05,12.369999885559082,12.609999656677246,11.84000015258789,12.479999542236328,0,0.0,0.0,,^VIX
2301,2024-07-08,12.90999984741211,12.90999984741211,12.3100004196167,12.369999885559082,0,0.0,0.0,,^VIX
2302,2024-07-09,12.479999542236328,12.609999656677246,12.350000381469727,12.510000228881836,0,0.0,0.0,,^VIX
2303,2024-07-10,12.510000228881836,12.920000076293945,12.390000343322754,12.850000381469727,0,0.0,0.0,,^VIX
2304,2024-07-11,12.880000114440918,13.329999923706055,12.229999542236328,12.920000076293945,0,0.0,0.0,,^VIX
2305,2024-07-12,12.869999885559082,12.890000343322754,12.109999656677246,12.460000038146973,0,0.0,0.0,,^VIX
2306,2024-07-15,12.779999732971191,13.260000228881836,12.75,13.119999885559082,0,0.0,0.0,,^VIX
2307,2024-07-16,13.380000114440918,13.470000267028809,12.949999809265137,13.1899995803833,0,0.0,0.0,,^VIX
2308,2024-07-17,13.600000381469727,14.880000114440918,13.539999961853027,14.479999542236328,0,0.0,0.0,,^VIX
2309,2024-07-18,14.270000457763672,16.43000030517578,14.079999923706055,15.930000305175781,0,0.0,0.0,,^VIX
2310,2024-07-19,16.440000534057617,17.190000534057617,10.619999885559082,16.520000457763672,0,0.0,0.0,,^VIX
2311,2024-07-22,16.790000915527344,16.889999389648438,14.75,14.90999984741211,0,0.0,0.0,,^VIX
2312,2024-07-23,15.210000038146973,15.350000381469727,13.899999618530273,14.720000267028809,0,0.0,0.0,,^VIX
2313,2024-07-24,15.350000381469727,18.459999084472656,15.180000305175781,18.040000915527344,0,0.0,0.0,,^VIX
2314,2024-07-25,18.40999984741211,19.360000610351562,16.420000076293945,18.459999084472656,0,0.0,0.0,,^VIX
2315,2024-07-26,17.969999313354492,18.049999237060547,16.3700008392334,16.389999389648438,0,0.0,0.0,,^VIX
2316,2024-07-29,16.59000015258789,17.209999084472656,16.229999542236328,16.600000381469727,0,0.0,0.0,,^VIX
2317,2024-07-30,16.639999389648438,18.31999969482422,16.260000228881836,17.690000534057617,0,0.0,0.0,,^VIX
2318,2024-07-31,16.65999984741211,16.770000457763672,15.710000038146973,16.360000610351562,0,0.0,0.0,,^VIX
2319,2024-08-01,16.200000762939453,19.479999542236328,15.949999809265137,18.59000015258789,0,0.0,0.0,,^VIX
2320,2024-08-02,20.520000457763672,29.65999984741211,20.010000228881836,23.389999389648438,0,0.0,0.0,,^VIX
2321,2024-08-05,23.389999389648438,65.7300033569336,23.389999389648438,38.56999969482422,0,0.0,0.0,,^VIX
2322,2024-08-06,33.709999084472656,34.77000045776367,24.020000457763672,27.709999084472656,0,0.0,0.0,,^VIX
2323,2024-08-07,24.770000457763672,29.760000228881836,21.969999313354492,27.850000381469727,0,0.0,0.0,,^VIX
2324,2024-08-08,28.34000015258789,29.469999313354492,23.360000610351562,23.790000915527344,0,0.0,0.0,,^VIX
2325,2024-08-09,23.780000686645508,24.520000457763672,20.260000228881836,20.3700008392334,0,0.0,0.0,,^VIX
2326,2024-08-12,20.790000915527344,21.190000534057617,18.889999389648438,20.709999084472656,0,0.0,0.0,,^VIX
2327,2024-08-13,20.059999465942383,20.790000915527344,17.950000762939453,18.1200008392334,0,0.0,0.0,,^VIX
2328,2024-08-14,18.40999984741211,18.489999771118164,16.1200008392334,16.190000534057617,0,0.0,0.0,,^VIX
2329,2024-08-15,16.270000457763672,16.68000030517578,14.770000457763672,15.229999542236328,0,0.0,0.0,,^VIX
2330,2024-08-16,15.289999961853027,15.760000228881836,14.649999618530273,14.800000190734863,0,0.0,0.0,,^VIX
2331,2024-08-19,15.9399995803833,16.06999969482422,14.460000038146973,14.649999618530273,0,0.0,0.0,,^VIX
2332,2024-08-20,14.890000343322754,15.930000305175781,14.779999732971191,15.880000114440918,0,0.0,0.0,,^VIX
2333,2024-08-21,16.25,17.170000076293945,15.920000076293945,16.270000457763672,0,0.0,0.0,,^VIX
2334,2024-08-22,16.270000457763672,18.059999465942383,15.760000228881836,17.549999237060547,0,0.0,0.0,,^VIX
2335,2024-08-23,17.1200008392334,17.209999084472656,15.609999656677246,15.859999656677246,0,0.0,0.0,,^VIX
2336,2024-08-26,16.270000457763672,16.670000076293945,15.8100004196167,16.149999618530273,0,0.0,0.0,,^VIX
2337,2024-08-27,16.209999084472656,16.809999465942383,15.369999885559082,15.430000305175781,0,0.0,0.0,,^VIX
2338,2024-08-28,15.510000228881836,17.889999389648438,15.460000038146973,17.110000610351562,0,0.0,0.0,,^VIX
2339,2024-08-29,16.540000915527344,16.56999969482422,15.1899995803833,15.649999618530273,0,0.0,0.0,,^VIX
2340,2024-08-30,15.670000076293945,16.040000915527344,14.779999732971191,15.0,0,0.0,0.0,,^VIX
2341,2024-09-03,15.760000228881836,21.989999771118164,15.710000038146973,20.719999313354492,0,0.0,0.0,,^VIX
2342,2024-09-04,23.200000762939453,23.309999465942383,19.34000015258789,21.31999969482422,0,0.0,0.0,,^VIX
2343,2024-09-05,20.75,21.530000686645508,19.209999084472656,19.899999618530273,0,0.0,0.0,,^VIX
2344,2024-09-06,21.979999542236328,23.760000228881836,18.829999923706055,22.3799991607666,0,0.0,0.0,,^VIX
2345,2024-09-09,21.31999969482422,21.40999984741211,19.290000915527344,19.450000762939453,0,0.0,0.0,,^VIX
2346,2024-09-10,19.860000610351562,20.739999771118164,18.899999618530273,19.079999923706055,0,0.0,0.0,,^VIX
2347,2024-09-11,19.40999984741211,21.40999984741211,17.549999237060547,17.690000534057617,0,0.0,0.0,,^VIX
2348,2024-09-12,17.6200008392334,18.59000015258789,16.889999389648438,17.06999969482422,0,0.0,0.0,,^VIX
2349,2024-09-13,17.030000686645508,17.18000030517578,16.229999542236328,16.559999465942383,0,0.0,0.0,,^VIX
2350,2024-09-16,17.15999984741211,17.690000534057617,16.90999984741211,17.139999389648438,0,0.0,0.0,,^VIX
2351,2024-09-17,17.15999984741211,18.079999923706055,16.670000076293945,17.610000610351562,0,0.0,0.0,,^VIX
2352,2024-09-18,17.579999923706055,19.389999389648438,17.110000610351562,18.229999542236328,0,0.0,0.0,,^VIX
2353,2024-09-19,17.209999084472656,17.270000457763672,16.209999084472656,16.329999923706055,0,0.0,0.0,,^VIX
2354,2024-09-20,16.350000381469727,16.68000030517578,15.8100004196167,16.149999618530273,0,0.0,0.0,,^VIX
2355,2024-09-23,16.709999084472656,16.950000762939453,15.75,15.890000343322754,0,0.0,0.0,,^VIX
2356,2024-09-24,15.869999885559082,16.670000076293945,15.270000457763672,15.390000343322754,0,0.0,0.0,,^VIX
2357,2024-09-25,15.819999694824219,15.819999694824219,15.170000076293945,15.40999984741211,0,0.0,0.0,,^VIX
2358,2024-09-26,15.0600004196167,15.829999923706055,14.899999618530273,15.369999885559082,0,0.0,0.0,,^VIX
2359,2024-09-27,15.640000343322754,16.969999313354492,15.199999809265137,16.959999084472656,0,0.0,0.0,,^VIX
2360,2024-09-30,17.010000228881836,17.790000915527344,16.469999313354492,16.729999542236328,0,0.0,0.0,,^VIX
2361,2024-10-01,16.959999084472656,20.729999542236328,16.610000610351562,19.260000228881836,0,0.0,0.0,,^VIX
2362,2024-10-02,19.649999618530273,20.360000610351562,18.579999923706055,18.899999618530273,0,0.0,0.0,,^VIX
2363,2024-10-03,19.6299991607666,20.75,19.15999984741211,20.489999771118164,0,0.0,0.0,,^VIX
2364,2024-10-04,20.479999542236328,20.479999542236328,18.479999542236328,19.209999084472656,0,0.0,0.0,,^VIX
2365,2024-10-07,20.760000228881836,23.030000686645508,20.649999618530273,22.639999389648438,0,0.0,0.0,,^VIX
2366,2024-10-08,22.920000076293945,23.139999389648438,21.139999389648438,21.420000076293945,0,0.0,0.0,,^VIX
2367,2024-10-09,21.979999542236328,22.010000228881836,20.709999084472656,20.860000610351562,0,0.0,0.0,,^VIX
2368,2024-10-10,20.90999984741211,21.389999389648438,20.639999389648438,20.93000030517578,0,0.0,0.0,,^VIX
2369,2024-10-11,20.8700008392334,21.15999984741211,20.139999389648438,20.459999084472656,0,0.0,0.0,,^VIX
2370,2024-10-14,20.860000610351562,20.860000610351562,19.690000534057617,19.700000762939453,0,0.0,0.0,,^VIX
2371,2024-10-15,19.610000610351562,20.889999389648438,19.440000534057617,20.639999389648438,0,0.0,0.0,,^VIX
2372,2024-10-16,20.770000457763672,21.010000228881836,19.450000762939453,19.579999923706055,0,0.0,0.0,,^VIX
2373,2024-10-17,19.549999237060547,19.649999618530273,18.8799991607666,19.110000610351562,0,0.0,0.0,,^VIX
2374,2024-10-18,19.299999237060547,19.31999969482422,17.989999771118164,18.030000686645508,0,0.0,0.0,,^VIX
2375,2024-10-21,18.780000686645508,19.34000015258789,18.360000610351562,18.3700008392334,0,0.0,0.0,,^VIX
2376,2024-10-22,18.790000915527344,19.440000534057617,18.049999237060547,18.200000762939453,0,0.0,0.0,,^VIX
2377,2024-10-23,18.209999084472656,20.469999313354492,18.18000030517578,19.239999771118164,0,0.0,0.0,,^VIX
2378,2024-10-24,18.8700008392334,20.239999771118164,18.6299991607666,19.079999923706055,0,0.0,0.0,,^VIX
2379,2024-10-25,19.219999313354492,20.510000228881836,18.229999542236328,20.329999923706055,0,0.0,0.0,,^VIX
2380,2024-10-28,19.110000610351562,19.8799991607666,18.90999984741211,19.799999237060547,0,0.0,0.0,,^VIX
2381,2024-10-29,19.75,20.530000686645508,19.059999465942383,19.34000015258789,0,0.0,0.0,,^VIX
2382,2024-10-30,19.329999923706055,20.440000534057617,19.299999237060547,20.350000381469727,0,0.0,0.0,,^VIX
2383,2024-10-31,21.440000534057617,23.420000076293945,21.1200008392334,23.15999984741211,0,0.0,0.0,,^VIX
2384,2024-11-01,22.959999084472656,23.09000015258789,21.15999984741211,21.8799991607666,0,0.0,0.0,,^VIX
2385,2024-11-04,22.5,23.06999969482422,21.729999542236328,21.979999542236328,0,0.0,0.0,,^VIX
2386,2024-11-05,21.979999542236328,22.059999465942383,20.200000762939453,20.489999771118164,0,0.0,0.0,,^VIX
2387,2024-11-06,16.059999465942383,16.81999969482422,15.4399995803833,16.270000457763672,0,0.0,0.0,,^VIX
2388,2024-11-07,15.859999656677246,15.859999656677246,15.130000114440918,15.199999809265137,0,0.0,0.0,,^VIX
2389,2024-11-08,15.130000114440918,15.329999923706055,14.65999984741211,14.9399995803833,0,0.0,0.0,,^VIX
2390,2024-11-11,15.329999923706055,15.5600004196167,14.890000343322754,14.970000267028809,0,0.0,0.0,,^VIX
2391,2024-11-12,15.09000015258789,15.369999885559082,14.6899995803833,14.710000038146973,0,0.0,0.0,,^VIX
2392,2024-11-13,15.09000015258789,15.260000228881836,13.770000457763672,14.020000457763672,0,0.0,0.0,,^VIX
2393,2024-11-14,14.170000076293945,14.319999694824219,13.59000015258789,14.3100004196167,0,0.0,0.0,,^VIX
2394,2024-11-15,15.020000457763672,17.549999237060547,14.5600004196167,16.139999389648438,0,0.0,0.0,,^VIX
2395,2024-11-18,16.600000381469727,17.0,15.350000381469727,15.579999923706055,0,0.0,0.0,,^VIX
2396,2024-11-19,15.4399995803833,17.93000030517578,15.369999885559082,16.350000381469727,0,0.0,0.0,,^VIX
2397,2024-11-20,16.190000534057617,18.790000915527344,16.040000915527344,17.15999984741211,0,0.0,0.0,,^VIX
2398,2024-11-21,17.100000381469727,17.989999771118164,15.729999542236328,16.8700008392334,0,0.0,0.0,,^VIX
2399,2024-11-22,16.670000076293945,17.559999465942383,15.239999771118164,15.239999771118164,0,0.0,0.0,,^VIX
2400,2024-11-25,15.229999542236328,15.720000267028809,14.539999961853027,14.600000381469727,0,0.0,0.0,,^VIX
2401,2024-11-26,14.949999809265137,15.029999732971191,13.880000114440918,14.100000381469727,0,0.0,0.0,,^VIX
2402,2024-11-27,14.279999732971191,15.130000114440918,13.960000038146973,14.100000381469727,0,0.0,0.0,,^VIX
2403,2024-11-29,14.0,14.149999618530273,13.489999771118164,13.510000228881836,0,0.0,0.0,,^VIX
2404,2024-12-02,14.079999923706055,14.100000381469727,13.300000190734863,13.34000015258789,0,0.0,0.0,,^VIX
2405,2024-12-03,13.380000114440918,13.770000457763672,13.1899995803833,13.300000190734863,0,0.0,0.0,,^VIX
2406,2024-12-04,13.15999984741211,13.609999656677246,12.890000343322754,13.449999809265137,0,0.0,0.0,,^VIX
2407,2024-12-05,13.460000038146973,13.699999809265137,13.260000228881836,13.539999961853027,0,0.0,0.0,,^VIX
2408,2024-12-06,13.619999885559082,13.739999771118164,12.699999809265137,12.770000457763672,0,0.0,0.0,,^VIX
2409,2024-12-09,13.359999656677246,14.229999542236328,13.350000381469727,14.1899995803833,0,0.0,0.0,,^VIX
2410,2024-12-10,14.300000190734863,14.539999961853027,13.859999656677246,14.180000305175781,0,0.0,0.0,,^VIX
2411,2024-12-11,14.420000076293945,14.430000305175781,13.520000457763672,13.579999923706055,0,0.0,0.0,,^VIX
2412,2024-12-12,13.729999542236328,13.949999809265137,13.390000343322754,13.920000076293945,0,0.0,0.0,,^VIX
2413,2024-12-13,13.569999694824219,14.25,13.239999771118164,13.8100004196167,0,0.0,0.0,,^VIX
2414,2024-12-16,14.369999885559082,14.6899995803833,13.989999771118164,14.6899995803833,0,0.0,0.0,,^VIX
2415,2024-12-17,14.979999542236328,15.9399995803833,14.779999732971191,15.869999885559082,0,0.0,0.0,,^VIX
2416,2024-12-18,15.569999694824219,28.31999969482422,14.819999694824219,27.6200008392334,0,0.0,0.0,,^VIX
2417,2024-12-19,21.610000610351562,24.1200008392334,20.15999984741211,24.09000015258789,0,0.0,0.0,,^VIX
2418,2024-12-20,24.139999389648438,26.510000228881836,17.81999969482422,18.360000610351562,0,0.0,0.0,,^VIX
2419,2024-12-23,18.09000015258789,20.020000457763672,16.739999771118164,16.780000686645508,0,0.0,0.0,,^VIX
2420,2024-12-24,16.969999313354492,17.040000915527344,14.270000457763672,14.270000457763672,0,0.0,0.0,,^VIX
2421,2024-12-26,14.989999771118164,15.930000305175781,14.550000190734863,14.729999542236328,0,0.0,0.0,,^VIX
2422,2024-12-27,15.380000114440918,18.450000762939453,15.289999961853027,15.949999809265137,0,0.0,0.0,,^VIX
2423,2024-12-30,17.209999084472656,19.219999313354492,16.440000534057617,17.399999618530273,0,0.0,0.0,,^VIX
2424,2024-12-31,17.389999389648438,17.809999465942383,16.68000030517578,17.350000381469727,0,0.0,0.0,,^VIX
2425,2025-01-02,17.209999084472656,19.5,16.959999084472656,17.93000030517578,0,0.0,0.0,,^VIX
2426,2025-01-03,17.65999984741211,17.940000534057617,16.110000610351562,16.1299991607666,0,0.0,0.0,,^VIX
2427,2025-01-06,16.770000457763672,16.8700008392334,15.710000038146973,16.040000915527344,0,0.0,0.0,,^VIX
2428,2025-01-07,16.479999542236328,18.899999618530273,15.789999961853027,17.81999969482422,0,0.0,0.0,,^VIX
2429,2025-01-08,17.90999984741211,19.5,17.3700008392334,17.700000762939453,0,0.0,0.0,,^VIX
2430,2025-01-10,18.290000915527344,20.309999465942383,18.049999237060547,19.540000915527344,0,0.0,0.0,,^VIX
2431,2025-01-13,21.18000030517578,22.040000915527344,19.149999618530273,19.190000534057617,0,0.0,0.0,,^VIX
2432,2025-01-14,18.790000915527344,19.65999984741211,18.239999771118164,18.709999084472656,0,0.0,0.0,,^VIX
2433,2025-01-15,19.079999923706055,19.139999389648438,15.960000038146973,16.1200008392334,0,0.0,0.0,,^VIX
2434,2025-01-16,15.869999885559082,16.600000381469727,15.640000343322754,16.600000381469727,0,0.0,0.0,,^VIX
2435,2025-01-17,16.190000534057617,16.229999542236328,15.529999732971191,15.970000267028809,0,0.0,0.0,,^VIX
2436,2025-01-21,16.290000915527344,16.290000915527344,14.930000305175781,15.0600004196167,0,0.0,0.0,,^VIX
2437,2025-01-22,14.890000343322754,15.289999961853027,14.59000015258789,15.100000381469727,0,0.0,0.0,,^VIX
2438,2025-01-23,15.279999732971191,15.390000343322754,14.59000015258789,15.020000457763672,0,0.0,0.0,,^VIX
2439,2025-01-24,15.020000457763672,15.15999984741211,14.579999923706055,14.850000381469727,0,0.0,0.0,,^VIX
2440,2025-01-27,18.829999923706055,22.510000228881836,17.56999969482422,17.899999618530273,0,0.0,0.0,,^VIX
2441,2025-01-28,18.290000915527344,18.389999389648438,16.25,16.40999984741211,0,0.0,0.0,,^VIX
2442,2025-01-29,16.420000076293945,18.079999923706055,16.170000076293945,16.559999465942383,0,0.0,0.0,,^VIX
2443,2025-01-30,15.930000305175781,16.420000076293945,15.319999694824219,15.84000015258789,0,0.0,0.0,,^VIX
2444,2025-01-31,15.449999809265137,17.09000015258789,14.899999618530273,16.43000030517578,0,0.0,0.0,,^VIX
2445,2025-02-03,20.360000610351562,20.420000076293945,17.65999984741211,18.6200008392334,0,0.0,0.0,,^VIX
2446,2025-02-04,18.780000686645508,19.110000610351562,16.780000686645508,17.209999084472656,0,0.0,0.0,,^VIX
2447,2025-02-05,17.540000915527344,17.75,15.770000457763672,15.770000457763672,0,0.0,0.0,,^VIX
2448,2025-02-06,15.880000114440918,16.149999618530273,14.989999771118164,15.5,0,0.0,0.0,,^VIX
2449,2025-02-07,15.380000114440918,16.65999984741211,14.789999961853027,16.540000915527344,0,0.0,0.0,,^VIX
2450,2025-02-10,16.579999923706055,16.610000610351562,15.699999809265137,15.8100004196167,0,0.0,0.0,,^VIX
2451,2025-02-11,16.1299991607666,16.420000076293945,15.75,16.020000457763672,0,0.0,0.0,,^VIX
2452,2025-02-12,15.90999984741211,17.18000030517578,15.640000343322754,15.890000343322754,0,0.0,0.0,,^VIX
2453,2025-02-13,15.970000267028809,16.329999923706055,14.979999542236328,15.100000381469727,0,0.0,0.0,,^VIX
2454,2025-02-14,15.079999923706055,15.420000076293945,14.739999771118164,14.770000457763672,0,0.0,0.0,,^VIX
2455,2025-02-18,15.569999694824219,16.030000686645508,15.350000381469727,15.350000381469727,0,0.0,0.0,,^VIX
2456,2025-02-19,15.140000343322754,15.960000038146973,15.050000190734863,15.270000457763672,0,0.0,0.0,,^VIX
2457,2025-02-20,15.609999656677246,16.6299991607666,15.119999885559082,15.65999984741211,0,0.0,0.0,,^VIX
2458,2025-02-21,15.630000114440918,19.030000686645508,15.279999732971191,18.209999084472656,0,0.0,0.0,,^VIX
2459,2025-02-24,18.079999923706055,20.239999771118164,17.309999465942383,18.979999542236328,0,0.0,0.0,,^VIX
2460,2025-02-25,19.09000015258789,21.479999542236328,18.850000381469727,19.43000030517578,0,0.0,0.0,,^VIX
2461,2025-02-26,18.959999084472656,20.059999465942383,17.829999923706055,19.100000381469727,0,0.0,0.0,,^VIX
2462,2025-02-27,18.25,21.469999313354492,17.670000076293945,21.1299991607666,0,0.0,0.0,,^VIX
2463,2025-02-28,21.209999084472656,22.399999618530273,19.049999237060547,19.6299991607666,0,0.0,0.0,,^VIX
2464,2025-03-03,19.829999923706055,24.309999465942383,19.25,22.780000686645508,0,0.0,0.0,,^VIX
2465,2025-03-04,22.959999084472656,26.350000381469727,21.709999084472656,23.510000228881836,0,0.0,0.0,,^VIX
2466,2025-03-05,23.030000686645508,24.84000015258789,21.3700008392334,21.93000030517578,0,0.0,0.0,,^VIX
2467,2025-03-06,22.600000381469727,25.920000076293945,22.389999389648438,24.8700008392334,0,0.0,0.0,,^VIX
2468,2025-03-07,24.850000381469727,26.559999465942383,23.09000015258789,23.3700008392334,0,0.0,0.0,,^VIX
2469,2025-03-10,24.700000762939453,29.559999465942383,24.68000030517578,27.860000610351562,0,0.0,0.0,,^VIX
2470,2025-03-11,27.940000534057617,29.56999969482422,26.18000030517578,26.920000076293945,0,0.0,0.0,,^VIX
2471,2025-03-12,26.8799991607666,26.90999984741211,23.889999389648438,24.229999542236328,0,0.0,0.0,,^VIX
2472,2025-03-13,24.920000076293945,26.1299991607666,23.459999084472656,24.65999984741211,0,0.0,0.0,,^VIX
2473,2025-03-14,24.350000381469727,24.360000610351562,21.479999542236328,21.770000457763672,0,0.0,0.0,,^VIX
2474,2025-03-17,22.889999389648438,22.950000762939453,20.31999969482422,20.510000228881836,0,0.0,0.0,,^VIX
2475,2025-03-18,20.829999923706055,22.56999969482422,20.40999984741211,21.700000762939453,0,0.0,0.0,,^VIX
2476,2025-03-19,21.84000015258789,22.100000381469727,19.420000076293945,19.899999618530273,0,0.0,0.0,,^VIX
2477,2025-03-20,19.520000457763672,21.170000076293945,19.299999237060547,19.799999237060547,0,0.0,0.0,,^VIX
2478,2025-03-21,20.020000457763672,21.139999389648438,19.149999618530273,19.280000686645508,0,0.0,0.0,,^VIX
2479,2025-03-24,19.1299991607666,19.139999389648438,17.459999084472656,17.479999542236328,0,0.0,0.0,,^VIX
2480,2025-03-25,17.579999923706055,17.770000457763672,17.020000457763672,17.149999618530273,0,0.0,0.0,,^VIX
2481,2025-03-26,17.229999542236328,19.06999969482422,16.969999313354492,18.329999923706055,0,0.0,0.0,,^VIX
2482,2025-03-27,18.360000610351562,19.280000686645508,17.950000762939453,18.690000534057617,0,0.0,0.0,,^VIX
2483,2025-03-28,19.079999923706055,22.18000030517578,18.920000076293945,21.649999618530273,0,0.0,0.0,,^VIX
2484,2025-03-31,24.110000610351562,24.799999237060547,21.670000076293945,22.280000686645508,0,0.0,0.0,,^VIX
2485,2025-04-01,22.059999465942383,23.520000457763672,21.579999923706055,21.770000457763672,0,0.0,0.0,,^VIX
2486,2025-04-02,22.299999237060547,23.65999984741211,20.68000030517578,21.510000228881836,0,0.0,0.0,,^VIX
2487,2025-04-03,26.3799991607666,30.020000457763672,24.93000030517578,30.020000457763672,0,0.0,0.0,,^VIX
2488,2025-04-04,30.1200008392334,45.61000061035156,29.989999771118164,45.310001373291016,0,0.0,0.0,,^VIX
2489,2025-04-07,60.130001068115234,60.130001068115234,38.58000183105469,46.97999954223633,0,0.0,0.0,,^VIX
2490,2025-04-08,44.040000915527344,57.52000045776367,36.47999954223633,52.33000183105469,0,0.0,0.0,,^VIX
2491,2025-04-09,50.97999954223633,57.959999084472656,31.899999618530273,33.619998931884766,0,0.0,0.0,,^VIX
2492,2025-04-10,34.439998626708984,54.869998931884766,34.439998626708984,40.720001220703125,0,0.0,0.0,,^VIX
2493,2025-04-11,40.79999923706055,46.119998931884766,36.849998474121094,37.560001373291016,0,0.0,0.0,,^VIX
2494,2025-04-14,34.7599983215332,35.16999816894531,29.75,30.889999389648438,0,0.0,0.0,,^VIX
2495,2025-04-15,30.010000228881836,31.450000762939453,28.290000915527344,30.1200008392334,0,0.0,0.0,,^VIX
2496,2025-04-16,33.2400016784668,34.959999084472656,29.479999542236328,32.63999938964844,0,0.0,0.0,,^VIX
2497,2025-04-17,30.790000915527344,32.54999923706055,29.56999969482422,29.649999618530273,0,0.0,0.0,,^VIX
2498,2025-04-21,32.75,35.75,31.790000915527344,33.81999969482422,0,0.0,0.0,,^VIX
2499,2025-04-22,32.61000061035156,32.68000030517578,30.079999923706055,30.56999969482422,0,0.0,0.0,,^VIX
2500,2025-04-23,28.75,30.290000915527344,27.110000610351562,28.450000762939453,0,0.0,0.0,,^VIX
2501,2025-04-24,28.690000534057617,29.65999984741211,26.360000610351562,26.469999313354492,0,0.0,0.0,,^VIX
2502,2025-04-25,26.219999313354492,27.200000762939453,24.84000015258789,24.84000015258789,0,0.0,0.0,,^VIX
2503,2025-04-28,25.75,26.93000030517578,24.700000762939453,25.149999618530273,0,0.0,0.0,,^VIX
2504,2025-04-29,24.760000228881836,25.989999771118164,23.760000228881836,24.170000076293945,0,0.0,0.0,,^VIX
2505,2025-04-30,24.350000381469727,28.170000076293945,24.229999542236328,24.700000762939453,0,0.0,0.0,,^VIX
2506,2025-05-01,23.940000534057617,25.18000030517578,23.299999237060547,24.600000381469727,0,0.0,0.0,,^VIX
2507,2025-05-02,23.6299991607666,24.31999969482422,22.34000015258789,22.68000030517578,0,0.0,0.0,,^VIX
2508,2025-05-05,24.25,24.6299991607666,22.809999465942383,23.639999389648438,0,0.0,0.0,,^VIX
2509,2025-05-06,23.969999313354492,25.110000610351562,23.899999618530273,24.760000228881836,0,0.0,0.0,,^VIX
2510,2025-05-07,24.559999465942383,25.6200008392334,23.290000915527344,23.549999237060547,0,0.0,0.0,,^VIX
2511,2025-05-08,22.84000015258789,23.610000610351562,21.8799991607666,22.479999542236328,0,0.0,0.0,,^VIX
2512,2025-05-09,22.399999618530273,22.81999969482422,21.829999923706055,21.899999618530273,0,0.0,0.0,,^VIX
2513,2025-05-12,19.84000015258789,20.440000534057617,18.139999389648438,18.389999389648438,0,0.0,0.0,,^VIX
2514,2025-05-13,18.690000534057617,18.850000381469727,17.649999618530273,18.219999313354492,0,0.0,0.0,,^VIX
2515,2025-05-14,18.100000381469727,18.81999969482422,18.059999465942383,18.6200008392334,0,0.0,0.0,,^VIX
2516,2025-05-15,19.190000534057617,19.3799991607666,17.770000457763672,17.829999923706055,0,0.0,0.0,,^VIX
2517,2025-05-16,17.959999084472656,17.959999084472656,17.149999618530273,17.239999771118164,0,0.0,0.0,,^VIX
2518,2025-05-19,19.84000015258789,19.920000076293945,17.920000076293945,18.139999389648438,0,0.0,0.0,,^VIX
2519,2025-05-20,18.459999084472656,18.68000030517578,17.700000762939453,18.09000015258789,0,0.0,0.0,,^VIX
2520,2025-05-21,18.770000457763672,21.049999237060547,17.770000457763672,20.8700008392334,0,0.0,0.0,,^VIX
2521,2025-05-22,20.6200008392334,22.06999969482422,19.639999389648438,20.280000686645508,0,0.0,0.0,,^VIX
2522,2025-05-23,20.139999389648438,25.530000686645508,19.829999923706055,22.290000915527344,0,0.0,0.0,,^VIX
2523,2025-05-27,20.6299991607666,21.010000228881836,18.950000762939453,18.959999084472656,0,0.0,0.0,,^VIX
2524,2025-05-28,19.209999084472656,19.43000030517578,18.68000030517578,19.309999465942383,0,0.0,0.0,,^VIX
2525,2025-05-29,18.25,20.200000762939453,18.110000610351562,19.18000030517578,0,0.0,0.0,,^VIX
2526,2025-05-30,19.610000610351562,20.549999237060547,18.56999969482422,18.56999969482422,0,0.0,0.0,,^VIX
2527,2025-06-02,19.809999465942383,20.450000762939453,18.360000610351562,18.360000610351562,0,0.0,0.0,,^VIX
2528,2025-06-03,18.829999923706055,19.209999084472656,17.639999389648438,17.690000534057617,0,0.0,0.0,,^VIX
2529,2025-06-04,17.68000030517578,18.06999969482422,17.40999984741211,17.610000610351562,0,0.0,0.0,,^VIX
2530,2025-06-05,17.68000030517578,18.799999237060547,17.079999923706055,18.479999542236328,0,0.0,0.0,,^VIX
2531,2025-06-06,18.15999984741211,18.350000381469727,16.649999618530273,16.770000457763672,0,0.0,0.0,,^VIX
2532,2025-06-09,17.690000534057617,17.719999313354492,16.81999969482422,17.15999984741211,0,0.0,0.0,,^VIX
2533,2025-06-10,17.5,17.989999771118164,16.68000030517578,16.950000762939453,0,0.0,0.0,,^VIX
2534,2025-06-11,17.040000915527344,18.09000015258789,16.229999542236328,17.260000228881836,0,0.0,0.0,,^VIX
2535,2025-06-12,17.8700008392334,18.8700008392334,17.43000030517578,18.020000457763672,0,0.0,0.0,,^VIX
2536,2025-06-13,21.760000228881836,22.0,18.8799991607666,20.81999969482422,0,0.0,0.0,,^VIX
2537,2025-06-16,19.780000686645508,20.219999313354492,18.670000076293945,19.110000610351562,0,0.0,0.0,,^VIX
2538,2025-06-17,20.530000686645508,21.790000915527344,19.549999237060547,21.600000381469727,0,0.0,0.0,,^VIX
2539,2025-06-18,20.899999618530273,21.579999923706055,19.59000015258789,20.139999389648438,0,0.0,0.0,,^VIX
2540,2025-06-20,20.739999771118164,21.06999969482422,19.110000610351562,20.6200008392334,0,0.0,0.0,,^VIX
2541,2025-06-23,21.149999618530273,22.510000228881836,19.81999969482422,19.829999923706055,0,0.0,0.0,,^VIX
2542,2025-06-24,18.190000534057617,18.719999313354492,17.329999923706055,17.479999542236328,0,0.0,0.0,,^VIX
2543,2025-06-25,17.280000686645508,17.510000228881836,16.68000030517578,16.760000228881836,0,0.0,0.0,,^VIX
2544,2025-06-26,16.670000076293945,16.780000686645508,16.110000610351562,16.59000015258789,0,0.0,0.0,,^VIX
2545,2025-06-27,16.309999465942383,17.290000915527344,16.1200008392334,16.31999969482422,0,0.0,0.0,,^VIX
2546,2025-06-30,17.190000534057617,17.43000030517578,16.549999237060547,16.729999542236328,0,0.0,0.0,,^VIX
2547,2025-07-01,16.979999542236328,17.479999542236328,16.510000228881836,16.829999923706055,0,0.0,0.0,,^VIX
2548,2025-07-02,16.75,17.3700008392334,16.540000915527344,16.639999389648438,0,0.0,0.0,,^VIX
2549,2025-07-03,16.649999618530273,16.829999923706055,16.139999389648438,16.3799991607666,0,0.0,0.0,,^VIX
2550,2025-07-07,17.829999923706055,18.5,17.510000228881836,17.790000915527344,0,0.0,0.0,,^VIX
2551,2025-07-08,17.40999984741211,17.440000534057617,16.540000915527344,16.809999465942383,0,0.0,0.0,,^VIX
2552,2025-07-09,16.760000228881836,16.760000228881836,15.760000228881836,15.9399995803833,0,0.0,0.0,,^VIX
2553,2025-07-10,16.229999542236328,16.239999771118164,15.699999809265137,15.779999732971191,0,0.0,0.0,,^VIX
2554,2025-07-11,16.40999984741211,17.239999771118164,15.979999542236328,16.399999618530273,0,0.0,0.0,,^VIX
2555,2025-07-14,17.729999542236328,17.850000381469727,16.90999984741211,17.200000762939453,0,0.0,0.0,,^VIX
2556,2025-07-15,16.889999389648438,17.389999389648438,16.559999465942383,17.3799991607666,0,0.0,0.0,,^VIX
2557,2025-07-16,17.65999984741211,19.479999542236328,16.690000534057617,17.15999984741211,0,0.0,0.0,,^VIX
2558,2025-07-17,17.15999984741211,17.3700008392334,16.479999542236328,16.520000457763672,0,0.0,0.0,,^VIX
2559,2025-07-18,16.43000030517578,16.809999465942383,16.280000686645508,16.40999984741211,0,0.0,0.0,,^VIX
2560,2025-07-21,16.8700008392334,16.989999771118164,16.299999237060547,16.649999618530273,0,0.0,0.0,,^VIX
2561,2025-07-22,16.75,17.479999542236328,16.43000030517578,16.5,0,0.0,0.0,,^VIX
2562,2025-07-23,16.229999542236328,16.31999969482422,15.319999694824219,15.369999885559082,0,0.0,0.0,,^VIX
2563,2025-07-24,15.390000343322754,15.539999961853027,14.949999809265137,15.390000343322754,0,0.0,0.0,,^VIX
2564,2025-07-25,15.329999923706055,15.390000343322754,14.920000076293945,14.930000305175781,0,0.0,0.0,,^VIX
2565,2025-07-28,15.149999618530273,15.539999961853027,15.0,15.029999732971191,0,0.0,0.0,,^VIX
2566,2025-07-29,14.949999809265137,16.1200008392334,14.699999809265137,15.979999542236328,0,0.0,0.0,,^VIX
2567,2025-07-30,15.869999885559082,17.270000457763672,15.4399995803833,15.479999542236328,0,0.0,0.0,,^VIX
2568,2025-07-31,14.989999771118164,17.170000076293945,14.739999771118164,16.719999313354492,0,0.0,0.0,,^VIX
2569,2025-08-01,17.399999618530273,21.899999618530273,17.389999389648438,20.3799991607666,0,0.0,0.0,,^VIX
2570,2025-08-04,19.559999465942383,19.579999923706055,17.479999542236328,17.520000457763672,0,0.0,0.0,,^VIX
2571,2025-08-05,17.209999084472656,18.940000534057617,17.110000610351562,17.850000381469727,0,0.0,0.0,,^VIX
2572,2025-08-06,17.219999313354492,17.8799991607666,16.559999465942383,16.770000457763672,0,0.0,0.0,,^VIX
2573,2025-08-07,16.40999984741211,17.639999389648438,15.979999542236328,16.56999969482422,0,0.0,0.0,,^VIX
2574,2025-08-08,16.479999542236328,16.520000457763672,15.149999618530273,15.149999618530273,0,0.0,0.0,,^VIX
2575,2025-08-11,15.8100004196167,16.360000610351562,15.520000457763672,16.25,0,0.0,0.0,,^VIX
2576,2025-08-12,16.09000015258789,16.559999465942383,14.65999984741211,14.729999542236328,0,0.0,0.0,,^VIX
2577,2025-08-13,14.619999885559082,14.8100004196167,14.300000190734863,14.489999771118164,0,0.0,0.0,,^VIX
2578,2025-08-14,14.65999984741211,15.390000343322754,14.569999694824219,14.829999923706055,0,0.0,0.0,,^VIX
2579,2025-08-15,14.430000305175781,15.180000305175781,14.399999618530273,15.09000015258789,0,0.0,0.0,,^VIX
2580,2025-08-18,15.729999542236328,15.949999809265137,14.949999809265137,14.989999771118164,0,0.0,0.0,,^VIX
2581,2025-08-19,15.229999542236328,15.90999984741211,14.760000228881836,15.569999694824219,0,0.0,0.0,,^VIX
2582,2025-08-20,15.949999809265137,17.190000534057617,15.569999694824219,15.6899995803833,0,0.0,0.0,,^VIX
2583,2025-08-21,15.720000267028809,17.239999771118164,15.649999618530273,16.600000381469727,0,0.0,0.0,,^VIX
2584,2025-08-22,16.809999465942383,16.829999923706055,14.210000038146973,14.220000267028809,0,0.0,0.0,,^VIX
2585,2025-08-25,15.050000190734863,15.1899995803833,14.239999771118164,14.789999961853027,0,0.0,0.0,,^VIX
2586,2025-08-26,15.75,15.75,14.619999885559082,14.619999885559082,0,0.0,0.0,,^VIX
2587,2025-08-27,14.65999984741211,15.229999542236328,14.65999984741211,14.850000381469727,0,0.0,0.0,,^VIX
2588,2025-08-28,14.420000076293945,14.6899995803833,14.119999885559082,14.430000305175781,0,0.0,0.0,,^VIX
2589,2025-08-29,14.3100004196167,15.970000267028809,14.3100004196167,15.359999656677246,0,0.0,0.0,,^VIX
2590,2025-09-02,16.649999618530273,19.3799991607666,16.549999237060547,17.170000076293945,0,0.0,0.0,,^VIX
2591,2025-09-03,17.399999618530273,17.56999969482422,16.34000015258789,16.350000381469727,0,0.0,0.0,,^VIX
2592,2025-09-04,16.219999313354492,16.350000381469727,15.279999732971191,15.300000190734863,0,0.0,0.0,,^VIX
2593,2025-09-05,15.229999542236328,16.920000076293945,14.739999771118164,15.180000305175781,0,0.0,0.0,,^VIX
2594,2025-09-08,15.579999923706055,15.649999618530273,14.989999771118164,15.109999656677246,0,0.0,0.0,,^VIX
2595,2025-09-09,15.020000457763672,15.819999694824219,14.970000267028809,15.039999961853027,0,0.0,0.0,,^VIX
2596,2025-09-10,14.979999542236328,15.630000114440918,14.630000114440918,15.350000381469727,0,0.0,0.0,,^VIX
2597,2025-09-11,15.1899995803833,15.239999771118164,14.649999618530273,14.710000038146973,0,0.0,0.0,,^VIX
2598,2025-09-12,14.619999885559082,14.970000267028809,14.40999984741211,14.760000228881836,0,0.0,0.0,,^VIX
2599,2025-09-15,15.140000343322754,15.84000015258789,14.920000076293945,15.6899995803833,0,0.0,0.0,,^VIX
2600,2025-09-16,15.600000381469727,16.3799991607666,15.4399995803833,16.360000610351562,0,0.0,0.0,,^VIX
2601,2025-09-17,16.420000076293945,16.75,15.260000228881836,15.720000267028809,0,0.0,0.0,,^VIX
2602,2025-09-18,14.930000305175781,15.800000190734863,14.329999923706055,15.699999809265137,0,0.0,0.0,,^VIX
2603,2025-09-19,15.760000228881836,16.1299991607666,15.289999961853027,15.449999809265137,0,0.0,0.0,,^VIX
2604,2025-09-22,16.139999389648438,16.350000381469727,15.779999732971191,16.100000381469727,0,0.0,0.0,,^VIX
2605,2025-09-23,16.100000381469727,17.06999969482422,15.949999809265137,16.639999389648438,0,0.0,0.0,,^VIX
2606,2025-09-24,16.56999969482422,17.209999084472656,16.18000030517578,16.18000030517578,0,0.0,0.0,,^VIX
2607,2025-09-25,16.549999237060547,17.739999771118164,16.31999969482422,16.739999771118164,0,0.0,0.0,,^VIX
2608,2025-09-26,16.889999389648438,17.049999237060547,15.289999961853027,15.289999961853027,0,0.0,0.0,,^VIX
2609,2025-09-29,15.84000015258789,16.290000915527344,15.739999771118164,16.1200008392334,0,0.0,0.0,,^VIX
2610,2025-09-30,16.489999771118164,16.700000762939453,16.020000457763672,16.280000686645508,0,0.0,0.0,,^VIX
2611,2025-10-01,17.280000686645508,17.280000686645508,15.979999542236328,16.290000915527344,0,0.0,0.0,,^VIX
2612,2025-10-02,16.1200008392334,16.920000076293945,15.930000305175781,16.6299991607666,0,0.0,0.0,,^VIX
2613,2025-10-03,16.350000381469727,17.059999465942383,16.200000762939453,16.649999618530273,0,0.0,0.0,,^VIX
2614,2025-10-06,16.739999771118164,17.09000015258789,16.290000915527344,16.3700008392334,0,0.0,0.0,,^VIX
2615,2025-10-07,16.579999923706055,17.549999237060547,16.190000534057617,17.239999771118164,0,0.0,0.0,,^VIX
2616,2025-10-08,17.170000076293945,17.200000762939453,16.229999542236328,16.299999237060547,0,0.0,0.0,,^VIX
2617,2025-10-09,16.309999465942383,17.270000457763672,16.260000228881836,16.43000030517578,0,0.0,0.0,,^VIX
2618,2025-10-10,16.360000610351562,22.440000534057617,16.229999542236328,21.65999984741211,0,0.0,0.0,,^VIX
2619,2025-10-13,19.450000762939453,20.770000457763672,18.610000610351562,19.030000686645508,0,0.0,0.0,,^VIX
2620,2025-10-14,21.459999084472656,22.940000534057617,19.18000030517578,20.809999465942383,0,0.0,0.0,,^VIX
2621,2025-10-15,20.020000457763672,22.440000534057617,19.110000610351562,20.639999389648438,0,0.0,0.0,,^VIX
2622,2025-10-16,20.489999771118164,25.43000030517578,19.850000381469727,25.309999465942383,0,0.0,0.0,,^VIX
2623,2025-10-17,28.40999984741211,28.989999771118164,20.729999542236328,20.780000686645508,0,0.0,0.0,,^VIX
2624,2025-10-20,20.530000686645508,21.020000457763672,18.229999542236328,18.229999542236328,0,0.0,0.0,,^VIX
2625,2025-10-21,18.649999618530273,18.889999389648438,17.399999618530273,17.8700008392334,0,0.0,0.0,,^VIX
2626,2025-10-22,17.84000015258789,21.010000228881836,17.729999542236328,18.600000381469727,0,0.0,0.0,,^VIX
2627,2025-10-23,18.360000610351562,19.350000381469727,17.079999923706055,17.299999237060547,0,0.0,0.0,,^VIX
2628,2025-10-24,17.020000457763672,17.219999313354492,16.020000457763672,16.3700008392334,0,0.0,0.0,,^VIX
2629,2025-10-27,15.729999542236328,16.06999969482422,15.619999885559082,15.789999961853027,0,0.0,0.0,,^VIX
2630,2025-10-28,15.949999809265137,16.549999237060547,15.65999984741211,16.420000076293945,0,0.0,0.0,,^VIX
2631,2025-10-29,16.34000015258789,17.579999923706055,16.260000228881836,16.920000076293945,0,0.0,0.0,,^VIX
2632,2025-10-30,16.260000228881836,17.40999984741211,15.729999542236328,16.90999984741211,0,0.0,0.0,,^VIX
2633,2025-10-31,16.43000030517578,18.540000915527344,15.960000038146973,17.440000534057617,0,0.0,0.0,,^VIX
2634,2025-11-03,18.059999465942383,18.829999923706055,17.0,17.170000076293945,0,0.0,0.0,,^VIX
2635,2025-11-04,19.729999542236328,20.479999542236328,17.899999618530273,19.0,0,0.0,0.0,,^VIX
2636,2025-11-05,19.3700008392334,20.020000457763672,17.309999465942383,18.010000228881836,0,0.0,0.0,,^VIX
2637,2025-11-06,18.360000610351562,20.309999465942383,17.639999389648438,19.5,0,0.0,0.0,,^VIX
2638,2025-11-07,19.520000457763672,22.719999313354492,19.079999923706055,19.079999923706055,0,0.0,0.0,,^VIX
2639,2025-11-10,18.579999923706055,18.81999969482422,17.600000381469727,17.600000381469727,0,0.0,0.0,,^VIX
2640,2025-11-11,17.899999618530273,18.010000228881836,17.25,17.280000686645508,0,0.0,0.0,,^VIX
2641,2025-11-12,17.209999084472656,18.059999465942383,17.100000381469727,17.510000228881836,0,0.0,0.0,,^VIX
2642,2025-11-13,17.610000610351562,21.309999465942383,17.510000228881836,20.0,0,0.0,0.0,,^VIX
2643,2025-11-14,21.329999923706055,23.030000686645508,19.559999465942383,19.829999923706055,0,0.0,0.0,,^VIX
2644,2025-11-17,19.579999923706055,23.440000534057617,19.540000915527344,22.3799991607666,0,0.0,0.0,,^VIX
2645,2025-11-18,23.540000915527344,25.84000015258789,22.90999984741211,24.690000534057617,0,0.0,0.0,,^VIX
2646,2025-11-19,24.520000457763672,24.790000915527344,21.93000030517578,23.65999984741211,0,0.0,0.0,,^VIX
2647,2025-11-20,20.780000686645508,28.270000457763672,19.280000686645508,26.420000076293945,0,0.0,0.0,,^VIX
2648,2025-11-21,25.969999313354492,27.84000015258789,22.540000915527344,23.43000030517578,0,0.0,0.0,,^VIX
2649,2025-11-24,22.690000534057617,23.68000030517578,20.40999984741211,20.520000457763672,0,0.0,0.0,,^VIX
2650,2025-11-25,20.549999237060547,21.770000457763672,18.389999389648438,18.559999465942383,0,0.0,0.0,,^VIX
2651,2025-11-26,18.25,18.700000762939453,16.93000030517578,17.190000534057617,0,0.0,0.0,,^VIX
2652,2025-11-28,17.40999984741211,18.520000457763672,15.779999732971191,16.350000381469727,0,0.0,0.0,,^VIX
2653,2025-12-01,18.049999237060547,18.329999923706055,16.579999923706055,17.239999771118164,0,0.0,0.0,,^VIX
2654,2025-12-02,17.280000686645508,17.309999465942383,16.389999389648438,16.59000015258789,0,0.0,0.0,,^VIX
2655,2025-12-03,16.43000030517578,17.280000686645508,15.930000305175781,16.079999923706055,0,0.0,0.0,,^VIX
2656,2025-12-04,16.229999542236328,16.6299991607666,15.680000305175781,15.779999732971191,0,0.0,0.0,,^VIX
2657,2025-12-05,15.579999923706055,16.18000030517578,15.279999732971191,15.40999984741211,0,0.0,0.0,,^VIX
2658,2025-12-08,16.149999618530273,17.09000015258789,16.100000381469727,16.65999984741211,0,0.0,0.0,,^VIX
2659,2025-12-09,16.65999984741211,17.200000762939453,16.450000762939453,16.93000030517578,0,0.0,0.0,,^VIX
2660,2025-12-10,16.940000534057617,17.65999984741211,15.5600004196167,15.770000457763672,0,0.0,0.0,,^VIX
2661,2025-12-11,16.84000015258789,16.8799991607666,14.850000381469727,14.850000381469727,0,0.0,0.0,,^VIX
2662,2025-12-12,14.989999771118164,17.850000381469727,14.850000381469727,15.739999771118164,0,0.0,0.0,,^VIX
2663,2025-12-15,16.510000228881836,17.350000381469727,15.989999771118164,16.5,0,0.0,0.0,,^VIX
2664,2025-12-16,17.280000686645508,17.610000610351562,16.190000534057617,16.479999542236328,0,0.0,0.0,,^VIX
2665,2025-12-17,16.450000762939453,18.0,15.819999694824219,17.6200008392334,0,0.0,0.0,,^VIX
2666,2025-12-18,17.610000610351562,17.68000030517578,15.930000305175781,16.8700008392334,0,0.0,0.0,,^VIX
2667,2025-12-19,16.309999465942383,16.530000686645508,14.90999984741211,14.90999984741211,0,0.0,0.0,,^VIX
2668,2025-12-22,15.15999984741211,15.260000228881836,14.029999732971191,14.079999923706055,0,0.0,0.0,,^VIX
2669,2025-12-23,14.09000015258789,14.449999809265137,13.640000343322754,14.0,0,0.0,0.0,,^VIX
2670,2025-12-24,14.09000015258789,14.15999984741211,13.380000114440918,13.470000267028809,0,0.0,0.0,,^VIX
2671,2025-12-26,14.119999885559082,14.289999961853027,13.520000457763672,13.600000381469727,0,0.0,0.0,,^VIX
2672,2025-12-29,14.6899995803833,15.079999923706055,13.989999771118164,14.199999809265137,0,0.0,0.0,,^VIX
2673,2025-12-30,14.430000305175781,14.619999885559082,14.039999961853027,14.329999923706055,0,0.0,0.0,,^VIX
2674,2025-12-31,14.770000457763672,15.170000076293945,14.380000114440918,14.949999809265137,0,0.0,0.0,,^VIX
2675,2026-01-02,14.850000381469727,15.420000076293945,14.460000038146973,14.510000228881836,0,0.0,0.0,,^VIX
2676,2026-01-05,15.140000343322754,15.270000457763672,14.649999618530273,14.899999618530273,0,0.0,0.0,,^VIX
2677,2026-01-06,15.0,15.210000038146973,14.630000114440918,14.75,0,0.0,0.0,,^VIX
2678,2026-01-07,14.949999809265137,15.479999542236328,14.829999923706055,15.380000114440918,0,0.0,0.0,,^VIX
2679,2026-01-08,15.6899995803833,15.850000381469727,15.149999618530273,15.449999809265137,0,0.0,0.0,,^VIX
2680,2026-01-09,15.680000305175781,15.8100004196167,14.430000305175781,14.489999771118164,0,0.0,0.0,,^VIX
2681,2026-01-12,16.059999465942383,16.65999984741211,15.029999732971191,15.119999885559082,0,0.0,0.0,,^VIX
2682,2026-01-13,15.359999656677246,16.5,14.75,15.979999542236328,0,0.0,0.0,,^VIX
2683,2026-01-14,16.329999923706055,18.100000381469727,16.219999313354492,16.75,0,0.0,0.0,,^VIX
2684,2026-01-15,16.520000457763672,16.540000915527344,15.300000190734863,15.84000015258789,0,0.0,0.0,,^VIX
2685,2026-01-16,15.4399995803833,16.290000915527344,15.300000190734863,15.859999656677246,0,0.0,0.0,,^VIX
2686,2026-01-20,19.940000534057617,20.989999771118164,18.639999389648438,20.09000015258789,0,0.0,0.0,,^VIX
2687,2026-01-21,19.309999465942383,20.809999465942383,16.670000076293945,16.899999618530273,0,0.0,0.0,,^VIX
2688,2026-01-22,16.649999618530273,16.670000076293945,15.270000457763672,15.640000343322754,0,0.0,0.0,,^VIX
2689,2026-01-23,15.680000305175781,16.209999084472656,15.300000190734863,16.09000015258789,0,0.0,0.0,,^VIX
2690,2026-01-26,16.899999618530273,17.389999389648438,15.800000190734863,16.149999618530273,0,0.0,0.0,,^VIX
2691,2026-01-27,16.020000457763672,16.3700008392334,15.739999771118164,16.350000381469727,0,0.0,0.0,,^VIX
2692,2026-01-28,16.09000015258789,17.18000030517578,16.049999237060547,16.350000381469727,0,0.0,0.0,,^VIX
2693,2026-01-29,16.040000915527344,19.739999771118164,16.020000457763672,16.8799991607666,0,0.0,0.0,,^VIX
2694,2026-01-30,18.719999313354492,19.270000457763672,16.670000076293945,17.440000534057617,0,0.0,0.0,,^VIX
2695,2026-02-02,19.950000762939453,19.959999084472656,16.079999923706055,16.34000015258789,0,0.0,0.0,,^VIX
2696,2026-02-03,16.15999984741211,20.3700008392334,16.049999237060547,18.0,0,0.0,0.0,,^VIX
2697,2026-02-04,17.6299991607666,21.239999771118164,17.469999313354492,18.639999389648438,0,0.0,0.0,,^VIX
2698,2026-02-05,19.239999771118164,23.100000381469727,19.059999465942383,21.770000457763672,0,0.0,0.0,,^VIX
2699,2026-02-06,21.239999771118164,21.489999771118164,19.989999771118164,20.3700008392334,0,0.0,0.0,,^VIX
2700,2026-02-09,17.950000762939453,19.200000762939453,16.899999618530273,17.360000610351562,0,0.0,0.0,,^VIX
2701,2026-02-10,17.469999313354492,17.969999313354492,17.139999389648438,17.790000915527344,0,0.0,0.0,,^VIX
2702,2026-02-11,17.8700008392334,18.959999084472656,16.75,17.649999618530273,0,0.0,0.0,,^VIX
2703,2026-02-12,17.440000534057617,21.209999084472656,17.079999923706055,20.81999969482422,0,0.0,0.0,,^VIX
2704,2026-02-13,21.479999542236328,22.399999618530273,18.920000076293945,20.600000381469727,0,0.0,0.0,,^VIX
2705,2026-02-17,21.739999771118164,22.959999084472656,19.760000228881836,20.290000915527344,0,0.0,0.0,,^VIX
2706,2026-02-18,19.780000686645508,20.34000015258789,18.479999542236328,19.6200008392334,0,0.0,0.0,,^VIX
2707,2026-02-19,19.34000015258789,21.110000610351562,19.229999542236328,20.229999542236328,0,0.0,0.0,,^VIX
2708,2026-02-20,20.040000915527344,21.209999084472656,18.760000228881836,19.09000015258789,0,0.0,0.0,,^VIX
2709,2026-02-23,20.489999771118164,22.040000915527344,19.5,21.010000228881836,0,0.0,0.0,,^VIX
2710,2026-02-24,21.239999771118164,22.079999923706055,19.229999542236328,19.549999237060547,0,0.0,0.0,,^VIX
2711,2026-02-25,19.59000015258789,19.6200008392334,17.860000610351562,17.93000030517578,0,0.0,0.0,,^VIX
2712,2026-02-26,18.06999969482422,20.540000915527344,17.5,18.6299991607666,0,0.0,0.0,,^VIX
2713,2026-02-27,19.280000686645508,21.739999771118164,18.770000457763672,19.860000610351562,0,0.0,0.0,,^VIX
2714,2026-03-02,24.65999984741211,25.239999771118164,20.3700008392334,21.440000534057617,0,0.0,0.0,,^VIX
2715,2026-03-03,24.56999969482422,28.149999618530273,22.18000030517578,23.56999969482422,0,0.0,0.0,,^VIX
2716,2026-03-04,24.389999389648438,24.8700008392334,20.399999618530273,21.149999618530273,0,0.0,0.0,,^VIX
2717,2026-03-05,22.110000610351562,25.84000015258789,20.549999237060547,23.75,0,0.0,0.0,,^VIX
2718,2026-03-06,23.200000762939453,29.93000030517578,22.920000076293945,29.489999771118164,0,0.0,0.0,,^VIX
2719,2026-03-09,35.119998931884766,35.29999923706055,24.760000228881836,25.5,0,0.0,0.0,,^VIX
2720,2026-03-10,24.389999389648438,26.010000228881836,22.190000534057617,24.93000030517578,0,0.0,0.0,,^VIX
2721,2026-03-11,24.899999618530273,26.229999542236328,23.75,24.229999542236328,0,0.0,0.0,,^VIX
2722,2026-03-12,25.479999542236328,27.329999923706055,24.600000381469727,27.290000915527344,0,0.0,0.0,,^VIX
2723,2026-03-13,27.850000381469727,28.469999313354492,24.670000076293945,27.190000534057617,0,0.0,0.0,,^VIX
2724,2026-03-16,25.8799991607666,26.420000076293945,23.229999542236328,23.510000228881836,0,0.0,0.0,,^VIX
2725,2026-03-17,24.559999465942383,24.579999923706055,21.8700008392334,22.3700008392334,0,0.0,0.0,,^VIX
2726,2026-03-18,21.510000228881836,25.1299991607666,21.469999313354492,25.09000015258789,0,0.0,0.0,,^VIX
2727,2026-03-19,25.600000381469727,27.520000457763672,23.540000915527344,24.059999465942383,0,0.0,0.0,,^VIX
2728,2026-03-20,24.459999084472656,29.280000686645508,23.68000030517578,26.780000686645508,0,0.0,0.0,,^VIX
2729,2026-03-23,30.040000915527344,31.040000915527344,20.280000686645508,26.149999618530273,0,0.0,0.0,,^VIX
2730,2026-03-24,25.90999984741211,27.940000534057617,25.639999389648438,26.950000762939453,0,0.0,0.0,,^VIX
2731,2026-03-25,25.790000915527344,26.670000076293945,24.81999969482422,25.329999923706055,0,0.0,0.0,,^VIX
2732,2026-03-26,26.489999771118164,28.489999771118164,26.1200008392334,27.440000534057617,0,0.0,0.0,,^VIX
2733,2026-03-27,27.540000915527344,31.649999618530273,27.540000915527344,31.049999237060547,0,0.0,0.0,,^VIX
2734,2026-03-30,30.790000915527344,31.520000457763672,29.329999923706055,30.610000610351562,0,0.0,0.0,,^VIX
2735,2026-03-31,29.530000686645508,29.639999389648438,25.079999923706055,25.25,0,0.0,0.0,,^VIX
2736,2026-04-01,24.299999237060547,25.350000381469727,23.5,24.540000915527344,0,0.0,0.0,,^VIX
2737,2026-04-02,26.780000686645508,27.889999389648438,23.8700008392334,23.8700008392334,0,0.0,0.0,,^VIX
2738,2026-04-06,24.93000030517578,25.299999237060547,23.780000686645508,24.170000076293945,0,0.0,0.0,,^VIX
2739,2026-04-07,25.09000015258789,28.0,24.34000015258789,25.780000686645508,0,0.0,0.0,,^VIX
2740,2026-04-08,20.969999313354492,22.170000076293945,19.90999984741211,21.040000915527344,0,0.0,0.0,,^VIX
2741,2026-04-09,21.25,21.6299991607666,19.450000762939453,19.489999771118164,0,0.0,0.0,,^VIX
2742,2026-04-10,19.709999084472656,20.280000686645508,18.829999923706055,19.229999542236328,0,0.0,0.0,,^VIX
2743,2026-04-13,21.170000076293945,21.579999923706055,18.959999084472656,19.1200008392334,0,0.0,0.0,,^VIX
2744,2026-04-14,18.729999542236328,18.760000228881836,17.889999389648438,18.360000610351562,0,0.0,0.0,,^VIX
2745,2026-04-15,18.18000030517578,18.5,17.399999618530273,18.170000076293945,0,0.0,0.0,,^VIX
2746,2026-04-16,18.040000915527344,19.09000015258789,17.760000228881836,17.940000534057617,0,0.0,0.0,,^VIX
2747,2026-04-17,18.18000030517578,18.239999771118164,16.8700008392334,17.479999542236328,0,0.0,0.0,,^VIX
2748,2026-04-20,19.579999923706055,19.989999771118164,18.770000457763672,18.8700008392334,0,0.0,0.0,,^VIX
2749,2026-04-21,19.18000030517578,20.850000381469727,18.75,19.5,0,0.0,0.0,,^VIX
2750,2026-04-22,19.030000686645508,19.540000915527344,18.68000030517578,18.920000076293945,0,0.0,0.0,,^VIX
2751,2026-04-23,19.420000076293945,21.559999465942383,18.700000762939453,19.309999465942383,0,0.0,0.0,,^VIX
2752,2026-04-24,18.889999389648438,19.350000381469727,18.459999084472656,18.709999084472656,0,0.0,0.0,,^VIX
2753,2026-04-27,19.209999084472656,19.270000457763672,18.020000457763672,18.020000457763672,0,0.0,0.0,,^VIX
2754,2026-04-28,18.299999237060547,19.43000030517578,17.780000686645508,17.829999923706055,0,0.0,0.0,,^VIX
2755,2026-04-29,17.829999923706055,19.0,17.809999465942383,18.809999465942383,0,0.0,0.0,,^VIX
2756,2026-04-30,18.68000030517578,18.729999542236328,16.8700008392334,16.889999389648438,0,0.0,0.0,,^VIX
2757,2026-05-01,17.010000228881836,17.389999389648438,16.440000534057617,16.989999771118164,0,0.0,0.0,,^VIX
2758,2026-05-04,17.3799991607666,19.079999923706055,17.149999618530273,18.290000915527344,0,0.0,0.0,,^VIX
2759,2026-05-05,17.950000762939453,18.020000457763672,17.200000762939453,17.3799991607666,0,0.0,0.0,,^VIX
2760,2026-05-06,17.149999618530273,17.459999084472656,16.18000030517578,17.389999389648438,0,0.0,0.0,,^VIX
2761,2026-05-07,17.530000686645508,17.600000381469727,16.850000381469727,17.079999923706055,0,0.0,0.0,,^VIX
2762,2026-05-08,17.3700008392334,17.530000686645508,16.81999969482422,17.190000534057617,0,0.0,0.0,,^VIX
2763,2026-05-11,18.209999084472656,18.469999313354492,17.899999618530273,18.3799991607666,0,0.0,0.0,,^VIX
2764,2026-05-12,18.770000457763672,19.100000381469727,17.920000076293945,17.989999771118164,0,0.0,0.0,,^VIX
2765,2026-05-13,17.979999542236328,18.399999618530273,17.760000228881836,17.8700008392334,0,0.0,0.0,,^VIX
2766,2026-05-14,17.860000610351562,18.079999923706055,17.200000762939453,17.260000228881836,0,0.0,0.0,,^VIX
2767,2026-05-15,18.06999969482422,19.270000457763672,17.799999237060547,18.43000030517578,0,0.0,0.0,,^VIX
2768,2026-05-18,19.25,19.440000534057617,17.700000762939453,17.81999969482422,0,0.0,0.0,,^VIX
2769,2026-05-19,18.010000228881836,18.360000610351562,17.65999984741211,18.059999465942383,0,0.0,0.0,,^VIX
2770,2026-05-20,18.170000076293945,18.18000030517578,17.1299991607666,17.440000534057617,0,0.0,0.0,,^VIX
2771,2026-05-21,17.579999923706055,17.8700008392334,16.600000381469727,16.760000228881836,0,0.0,0.0,,^VIX
2772,2026-05-22,16.829999923706055,17.389999389648438,16.459999084472656,16.700000762939453,0,0.0,0.0,,^VIX
2773,2026-05-25,16.809999465942383,16.8700008392334,16.530000686645508,16.59000015258789,0,0.0,0.0,,^VIX
2774,2026-05-26,16.920000076293945,17.229999542236328,16.559999465942383,17.010000228881836,0,0.0,0.0,,^VIX
2775,2026-05-27,17.010000228881836,17.18000030517578,16.290000915527344,16.290000915527344,0,0.0,0.0,,^VIX
2776,2026-05-28,16.760000228881836,16.850000381469727,15.609999656677246,15.739999771118164,0,0.0,0.0,,^VIX
2777,2026-05-29,15.8100004196167,15.880000114440918,15.220000267028809,15.319999694824219,0,0.0,0.0,,^VIX
2778,2026-06-01,15.880000114440918,16.34000015258789,15.710000038146973,16.049999237060547,0,0.0,0.0,,^VIX
2779,2026-06-02,16.280000686645508,16.290000915527344,15.710000038146973,15.770000457763672,0,0.0,0.0,,^VIX
2780,2026-06-03,15.970000267028809,16.6299991607666,15.9399995803833,16.059999465942383,0,0.0,0.0,,^VIX
2781,2026-06-04,16.329999923706055,16.799999237060547,15.180000305175781,15.399999618530273,0,0.0,0.0,,^VIX
2782,2026-06-05,15.869999885559082,21.56999969482422,15.5600004196167,21.510000228881836,0,0.0,0.0,,^VIX
2783,2026-06-08,20.290000915527344,20.350000381469727,17.940000534057617,18.920000076293945,0,0.0,0.0,,^VIX
2784,2026-06-09,18.190000534057617,23.34000015258789,17.520000457763672,19.8700008392334,0,0.0,0.0,,^VIX
2785,2026-06-10,20.100000381469727,22.65999984741211,20.059999465942383,22.219999313354492,0,0.0,0.0,,^VIX
2786,2026-06-11,21.25,22.59000015258789,19.360000610351562,19.440000534057617,0,0.0,0.0,,^VIX
2787,2026-06-12,19.510000228881836,19.850000381469727,17.59000015258789,17.68000030517578,0,0.0,0.0,,^VIX
2788,2026-06-15,16.780000686645508,16.850000381469727,15.979999542236328,16.200000762939453,0,0.0,0.0,,^VIX
2789,2026-06-16,16.200000762939453,16.440000534057617,15.770000457763672,16.40999984741211,0,0.0,0.0,,^VIX
2790,2026-06-17,16.079999923706055,18.84000015258789,16.020000457763672,18.440000534057617,0,0.0,0.0,,^VIX
2791,2026-06-18,17.229999542236328,17.600000381469727,16.350000381469727,16.399999618530273,0,0.0,0.0,,^VIX
2792,2026-06-22,17.479999542236328,17.920000076293945,16.489999771118164,17.280000686645508,0,0.0,0.0,,^VIX
2793,2026-06-23,19.670000076293945,20.540000915527344,18.610000610351562,19.489999771118164,0,0.0,0.0,,^VIX
2794,2026-06-24,19.1299991607666,20.34000015258789,18.040000915527344,18.6299991607666,0,0.0,0.0,,^VIX
2795,2026-06-25,18.110000610351562,19.950000762939453,17.719999313354492,18.889999389648438,0,0.0,0.0,,^VIX
2796,2026-06-26,19.700000762939453,20.719999313354492,18.200000762939453,18.40999984741211,0,0.0,0.0,,^VIX
2797,2026-06-29,18.600000381469727,19.450000762939453,17.489999771118164,17.649999618530273,0,0.0,0.0,,^VIX
2798,2026-06-30,17.540000915527344,17.75,16.270000457763672,16.450000762939453,0,0.0,0.0,,^VIX
2799,2026-07-01,17.110000610351562,17.299999237060547,15.970000267028809,16.59000015258789,0,0.0,0.0,,^VIX
2800,2026-07-02,17.049999237060547,17.209999084472656,15.789999961853027,16.149999618530273,0,0.0,0.0,,^VIX
2801,2026-07-06,16.399999618530273,16.5,15.5600004196167,15.569999694824219,0,0.0,0.0,,^VIX
2802,2026-07-07,15.869999885559082,16.639999389648438,15.529999732971191,16.1299991607666,0,0.0,0.0,,^VIX
2803,2026-07-08,16.549999237060547,18.90999984741211,16.350000381469727,16.899999618530273,0,0.0,0.0,,^VIX
2804,2026-07-09,16.579999923706055,17.270000457763672,15.760000228881836,15.84000015258789,0,0.0,0.0,,^VIX
2805,2026-07-10,16.059999465942383,16.15999984741211,14.960000038146973,15.029999732971191,0,0.0,0.0,,^VIX
2806,2026-07-13,16.31999969482422,17.40999984741211,16.030000686645508,17.15999984741211,0,0.0,0.0,,^VIX
2807,2026-07-14,17.209999084472656,17.559999465942383,16.149999618530273,16.5,0,0.0,0.0,,^VIX
2808,2026-07-15,16.200000762939453,16.56999969482422,15.640000343322754,15.670000076293945,0,0.0,0.0,,^VIX
2809,2026-07-16,15.819999694824219,17.229999542236328,15.770000457763672,16.729999542236328,0,0.0,0.0,,^VIX
2810,2026-07-17,18.010000228881836,19.5,17.68000030517578,18.770000457763672,0,0.0,0.0,,^VIX
2811,2026-07-20,18.899999618530273,18.940000534057617,17.40999984741211,18.649999618530273,0,0.0,0.0,,^VIX
2812,2026-07-21,17.479999542236328,17.989999771118164,16.860000610351562,17.049999237060547,0,0.0,0.0,,^VIX
2813,2026-07-22,17.420000076293945,19.489999771118164,16.639999389648438,16.639999389648438,0,0.0,0.0,,^VIX
2814,2026-07-23,17.670000076293945,20.309999465942383,17.31999969482422,18.700000762939453,0,0.0,0.0,,^VIX
2815,2026-07-24,18.959999084472656,19.049999237060547,17.40999984741211,18.579999923706055,0,0.0,0.0,,^VIX
2816,2026-07-27,17.6200008392334,19.93000030517578,17.530000686645508,18.670000076293945,0,0.0,0.0,,^VIX
2817,2026-07-28,19.049999237060547,19.520000457763672,17.8799991607666,18.209999084472656,0,0.0,0.0,,^VIX
2818,2026-07-29,18.270000457763672,20.8799991607666,17.450000762939453,20.65999984741211,0,0.0,0.0,,^VIX
2819,2026-07-30,19.559999465942383,20.079999923706055,17.0,17.09000015258789,0,0.0,0.0,,^VIX
2820,2026-07-31,16.81999969482422,18.700000762939453,15.819999694824219,15.989999771118164,0,0.0,0.0,,^VIX
2821,2026-08-03,16.030000686645508,16.299999237060547,15.539999961853027,15.859999656677246,0,0.0,0.0,,^VIX
2822,2026-08-04,15.760000228881836,16.649999618530273,15.510000228881836,16.5,0,0.0,0.0,,^VIX
2823,2026-08-05,16.149999618530273,18.43000030517578,15.479999542236328,15.8100004196167,0,0.0,0.0,,^VIX
2824,2026-08-06,15.829999923706055,16.030000686645508,15.109999656677246,15.149999618530273,0,0.0,0.0,,^VIX
2825,2026-08-07,15.300000190734863,15.359999656677246,14.770000457763672,14.899999618530273,0,0.0,0.0,,^VIX
2826,2026-08-10,15.399999618530273,15.720000267028809,15.100000381469727,15.460000038146973,0,0.0,0.0,,^VIX
2827,2026-08-11,15.420000076293945,15.609999656677246,15.229999542236328,15.279999732971191,0,0.0,0.0,,^VIX
2828,2026-08-12,15.279999732971191,15.420000076293945,14.390000343322754,14.550000190734863,0,0.0,0.0,,^VIX
2829,2026-08-13,14.680000305175781,14.800000190734863,14.390000343322754,14.630000114440918,0,0.0,0.0,,^VIX
2830,2026-08-14,14.640000343322754,14.720000267028809,14.180000305175781,14.25,0,0.0,0.0,,^VIX
2831,2026-08-17,14.979999542236328,15.470000267028809,14.890000343322754,15.1899995803833,0,0.0,0.0,,^VIX
2832,2026-08-18,15.8100004196167,16.09000015258789,15.600000381469727,15.84000015258789,0,0.0,0.0,,^VIX
2833,2026-08-19,15.920000076293945,15.949999809265137,14.770000457763672,14.890000343322754,0,0.0,0.0,,^VIX
2834,2026-08-20,14.90999984741211,16.139999389648438,14.90999984741211,16.010000228881836,0,0.0,0.0,,^VIX
2835,2026-08-21,15.819999694824219,15.880000114440918,15.079999923706055,15.130000114440918,0,0.0,0.0,,^VIX
2836,2026-08-24,15.899999618530273,16.059999465942383,15.609999656677246,15.850000381469727,0,0.0,0.0,,^VIX
2837,2026-08-25,15.710000038146973,16.299999237060547,15.130000114440918,15.449999809265137,0,0.0,0.0,,^VIX
2838,2026-08-26,15.649999618530273,15.739999771118164,15.210000038146973,15.210000038146973,0,0.0,0.0,,^VIX
2839,2026-08-27,14.920000076293945,15.130000114440918,14.420000076293945,14.510000228881836,0,0.0,0.0,,^VIX
2840,2026-08-28,14.569999694824219,14.84000015258789,14.130000114440918,14.430000305175781,0,0.0,0.0,,^VIX
