,Unnamed: 0_x,observation_date,PCU484484,WPU11,MICH,CUUR0000SEHA,WPUSI012011,PCU484121484121,PCUOMFGOMFG,PCU33443344,PPIFID,PCU335311335311,WPU0911,PCU3364133641,PPIACO,CUUR0000SA0R,CPILFENS,CPIAUCNS,Unnamed: 0_y,Open,High,Low,Close,Volume,Dividends,Stock Splits,Capital Gains,Ticker Symbol
0,0.0,2021-01-01,151.8,145.7,3.0,344.758,256.4,146.1,199.6,54.1,120.9,262.0,143.8,245.3,204.8,38.2,269.755,261.582,,,,,,,,,,
1,,2021-01-04,,,,,,,,,,,,,,,,,0.0,43.27235783664871,43.65938088709976,42.35009341684255,42.926509857177734,1752000.0,0.0,0.0,0.0,VDE
2,,2021-01-04,,,,,,,,,,,,,,,,,1420.0,23.040000915527344,29.190000534057617,22.559999465942383,26.969999313354492,0.0,0.0,0.0,,^VIX
3,,2021-01-05,,,,,,,,,,,,,,,,,1.0,43.30530039361404,46.088566435842104,43.30530039361404,44.9439697265625,2150600.0,0.0,0.0,0.0,VDE
4,,2021-01-05,,,,,,,,,,,,,,,,,1421.0,26.940000534057617,28.600000381469727,24.799999237060547,25.34000015258789,0.0,0.0,0.0,,^VIX
5,,2021-01-06,,,,,,,,,,,,,,,,,2.0,45.792120677631424,46.79673212363266,45.23217362325863,46.327362060546875,1690400.0,0.0,0.0,0.0,VDE
6,,2021-01-06,,,,,,,,,,,,,,,,,1422.0,25.479999542236328,26.770000457763672,22.13999938964844,25.06999969482422,0.0,0.0,0.0,,^VIX
7,,2021-01-07,,,,,,,,,,,,,,,,,3.0,46.837908561065014,47.546077147452166,46.34383592020043,47.10964584350586,1992000.0,0.0,0.0,0.0,VDE
8,,2021-01-07,,,,,,,,,,,,,,,,,1423.0,23.670000076293945,23.90999984741211,22.25,22.3700008392334,0.0,0.0,0.0,,^VIX
9,,2021-01-08,,,,,,,,,,,,,,,,,4.0,47.59547978148304,47.61194918279232,46.56616575878134,46.961421966552734,939900.0,0.0,0.0,0.0,VDE
10,,2021-01-08,,,,,,,,,,,,,,,,,1424.0,22.43000030517578,23.34000015258789,21.420000076293945,21.559999465942383,0.0,0.0,0.0,,^VIX
11,,2021-01-11,,,,,,,,,,,,,,,,,5.0,46.01444815802779,47.87544625422784,45.70153586177587,47.70252227783203,959700.0,0.0,0.0,0.0,VDE
12,,2021-01-11,,,,,,,,,,,,,,,,,1425.0,23.309999465942383,24.809999465942383,23.229999542236328,24.079999923706055,0.0,0.0,0.0,,^VIX
13,,2021-01-12,,,,,,,,,,,,,,,,,6.0,48.32835148843797,49.70351667399545,48.031911684686214,49.45648193359375,3394300.0,0.0,0.0,0.0,VDE
14,,2021-01-12,,,,,,,,,,,,,,,,,1426.0,23.489999771118164,25.149999618530273,22.829999923706055,23.329999923706055,0.0,0.0,0.0,,^VIX
15,,2021-01-13,,,,,,,,,,,,,,,,,7.0,49.662341296978674,49.662341296978674,48.70713806343778,49.01181411743164,1028600.0,0.0,0.0,0.0,VDE
16,,2021-01-13,,,,,,,,,,,,,,,,,1427.0,23.06999969482422,24.18000030517578,21.920000076293945,22.209999084472656,0.0,0.0,0.0,,^VIX
17,,2021-01-14,,,,,,,,,,,,,,,,,8.0,49.30000862862324,51.05396007192506,49.30000862862324,50.55989074707031,1170900.0,0.0,0.0,0.0,VDE
18,,2021-01-14,,,,,,,,,,,,,,,,,1428.0,22.219999313354492,23.469999313354492,21.65999984741211,23.25,0.0,0.0,0.0,,^VIX
19,,2021-01-15,,,,,,,,,,,,,,,,,9.0,49.744685303978365,49.76115470440714,48.097782955704005,48.61655807495117,1585300.0,0.0,0.0,0.0,VDE
20,,2021-01-15,,,,,,,,,,,,,,,,,1429.0,23.520000457763672,25.799999237060547,23.079999923706055,24.34000015258789,0.0,0.0,0.0,,^VIX
21,,2021-01-19,,,,,,,,,,,,,,,,,10.0,49.2176832934924,49.85174115489122,49.02005360451435,49.547061920166016,1050600.0,0.0,0.0,0.0,VDE
22,,2021-01-19,,,,,,,,,,,,,,,,,1430.0,23.030000686645508,23.559999465942383,22.530000686645508,23.239999771118164,0.0,0.0,0.0,,^VIX
23,,2021-01-20,,,,,,,,,,,,,,,,,11.0,50.008185099368035,50.02465449837111,49.12709267061175,49.629398345947266,1090800.0,0.0,0.0,0.0,VDE
24,,2021-01-20,,,,,,,,,,,,,,,,,1431.0,22.81999969482422,22.86000061035156,21.3700008392334,21.579999923706055,0.0,0.0,0.0,,^VIX
25,,2021-01-21,,,,,,,,,,,,,,,,,12.0,49.4153026810218,49.571760411647226,47.43902178368932,47.92485809326172,1773100.0,0.0,0.0,0.0,VDE
26,,2021-01-21,,,,,,,,,,,,,,,,,1432.0,21.34000015258789,22.219999313354492,21.09000015258789,21.31999969482422,0.0,0.0,0.0,,^VIX
27,,2021-01-22,,,,,,,,,,,,,,,,,13.0,46.8708401778031,47.88368790471061,46.46735085420827,47.768402099609375,899000.0,0.0,0.0,0.0,VDE
28,,2021-01-22,,,,,,,,,,,,,,,,,1433.0,22.239999771118164,23.729999542236328,21.270000457763672,21.90999984741211,0.0,0.0,0.0,,^VIX
29,,2021-01-25,,,,,,,,,,,,,,,,,14.0,47.34021131394224,47.52960471477173,46.45911563176244,47.3237419128418,1181600.0,0.0,0.0,0.0,VDE
30,,2021-01-25,,,,,,,,,,,,,,,,,1434.0,22.309999465942383,26.6299991607666,22.200000762939453,23.190000534057617,0.0,0.0,0.0,,^VIX
31,,2021-01-26,,,,,,,,,,,,,,,,,15.0,47.677821752092186,48.44363155539148,46.28618733001097,46.31912612915039,810200.0,0.0,0.0,0.0,VDE
32,,2021-01-26,,,,,,,,,,,,,,,,,1435.0,23.90999984741211,23.940000534057617,22.549999237060547,23.020000457763672,0.0,0.0,0.0,,^VIX
33,,2021-01-27,,,,,,,,,,,,,,,,,16.0,45.52037289276134,47.04375921510352,44.91102087679763,45.80034637451172,1517000.0,0.0,0.0,0.0,VDE
34,,2021-01-27,,,,,,,,,,,,,,,,,1436.0,23.81999969482422,37.209999084472656,23.709999084472656,37.209999084472656,0.0,0.0,0.0,,^VIX
35,,2021-01-28,,,,,,,,,,,,,,,,,17.0,46.11325698959412,46.87906668732576,45.70976460879998,46.261478424072266,805700.0,0.0,0.0,0.0,VDE
36,,2021-01-28,,,,,,,,,,,,,,,,,1437.0,33.25,36.290000915527344,27.38999938964844,30.209999084472656,0.0,0.0,0.0,,^VIX
37,,2021-01-29,,,,,,,,,,,,,,,,,18.0,45.67683595796437,46.335596244850265,44.67222455720287,44.8204460144043,1047200.0,0.0,0.0,0.0,VDE
38,,2021-01-29,,,,,,,,,,,,,,,,,1438.0,35.15999984741211,37.5099983215332,29.239999771118164,33.09000015258789,0.0,0.0,0.0,,^VIX
39,1.0,2021-02-01,154.5,146.0,3.3,345.242,264.6,151.3,203.1,54.1,121.9,263.0,156.0,245.4,210.6,38.0,270.696,263.014,19.0,45.429799185381064,45.69330644763726,44.47459596130939,45.28981399536133,897300.0,0.0,0.0,0.0,VDE
40,1.0,2021-02-01,154.5,146.0,3.3,345.242,264.6,151.3,203.1,54.1,121.9,263.0,156.0,245.4,210.6,38.0,270.696,263.014,1439.0,31.450000762939453,33.959999084472656,29.030000686645508,30.239999771118164,0.0,0.0,0.0,,^VIX
41,,2021-02-02,,,,,,,,,,,,,,,,,20.0,46.236786633654056,46.82143623804849,45.767419695904486,45.78388595581055,827800.0,0.0,0.0,0.0,VDE
42,,2021-02-02,,,,,,,,,,,,,,,,,1440.0,28.010000228881836,28.079999923706055,25.309999465942383,25.559999465942383,0.0,0.0,0.0,,^VIX
43,,2021-02-03,,,,,,,,,,,,,,,,,21.0,46.00621188798038,47.82604119880998,45.92386803480618,47.70252227783203,1074700.0,0.0,0.0,0.0,VDE
44,,2021-02-03,,,,,,,,,,,,,,,,,1441.0,24.59000015258789,25.43000030517578,22.90999984741211,22.90999984741211,0.0,0.0,0.0,,^VIX
45,,2021-02-04,,,,,,,,,,,,,,,,,22.0,48.08954158577885,48.213057356004384,47.20844923172783,48.180118560791016,972000.0,0.0,0.0,0.0,VDE
46,,2021-02-04,,,,,,,,,,,,,,,,,1442.0,23.440000534057617,23.440000534057617,21.68000030517578,21.770000457763672,0.0,0.0,0.0,,^VIX
47,,2021-02-05,,,,,,,,,,,,,,,,,23.0,48.9047624509386,49.11886150532087,48.493036883052305,48.682430267333984,1276300.0,0.0,0.0,0.0,VDE
48,,2021-02-05,,,,,,,,,,,,,,,,,1443.0,21.989999771118164,22.15999984741211,20.86000061035156,20.8700008392334,0.0,0.0,0.0,,^VIX
49,,2021-02-08,,,,,,,,,,,,,,,,,24.0,49.4070730839273,50.963395383476275,49.34943174996009,50.73283004760742,1449200.0,0.0,0.0,0.0,VDE
50,,2021-02-08,,,,,,,,,,,,,,,,,1444.0,21.88999938964844,22.06999969482422,21.229999542236328,21.239999771118164,0.0,0.0,0.0,,^VIX
51,,2021-02-09,,,,,,,,,,,,,,,,,25.0,50.36227906052173,50.54343934335935,49.57176660285855,50.222293853759766,826900.0,0.0,0.0,0.0,VDE
52,,2021-02-09,,,,,,,,,,,,,,,,,1445.0,21.56999969482422,22.260000228881836,20.649999618530273,21.6299991607666,0.0,0.0,0.0,,^VIX
53,,2021-02-10,,,,,,,,,,,,,,,,,26.0,50.46108813969683,51.21042860024016,49.99172121063216,51.144554138183594,1069900.0,0.0,0.0,0.0,VDE
54,,2021-02-10,,,,,,,,,,,,,,,,,1446.0,21.63999938964844,23.850000381469727,19.690000534057617,21.989999771118164,0.0,0.0,0.0,,^VIX
55,,2021-02-11,,,,,,,,,,,,,,,,,27.0,51.05397827729396,51.05397827729396,49.30002620854931,50.39521789550781,838900.0,0.0,0.0,0.0,VDE
56,,2021-02-11,,,,,,,,,,,,,,,,,1447.0,22.09000015258789,23.25,21.11000061035156,21.25,0.0,0.0,0.0,,^VIX
57,,2021-02-12,,,,,,,,,,,,,,,,,28.0,50.04112445681441,51.22689292734237,49.90937240453352,51.20219039916992,681300.0,0.0,0.0,0.0,VDE
58,,2021-02-12,,,,,,,,,,,,,,,,,1448.0,21.600000381469727,22.450000762939453,19.950000762939453,19.969999313354492,0.0,0.0,0.0,,^VIX
59,,2021-02-16,,,,,,,,,,,,,,,,,29.0,52.39619475958907,53.09613008448946,52.08328245973694,52.51971054077149,891900.0,0.0,0.0,0.0,VDE
60,,2021-02-16,,,,,,,,,,,,,,,,,1449.0,21.1299991607666,22.459999084472656,20.8799991607666,21.459999084472656,0.0,0.0,0.0,,^VIX
61,,2021-02-17,,,,,,,,,,,,,,,,,30.0,53.02201613309836,53.54078806742308,52.20680129846428,53.21964263916016,1011300.0,0.0,0.0,0.0,VDE
62,,2021-02-17,,,,,,,,,,,,,,,,,1450.0,22.020000457763672,23.440000534057617,21.09000015258789,21.5,0.0,0.0,0.0,,^VIX
63,,2021-02-18,,,,,,,,,,,,,,,,,31.0,52.98908669311423,52.98908669311423,51.65509654735041,51.80331802368164,840400.0,0.0,0.0,0.0,VDE
64,,2021-02-18,,,,,,,,,,,,,,,,,1451.0,21.979999542236328,24.229999542236328,21.799999237060547,22.489999771118164,0.0,0.0,0.0,,^VIX
65,,2021-02-19,,,,,,,,,,,,,,,,,32.0,51.9021312140599,52.832635146094354,51.87742868178189,52.71734619140625,463400.0,0.0,0.0,0.0,VDE
66,,2021-02-19,,,,,,,,,,,,,,,,,1452.0,23.100000381469727,23.190000534057617,20.84000015258789,22.049999237060547,0.0,0.0,0.0,,^VIX
67,,2021-02-22,,,,,,,,,,,,,,,,,33.0,52.99732028919814,55.261811112895465,52.96438148696136,54.37248229980469,1222800.0,0.0,0.0,0.0,VDE
68,,2021-02-22,,,,,,,,,,,,,,,,,1453.0,24.459999084472656,25.09000015258789,21.959999084472656,23.450000762939453,0.0,0.0,0.0,,^VIX
69,,2021-02-23,,,,,,,,,,,,,,,,,34.0,54.99830852682096,55.4100341427285,52.71734509652998,55.23711013793945,1412400.0,0.0,0.0,0.0,VDE
70,,2021-02-23,,,,,,,,,,,,,,,,,1454.0,22.81999969482422,27.010000228881836,22.5,23.11000061035156,0.0,0.0,0.0,,^VIX
71,,2021-02-24,,,,,,,,,,,,,,,,,35.0,55.533555148637866,57.58394703300613,55.17947085449571,57.30397033691406,1560700.0,0.0,0.0,0.0,VDE
72,,2021-02-24,,,,,,,,,,,,,,,,,1455.0,23.760000228881836,25.040000915527344,21.309999465942383,21.34000015258789,0.0,0.0,0.0,,^VIX
73,,2021-02-25,,,,,,,,,,,,,,,,,36.0,57.75686386869058,57.78156639830498,55.77234983965085,56.159366607666016,1701100.0,0.0,0.0,0.0,VDE
74,,2021-02-25,,,,,,,,,,,,,,,,,1456.0,21.729999542236328,31.15999984741211,21.520000457763672,28.88999938964844,0.0,0.0,0.0,,^VIX
75,,2021-02-26,,,,,,,,,,,,,,,,,37.0,55.21239636108291,55.59941308396758,53.18670121484832,54.88301467895508,2082800.0,0.0,0.0,0.0,VDE
76,,2021-02-26,,,,,,,,,,,,,,,,,1457.0,28.729999542236328,30.81999969482422,25.229999542236328,27.950000762939453,0.0,0.0,0.0,,^VIX
77,2.0,2021-03-01,157.4,146.4,3.1,345.717,276.7,154.7,207.9,54.3,123.0,269.6,167.2,245.4,215.0,37.8,271.713,264.877,38.0,56.299363477804725,56.999295774538695,55.87940158679059,56.41464614868164,1350800.0,0.0,0.0,0.0,VDE
78,2.0,2021-03-01,157.4,146.4,3.1,345.717,276.7,154.7,207.9,54.3,123.0,269.6,167.2,245.4,215.0,37.8,271.713,264.877,1458.0,25.200000762939453,25.38999938964844,23.170000076293945,23.350000381469727,0.0,0.0,0.0,,^VIX
79,,2021-03-02,,,,,,,,,,,,,,,,,39.0,56.53816005327796,57.02399322547915,55.99467926834054,56.03585433959961,1317400.0,0.0,0.0,0.0,VDE
80,,2021-03-02,,,,,,,,,,,,,,,,,1459.0,23.579999923706055,24.600000381469727,22.799999237060547,24.100000381469727,0.0,0.0,0.0,,^VIX
81,,2021-03-03,,,,,,,,,,,,,,,,,40.0,56.41464606785064,58.14389241096112,56.41464606785064,56.85107421875,1496800.0,0.0,0.0,0.0,VDE
82,,2021-03-03,,,,,,,,,,,,,,,,,1460.0,22.799999237060547,26.790000915527344,22.450000762939453,26.670000076293945,0.0,0.0,0.0,,^VIX
83,,2021-03-04,,,,,,,,,,,,,,,,,41.0,57.38632949867388,59.31320273970704,56.8593211105741,58.341529846191406,2107400.0,0.0,0.0,0.0,VDE
84,,2021-03-04,,,,,,,,,,,,,,,,,1461.0,26.520000457763672,31.899999618530273,24.93000030517578,28.56999969482422,0.0,0.0,0.0,,^VIX
85,,2021-03-05,,,,,,,,,,,,,,,,,42.0,59.99665354368501,60.597769387586176,58.31681238073688,60.48248672485352,2559100.0,0.0,0.0,0.0,VDE
86,,2021-03-05,,,,,,,,,,,,,,,,,1462.0,29.479999542236328,30.030000686645508,24.329999923706055,24.65999984741211,0.0,0.0,0.0,,^VIX
87,,2021-03-08,,,,,,,,,,,,,,,,,43.0,61.12478728235561,61.429460215278006,59.64257256228838,60.58130645751953,2000500.0,0.0,0.0,0.0,VDE
88,,2021-03-08,,,,,,,,,,,,,,,,,1463.0,27.61000061035156,28.38999938964844,24.06999969482422,25.469999313354492,0.0,0.0,0.0,,^VIX
89,,2021-03-09,,,,,,,,,,,,,,,,,44.0,60.44130682740583,60.99301750943826,59.10731389781601,59.3378791809082,1409900.0,0.0,0.0,0.0,VDE
90,,2021-03-09,,,,,,,,,,,,,,,,,1464.0,25.11000061035156,25.25,22.899999618530273,24.030000686645508,0.0,0.0,0.0,,^VIX
91,,2021-03-10,,,,,,,,,,,,,,,,,45.0,59.560218737431946,61.33063983414731,59.32965343784729,61.13300704956055,1742300.0,0.0,0.0,0.0,VDE
92,,2021-03-10,,,,,,,,,,,,,,,,,1465.0,23.760000228881836,23.8700008392334,22.3799991607666,22.559999465942383,0.0,0.0,0.0,,^VIX
93,,2021-03-11,,,,,,,,,,,,,,,,,46.0,61.39651740275033,62.25290737592423,61.058905688937514,61.28123474121094,1452400.0,0.0,0.0,0.0,VDE
94,,2021-03-11,,,,,,,,,,,,,,,,,1466.0,22.5,22.5,21.450000762939453,21.90999984741211,0.0,0.0,0.0,,^VIX
95,,2021-03-12,,,,,,,,,,,,,,,,,47.0,61.44593333977424,61.89059776000477,60.88598624938404,61.32241439819336,1137100.0,0.0,0.0,0.0,VDE
96,,2021-03-12,,,,,,,,,,,,,,,,,1467.0,22.56999969482422,22.989999771118164,20.6299991607666,20.690000534057617,0.0,0.0,0.0,,^VIX
97,,2021-03-15,,,,,,,,,,,,,,,,,48.0,61.32239551680651,61.388273103023614,60.004875204626586,60.70480728149414,1324700.0,0.0,0.0,0.0,VDE
98,,2021-03-15,,,,,,,,,,,,,,,,,1468.0,21.84000015258789,21.86000061035156,19.8700008392334,20.030000686645508,0.0,0.0,0.0,,^VIX
99,,2021-03-16,,,,,,,,,,,,,,,,,49.0,59.80724790682167,59.80724790682167,58.63794891564832,58.97556686401367,1146600.0,0.0,0.0,0.0,VDE
100,,2021-03-16,,,,,,,,,,,,,,,,,1469.0,20.13999938964844,20.309999465942383,19.329999923706055,19.790000915527344,0.0,0.0,0.0,,^VIX
101,,2021-03-17,,,,,,,,,,,,,,,,,50.0,58.71208072900786,59.69198351273165,58.26741626913168,59.46141815185547,873500.0,0.0,0.0,0.0,VDE
102,,2021-03-17,,,,,,,,,,,,,,,,,1470.0,20.100000381469727,20.950000762939453,19.18000030517578,19.229999542236328,0.0,0.0,0.0,,^VIX
103,,2021-03-18,,,,,,,,,,,,,,,,,51.0,59.04143790977678,59.15672055445111,56.29935068152823,56.5628547668457,2345200.0,0.0,0.0,0.0,VDE
104,,2021-03-18,,,,,,,,,,,,,,,,,1471.0,18.950000762939453,22.600000381469727,18.950000762939453,21.579999923706055,0.0,0.0,0.0,,^VIX
105,,2021-03-19,,,,,,,,,,,,,,,,,52.0,56.538167365170224,57.67452785913678,55.81352622487157,56.82637405395508,948800.0,0.0,0.0,0.0,VDE
106,,2021-03-19,,,,,,,,,,,,,,,,,1472.0,21.43000030517578,23.170000076293945,19.899999618530273,20.950000762939453,0.0,0.0,0.0,,^VIX
107,,2021-03-22,,,,,,,,,,,,,,,,,53.0,56.68638074431748,56.82637223075122,56.12643992832027,56.14290618896485,903700.0,0.0,0.0,0.0,VDE
108,,2021-03-22,,,,,,,,,,,,,,,,,1473.0,21.90999984741211,22.290000915527344,18.8700008392334,18.8799991607666,0.0,0.0,0.0,,^VIX
109,,2021-03-23,,,,,,,,,,,,,,,,,54.0,54.95713264854023,56.34053094905553,54.61128464401997,55.02301025390625,1412700.0,0.0,0.0,0.0,VDE
110,,2021-03-23,,,,,,,,,,,,,,,,,1474.0,19.459999084472656,21.579999923706055,18.799999237060547,20.299999237060547,0.0,0.0,0.0,,^VIX
111,,2021-03-24,,,,,,,,,,,,,,,,,55.0,55.969969601638105,57.19690992301454,55.969969601638105,56.37345886230469,1280200.0,0.0,0.0,0.0,VDE
112,,2021-03-24,,,,,,,,,,,,,,,,,1475.0,20.63999938964844,21.489999771118164,19.299999237060547,21.200000762939453,0.0,0.0,0.0,,^VIX
113,,2021-03-25,,,,,,,,,,,,,,,,,56.0,55.49237280688781,56.83459592723357,54.44659260479802,56.60403060913086,1218700.0,0.0,0.0,0.0,VDE
114,,2021-03-25,,,,,,,,,,,,,,,,,1476.0,20.799999237060547,23.549999237060547,19.809999465942383,19.809999465942383,0.0,0.0,0.0,,^VIX
115,,2021-03-26,,,,,,,,,,,,,,,,,57.0,57.766851496121056,58.21601138187721,57.093114840461055,58.19105911254883,1211900.0,0.688,0.0,0.0,VDE
116,,2021-03-26,,,,,,,,,,,,,,,,,1477.0,19.31999969482422,21.489999771118164,18.68000030517578,18.86000061035156,0.0,0.0,0.0,,^VIX
117,,2021-03-29,,,,,,,,,,,,,,,,,58.0,57.733590727612174,57.908262973058775,56.61900728806612,57.301063537597656,1058800.0,0.0,0.0,0.0,VDE
118,,2021-03-29,,,,,,,,,,,,,,,,,1478.0,20.399999618530273,21.600000381469727,19.420000076293945,20.739999771118164,0.0,0.0,0.0,,^VIX
119,,2021-03-30,,,,,,,,,,,,,,,,,59.0,56.85189469560179,57.450774498000285,56.31955850368047,56.86021423339844,1023300.0,0.0,0.0,0.0,VDE
120,,2021-03-30,,,,,,,,,,,,,,,,,1479.0,20.760000228881836,21.75,19.469999313354492,19.61000061035156,0.0,0.0,0.0,,^VIX
121,,2021-03-31,,,,,,,,,,,,,,,,,60.0,56.92676695649211,57.00994330992912,56.27798251535483,56.56078338623047,1484200.0,0.0,0.0,0.0,VDE
122,,2021-03-31,,,,,,,,,,,,,,,,,1480.0,19.799999237060547,20.11000061035156,18.850000381469727,19.399999618530273,0.0,0.0,0.0,,^VIX
123,3.0,2021-04-01,159.9,147.3,3.4,346.267,291.8,159.3,210.1,54.2,124.3,274.1,189.2,245.3,217.9,37.4,273.968,267.054,61.0,56.951696716800114,58.09122563496184,56.52748923221291,58.08291244506836,1423300.0,0.0,0.0,0.0,VDE
124,3.0,2021-04-01,159.9,147.3,3.4,346.267,291.8,159.3,210.1,54.2,124.3,274.1,189.2,245.3,217.9,37.4,273.968,267.054,1481.0,18.600000381469727,18.63999938964844,17.290000915527344,17.329999923706055,0.0,0.0,0.0,,^VIX
125,,2021-04-05,,,,,,,,,,,,,,,,,62.0,57.99976263853014,57.99976263853014,56.26966645781794,56.552467346191406,1367500.0,0.0,0.0,0.0,VDE
126,,2021-04-05,,,,,,,,,,,,,,,,,1482.0,18.15999984741211,18.399999618530273,17.350000381469727,17.90999984741211,0.0,0.0,0.0,,^VIX
127,,2021-04-06,,,,,,,,,,,,,,,,,63.0,56.910124695298926,57.7751726837502,56.469284335384515,56.54414749145508,750600.0,0.0,0.0,0.0,VDE
128,,2021-04-06,,,,,,,,,,,,,,,,,1483.0,18.06999969482422,18.299999237060547,17.3700008392334,18.1200008392334,0.0,0.0,0.0,,^VIX
129,,2021-04-07,,,,,,,,,,,,,,,,,64.0,56.5940496546816,57.05152272676047,56.33620108049263,56.78535461425781,660500.0,0.0,0.0,0.0,VDE
130,,2021-04-07,,,,,,,,,,,,,,,,,1484.0,17.989999771118164,18.170000076293945,16.8700008392334,17.15999984741211,0.0,0.0,0.0,,^VIX
131,,2021-04-08,,,,,,,,,,,,,,,,,65.0,56.33620570136051,56.33620570136051,55.29648543506155,55.995174407958984,920200.0,0.0,0.0,0.0,VDE
132,,2021-04-08,,,,,,,,,,,,,,,,,1485.0,16.920000076293945,17.360000610351562,16.549999237060547,16.950000762939453,0.0,0.0,0.0,,^VIX
133,,2021-04-09,,,,,,,,,,,,,,,,,66.0,55.90367689347666,56.402741337618174,55.28816429056707,55.54601287841797,869500.0,0.0,0.0,0.0,VDE
134,,2021-04-09,,,,,,,,,,,,,,,,,1486.0,17.049999237060547,17.34000015258789,16.200000762939453,16.690000534057617,0.0,0.0,0.0,,^VIX
135,,2021-04-12,,,,,,,,,,,,,,,,,67.0,55.90367658511296,56.386108295033125,54.872275893449846,55.03031539916992,1161200.0,0.0,0.0,0.0,VDE
136,,2021-04-12,,,,,,,,,,,,,,,,,1487.0,17.43000030517578,17.90999984741211,16.809999465942383,16.90999984741211,0.0,0.0,0.0,,^VIX
137,,2021-04-13,,,,,,,,,,,,,,,,,68.0,55.01367914670709,55.371343178158966,54.55619968347247,55.071903228759766,763600.0,0.0,0.0,0.0,VDE
138,,2021-04-13,,,,,,,,,,,,,,,,,1488.0,16.989999771118164,17.860000610351562,16.43000030517578,16.649999618530273,0.0,0.0,0.0,,^VIX
139,,2021-04-14,,,,,,,,,,,,,,,,,69.0,55.529385612184456,57.550602203946696,55.521066072611134,56.77705001831055,807000.0,0.0,0.0,0.0,VDE
140,,2021-04-14,,,,,,,,,,,,,,,,,1489.0,16.709999084472656,17.690000534057617,15.380000114440918,16.989999771118164,0.0,0.0,0.0,,^VIX
141,,2021-04-15,,,,,,,,,,,,,,,,,70.0,56.88516517390765,56.88516517390765,55.99516502886715,56.319557189941406,645600.0,0.0,0.0,0.0,VDE
142,,2021-04-15,,,,,,,,,,,,,,,,,1490.0,16.780000686645508,16.920000076293945,15.9399995803833,16.56999969482422,0.0,0.0,0.0,,^VIX
143,,2021-04-16,,,,,,,,,,,,,,,,,71.0,56.619003803038865,56.777043306502904,55.562650856278225,55.787227630615234,493300.0,0.0,0.0,0.0,VDE
144,,2021-04-16,,,,,,,,,,,,,,,,,1491.0,16.649999618530273,16.8799991607666,16.049999237060547,16.25,0.0,0.0,0.0,,^VIX
145,,2021-04-19,,,,,,,,,,,,,,,,,72.0,55.80386138802,56.35283671796999,55.20498786345915,55.679100036621094,709300.0,0.0,0.0,0.0,VDE
146,,2021-04-19,,,,,,,,,,,,,,,,,1492.0,17.040000915527344,18.61000061035156,16.780000686645508,17.290000915527344,0.0,0.0,0.0,,^VIX
147,,2021-04-20,,,,,,,,,,,,,,,,,73.0,55.61256462585041,55.61256462585041,53.53312384966979,54.098731994628906,1457000.0,0.0,0.0,0.0,VDE
148,,2021-04-20,,,,,,,,,,,,,,,,,1493.0,17.360000610351562,19.700000762939453,17.239999771118164,18.68000030517578,0.0,0.0,0.0,,^VIX
149,,2021-04-21,,,,,,,,,,,,,,,,,74.0,53.491535633533005,54.97209653767007,53.1588269936126,54.86396789550781,668600.0,0.0,0.0,0.0,VDE
150,,2021-04-21,,,,,,,,,,,,,,,,,1494.0,18.479999542236328,19.290000915527344,16.90999984741211,17.5,0.0,0.0,0.0,,^VIX
151,,2021-04-22,,,,,,,,,,,,,,,,,75.0,55.13012434526821,55.13012434526821,53.99890822970995,54.21517181396485,703600.0,0.0,0.0,0.0,VDE
152,,2021-04-22,,,,,,,,,,,,,,,,,1495.0,17.280000686645508,19.899999618530273,16.989999771118164,18.709999084472656,0.0,0.0,0.0,,^VIX
153,,2021-04-23,,,,,,,,,,,,,,,,,76.0,54.29002167610189,54.98039734205422,53.97394905183415,54.73918151855469,568100.0,0.0,0.0,0.0,VDE
154,,2021-04-23,,,,,,,,,,,,,,,,,1496.0,18.559999465942383,18.780000686645508,16.799999237060547,17.329999923706055,0.0,0.0,0.0,,^VIX
155,,2021-04-26,,,,,,,,,,,,,,,,,77.0,54.63938511689399,55.57929001590217,54.58116103192799,55.21330642700195,829600.0,0.0,0.0,0.0,VDE
156,,2021-04-26,,,,,,,,,,,,,,,,,1497.0,17.940000534057617,18.170000076293945,16.8700008392334,17.639999389648438,0.0,0.0,0.0,,^VIX
157,,2021-04-27,,,,,,,,,,,,,,,,,78.0,55.421239947146375,56.06171110583603,55.1301195777184,55.8454475402832,644000.0,0.0,0.0,0.0,VDE
158,,2021-04-27,,,,,,,,,,,,,,,,,1498.0,17.6200008392334,18.15999984741211,16.969999313354492,17.559999465942383,0.0,0.0,0.0,,^VIX
159,,2021-04-28,,,,,,,,,,,,,,,,,79.0,56.18648765875503,58.074616934979346,56.18648765875503,57.808448791503906,857000.0,0.0,0.0,0.0,VDE
160,,2021-04-28,,,,,,,,,,,,,,,,,1499.0,17.469999313354492,17.84000015258789,16.670000076293945,17.280000686645508,0.0,0.0,0.0,,^VIX
161,,2021-04-29,,,,,,,,,,,,,,,,,80.0,58.64854924052664,59.214157383675214,57.66705294347323,58.44060516357422,903800.0,0.0,0.0,0.0,VDE
162,,2021-04-29,,,,,,,,,,,,,,,,,1500.0,16.8799991607666,18.8700008392334,16.770000457763672,17.610000610351562,0.0,0.0,0.0,,^VIX
163,,2021-04-30,,,,,,,,,,,,,,,,,81.0,57.533955054780634,58.34909847799769,56.74377024678271,56.80199432373047,753400.0,0.0,0.0,0.0,VDE
164,,2021-04-30,,,,,,,,,,,,,,,,,1501.0,17.670000076293945,19.25,17.639999389648438,18.61000061035156,0.0,0.0,0.0,,^VIX
165,4.0,2021-05-01,162.6,148.1,4.6,347.016,305.9,162.1,215.1,54.5,125.5,285.6,196.8,245.5,224.9,37.1,275.893,269.195,,,,,,,,,,
166,,2021-05-03,,,,,,,,,,,,,,,,,82.0,57.517332001015745,58.582004642015775,57.38424474791599,58.448917388916016,700700.0,0.0,0.0,0.0,VDE
167,,2021-05-03,,,,,,,,,,,,,,,,,1502.0,18.649999618530273,19.1200008392334,17.799999237060547,18.309999465942383,0.0,0.0,0.0,,^VIX
168,,2021-05-04,,,,,,,,,,,,,,,,,83.0,58.565375652941725,58.972944286207465,57.77518431552458,58.548736572265625,876700.0,0.0,0.0,0.0,VDE
169,,2021-05-04,,,,,,,,,,,,,,,,,1503.0,18.15999984741211,21.850000381469727,18.11000061035156,19.479999542236328,0.0,0.0,0.0,,^VIX
170,,2021-05-05,,,,,,,,,,,,,,,,,84.0,59.264047952726735,60.64479934406641,59.264047952726735,60.43685531616211,531800.0,0.0,0.0,0.0,VDE
171,,2021-05-05,,,,,,,,,,,,,,,,,1504.0,18.84000015258789,19.579999923706055,17.889999389648438,19.149999618530273,0.0,0.0,0.0,,^VIX
172,,2021-05-06,,,,,,,,,,,,,,,,,85.0,60.520033735214085,60.694705963134766,59.205825910727015,60.694705963134766,883100.0,0.0,0.0,0.0,VDE
173,,2021-05-06,,,,,,,,,,,,,,,,,1505.0,18.40999984741211,20.600000381469727,18.209999084472656,18.38999938964844,0.0,0.0,0.0,,^VIX
174,,2021-05-07,,,,,,,,,,,,,,,,,86.0,60.0375957870553,62.00890731811524,59.84628450256013,62.008907318115234,855600.0,0.0,0.0,0.0,VDE
175,,2021-05-07,,,,,,,,,,,,,,,,,1506.0,18.450000762939453,18.56999969482422,16.68000030517578,16.690000534057617,0.0,0.0,0.0,,^VIX
176,,2021-05-10,,,,,,,,,,,,,,,,,87.0,62.6493812451638,63.622557846855095,61.74274826049805,61.74274826049805,1887300.0,0.0,0.0,0.0,VDE
177,,2021-05-10,,,,,,,,,,,,,,,,,1507.0,17.34000015258789,19.75,17.06999969482422,19.65999984741211,0.0,0.0,0.0,,^VIX
178,,2021-05-11,,,,,,,,,,,,,,,,,88.0,60.43686960629381,61.46827045170558,59.77144602128321,60.44518280029297,1578500.0,0.0,0.0,0.0,VDE
179,,2021-05-11,,,,,,,,,,,,,,,,,1508.0,21.170000076293945,23.729999542236328,20.709999084472656,21.84000015258789,0.0,0.0,0.0,,^VIX
180,,2021-05-12,,,,,,,,,,,,,,,,,89.0,60.694706315080715,62.458067681047,60.345361857213625,60.63648223876953,1093300.0,0.0,0.0,0.0,VDE
181,,2021-05-12,,,,,,,,,,,,,,,,,1509.0,22.420000076293945,28.3799991607666,21.65999984741211,27.59000015258789,0.0,0.0,0.0,,^VIX
182,,2021-05-13,,,,,,,,,,,,,,,,,90.0,59.95443452167063,61.04405939479902,58.93966646610864,59.779762268066406,1260100.0,0.0,0.0,0.0,VDE
183,,2021-05-13,,,,,,,,,,,,,,,,,1510.0,26.030000686645508,28.93000030517578,22.229999542236328,23.1299991607666,0.0,0.0,0.0,,^VIX
184,,2021-05-14,,,,,,,,,,,,,,,,,91.0,60.544994716827894,62.00060317158541,60.544994716827894,61.80929183959961,1450800.0,0.0,0.0,0.0,VDE
185,,2021-05-14,,,,,,,,,,,,,,,,,1511.0,21.770000457763672,22.100000381469727,18.65999984741211,18.809999465942383,0.0,0.0,0.0,,^VIX
186,,2021-05-17,,,,,,,,,,,,,,,,,92.0,61.68452634574015,63.28984832763672,61.41835186830163,63.28984832763672,1011500.0,0.0,0.0,0.0,VDE
187,,2021-05-17,,,,,,,,,,,,,,,,,1512.0,19.88999938964844,21.579999923706055,19.670000076293945,19.719999313354492,0.0,0.0,0.0,,^VIX
188,,2021-05-18,,,,,,,,,,,,,,,,,93.0,63.223311689004525,63.42293620313888,61.75106423914783,61.85087966918945,751500.0,0.0,0.0,0.0,VDE
189,,2021-05-18,,,,,,,,,,,,,,,,,1513.0,18.88999938964844,21.450000762939453,18.809999465942383,21.34000015258789,0.0,0.0,0.0,,^VIX
190,,2021-05-19,,,,,,,,,,,,,,,,,94.0,60.39528724565415,60.99416729214994,59.447062620686,60.34538269042969,1027300.0,0.0,0.0,0.0,VDE
191,,2021-05-19,,,,,,,,,,,,,,,,,1514.0,22.459999084472656,25.959999084472656,21.8799991607666,22.18000030517578,0.0,0.0,0.0,,^VIX
192,,2021-05-20,,,,,,,,,,,,,,,,,95.0,60.2954683461295,60.52836471847838,59.37219605149632,60.28715515136719,842600.0,0.0,0.0,0.0,VDE
193,,2021-05-20,,,,,,,,,,,,,,,,,1515.0,22.329999923706055,23.5,20.190000534057617,20.670000076293945,0.0,0.0,0.0,,^VIX
194,,2021-05-21,,,,,,,,,,,,,,,,,96.0,60.952552443957984,61.32685550175461,60.37862489623871,60.43685531616211,621800.0,0.0,0.0,0.0,VDE
195,,2021-05-21,,,,,,,,,,,,,,,,,1516.0,20.420000076293945,20.88999938964844,19.530000686645508,20.149999618530273,0.0,0.0,0.0,,^VIX
196,,2021-05-24,,,,,,,,,,,,,,,,,97.0,60.82780414320213,61.11061141117269,60.08752367561912,60.95257186889648,655300.0,0.0,0.0,0.0,VDE
197,,2021-05-24,,,,,,,,,,,,,,,,,1517.0,20.5,20.510000228881836,18.3799991607666,18.399999618530273,0.0,0.0,0.0,,^VIX
198,,2021-05-25,,,,,,,,,,,,,,,,,98.0,60.91928362584276,60.97750770267371,59.58844305117208,59.704891204833984,772800.0,0.0,0.0,0.0,VDE
199,,2021-05-25,,,,,,,,,,,,,,,,,1518.0,18.350000381469727,19.290000915527344,16.8700008392334,18.84000015258789,0.0,0.0,0.0,,^VIX
200,,2021-05-26,,,,,,,,,,,,,,,,,99.0,59.76311995614523,60.52003936009988,59.49695182039227,60.3370475769043,548000.0,0.0,0.0,0.0,VDE
201,,2021-05-26,,,,,,,,,,,,,,,,,1519.0,18.3700008392334,18.920000076293945,17.350000381469727,17.360000610351562,0.0,0.0,0.0,,^VIX
202,,2021-05-27,,,,,,,,,,,,,,,,,100.0,60.60321499684921,61.1605035329451,60.15405508320587,60.453495025634766,416100.0,0.0,0.0,0.0,VDE
203,,2021-05-27,,,,,,,,,,,,,,,,,1520.0,18.030000686645508,18.170000076293945,16.520000457763672,16.739999771118164,0.0,0.0,0.0,,^VIX
204,,2021-05-28,,,,,,,,,,,,,,,,,101.0,60.81116284107522,60.81116284107522,60.23723519130369,60.520042419433594,608700.0,0.0,0.0,0.0,VDE
205,,2021-05-28,,,,,,,,,,,,,,,,,1521.0,16.799999237060547,16.860000610351562,15.899999618530272,16.760000228881836,0.0,0.0,0.0,,^VIX
206,5.0,2021-06-01,163.4,149.0,4.2,347.833,315.7,159.3,217.9,54.7,126.6,302.7,203.6,245.9,228.9,36.8,278.218,271.696,102.0,61.809289425763666,63.07359284510983,61.66788899013714,63.03200149536133,1145000.0,0.0,0.0,0.0,VDE
207,5.0,2021-06-01,163.4,149.0,4.2,347.833,315.7,159.3,217.9,54.7,126.6,302.7,203.6,245.9,228.9,36.8,278.218,271.696,1522.0,17.239999771118164,18.530000686645508,15.68000030517578,17.899999618530273,0.0,0.0,0.0,,^VIX
208,,2021-06-02,,,,,,,,,,,,,,,,,103.0,63.422931189675936,64.59573860264845,62.632746388642936,64.25470733642578,1083500.0,0.0,0.0,0.0,VDE
209,,2021-06-02,,,,,,,,,,,,,,,,,1523.0,17.860000610351562,18.309999465942383,16.739999771118164,17.479999542236328,0.0,0.0,0.0,,^VIX
210,,2021-06-03,,,,,,,,,,,,,,,,,104.0,64.05507862568143,64.8286306451264,63.589279698888475,64.44601440429688,842500.0,0.0,0.0,0.0,VDE
211,,2021-06-03,,,,,,,,,,,,,,,,,1524.0,17.729999542236328,19.270000457763672,17.450000762939453,18.040000915527344,0.0,0.0,0.0,,^VIX
212,,2021-06-04,,,,,,,,,,,,,,,,,105.0,64.87853652480848,65.21124823771507,63.96358407377644,64.92012786865234,845200.0,0.0,0.0,0.0,VDE
213,,2021-06-04,,,,,,,,,,,,,,,,,1525.0,18.09000015258789,18.420000076293945,16.18000030517578,16.420000076293945,0.0,0.0,0.0,,^VIX
214,,2021-06-07,,,,,,,,,,,,,,,,,106.0,64.98668057876993,65.34434464460362,64.64565559280737,64.68724060058594,859800.0,0.0,0.0,0.0,VDE
215,,2021-06-07,,,,,,,,,,,,,,,,,1526.0,17.34000015258789,17.350000381469727,15.779999732971191,16.420000076293945,0.0,0.0,0.0,,^VIX
216,,2021-06-08,,,,,,,,,,,,,,,,,107.0,64.61238145326784,65.46079046361729,63.71406155105121,65.26948547363281,903000.0,0.0,0.0,0.0,VDE
217,,2021-06-08,,,,,,,,,,,,,,,,,1527.0,16.579999923706055,17.75,15.149999618530272,17.06999969482422,0.0,0.0,0.0,,^VIX
218,,2021-06-09,,,,,,,,,,,,,,,,,108.0,65.58552470554757,65.81010773946991,64.87851650005669,64.92842102050781,741800.0,0.0,0.0,0.0,VDE
219,,2021-06-09,,,,,,,,,,,,,,,,,1528.0,17.18000030517578,17.959999084472656,15.550000190734863,17.889999389648438,0.0,0.0,0.0,,^VIX
220,,2021-06-10,,,,,,,,,,,,,,,,,109.0,65.7519159560116,66.0596691111066,64.08004389490243,64.82864379882812,919500.0,0.0,0.0,0.0,VDE
221,,2021-06-10,,,,,,,,,,,,,,,,,1529.0,18.18000030517578,18.290000915527344,16.010000228881836,16.100000381469727,0.0,0.0,0.0,,^VIX
222,,2021-06-11,,,,,,,,,,,,,,,,,110.0,65.17798905357677,65.48574855815404,64.63733320864883,64.67892456054688,957700.0,0.0,0.0,0.0,VDE
223,,2021-06-11,,,,,,,,,,,,,,,,,1530.0,16.18000030517578,16.200000762939453,15.149999618530272,15.649999618530272,0.0,0.0,0.0,,^VIX
224,,2021-06-14,,,,,,,,,,,,,,,,,111.0,65.08649400044976,65.45247759486217,63.96359729007917,64.3961181640625,1107700.0,0.0,0.0,0.0,VDE
225,,2021-06-14,,,,,,,,,,,,,,,,,1531.0,16.040000915527344,17.040000915527344,15.039999961853027,16.389999389648438,0.0,0.0,0.0,,^VIX
226,,2021-06-15,,,,,,,,,,,,,,,,,112.0,64.8369410095125,65.77685201394812,64.71217967790396,65.68535614013672,916700.0,0.0,0.0,0.0,VDE
227,,2021-06-15,,,,,,,,,,,,,,,,,1532.0,16.270000457763672,17.350000381469727,16.139999389648438,17.020000457763672,0.0,0.0,0.0,,^VIX
228,,2021-06-16,,,,,,,,,,,,,,,,,113.0,65.58553732439994,66.11787346478879,64.78703311381665,65.46076965332031,970200.0,0.0,0.0,0.0,VDE
229,,2021-06-16,,,,,,,,,,,,,,,,,1533.0,16.989999771118164,19.11000061035156,16.420000076293945,18.149999618530273,0.0,0.0,0.0,,^VIX
230,,2021-06-17,,,,,,,,,,,,,,,,,114.0,65.21123777408047,65.74357389093444,62.100397401350094,62.99871063232422,1630900.0,0.0,0.0,0.0,VDE
231,,2021-06-17,,,,,,,,,,,,,,,,,1534.0,18.489999771118164,19.219999313354492,16.709999084472656,17.75,0.0,0.0,0.0,,^VIX
232,,2021-06-18,,,,,,,,,,,,,,,,,115.0,61.626300148165086,62.54125911227289,61.18545974506728,61.23537063598633,1403500.0,0.0,0.0,0.0,VDE
233,,2021-06-18,,,,,,,,,,,,,,,,,1535.0,16.959999084472656,21.040000915527344,16.920000076293945,20.700000762939453,0.0,0.0,0.0,,^VIX
234,,2021-06-21,,,,,,,,,,,,,,,,,116.0,61.837972459937035,63.96134371658515,61.837972459937035,63.84384536743164,1250400.0,0.658,0.0,0.0,VDE
235,,2021-06-21,,,,,,,,,,,,,,,,,1536.0,21.739999771118164,21.81999969482422,17.809999465942383,17.889999389648438,0.0,0.0,0.0,,^VIX
236,,2021-06-22,,,,,,,,,,,,,,,,,117.0,63.75152073286194,64.5236545276042,63.00456423963833,64.31383514404297,780800.0,0.0,0.0,0.0,VDE
237,,2021-06-22,,,,,,,,,,,,,,,,,1537.0,17.90999984741211,18.31999969482422,15.760000228881836,16.65999984741211,0.0,0.0,0.0,,^VIX
238,,2021-06-23,,,,,,,,,,,,,,,,,118.0,64.9936357961774,65.67344835634445,64.47328156795444,64.49845886230469,634000.0,0.0,0.0,0.0,VDE
239,,2021-06-23,,,,,,,,,,,,,,,,,1538.0,16.25,16.84000015258789,14.859999656677246,16.31999969482422,0.0,0.0,0.0,,^VIX
240,,2021-06-24,,,,,,,,,,,,,,,,,119.0,64.85935952305269,65.18667721231947,64.22990144320445,65.08596801757812,766400.0,0.0,0.0,0.0,VDE
241,,2021-06-24,,,,,,,,,,,,,,,,,1539.0,15.989999771118164,16.049999237060547,14.1899995803833,15.970000267028809,0.0,0.0,0.0,,^VIX
242,,2021-06-25,,,,,,,,,,,,,,,,,120.0,65.4468708107459,65.54758002585768,65.01044286799485,65.3629379272461,576000.0,0.0,0.0,0.0,VDE
243,,2021-06-25,,,,,,,,,,,,,,,,,1540.0,16.040000915527344,16.170000076293945,15.210000038146973,15.619999885559082,0.0,0.0,0.0,,^VIX
244,,2021-06-28,,,,,,,,,,,,,,,,,121.0,65.21185441909736,65.21185441909736,62.92063059745907,63.19759368896485,790900.0,0.0,0.0,0.0,VDE
245,,2021-06-28,,,,,,,,,,,,,,,,,1541.0,16.06999969482422,16.459999084472656,15.390000343322754,15.760000228881836,0.0,0.0,0.0,,^VIX
246,,2021-06-29,,,,,,,,,,,,,,,,,122.0,63.66759455370754,63.98651771304688,62.84509974895524,62.86188888549805,1041000.0,0.0,0.0,0.0,VDE
247,,2021-06-29,,,,,,,,,,,,,,,,,1542.0,15.6899995803833,16.309999465942383,14.100000381469728,16.020000457763672,0.0,0.0,0.0,,^VIX
248,,2021-06-30,,,,,,,,,,,,,,,,,123.0,63.18919909986733,63.927760940448955,63.096878069397285,63.69276428222656,653400.0,0.0,0.0,0.0,VDE
249,,2021-06-30,,,,,,,,,,,,,,,,,1543.0,16.18000030517578,17.309999465942383,15.579999923706056,15.829999923706056,0.0,0.0,0.0,,^VIX
250,6.0,2021-07-01,163.969,150.071,4.7,348.469,313.542,159.929,219.492,54.548,127.824,304.644,207.506,246.629,231.85,36.6,279.146,273.003,124.0,65.23704415980889,65.37971980081777,64.30544560445568,64.84258270263672,916100.0,0.0,0.0,0.0,VDE
251,6.0,2021-07-01,163.969,150.071,4.7,348.469,313.542,159.929,219.492,54.548,127.824,304.644,207.506,246.629,231.85,36.6,279.146,273.003,1544.0,15.619999885559082,16.010000228881836,15.3100004196167,15.479999542236328,0.0,0.0,0.0,,^VIX
252,,2021-07-02,,,,,,,,,,,,,,,,,125.0,64.77545766461984,64.84260142207104,64.03689554219996,64.63278198242188,481600.0,0.0,0.0,0.0,VDE
253,,2021-07-02,,,,,,,,,,,,,,,,,1545.0,15.529999732971191,15.539999961853027,14.25,15.06999969482422,0.0,0.0,0.0,,^VIX
254,,2021-07-06,,,,,,,,,,,,,,,,,126.0,64.6159783450679,64.6159783450679,62.17368394512714,62.49260711669922,986200.0,0.0,0.0,0.0,VDE
255,,2021-07-06,,,,,,,,,,,,,,,,,1546.0,15.770000457763672,17.940000534057617,15.729999542236328,16.440000534057617,0.0,0.0,0.0,,^VIX
256,,2021-07-07,,,,,,,,,,,,,,,,,127.0,62.35830362736255,63.00454430688091,60.69653181789368,61.38473892211914,983800.0,0.0,0.0,0.0,VDE
257,,2021-07-07,,,,,,,,,,,,,,,,,1547.0,16.43000030517578,17.639999389648438,16.079999923706055,16.200000762939453,0.0,0.0,0.0,,^VIX
258,,2021-07-08,,,,,,,,,,,,,,,,,128.0,60.218157939760125,61.78760909991987,60.12583690662256,61.19172286987305,884900.0,0.0,0.0,0.0,VDE
259,,2021-07-08,,,,,,,,,,,,,,,,,1548.0,17.739999771118164,21.290000915527344,17.739999771118164,19.0,0.0,0.0,0.0,,^VIX
260,,2021-07-09,,,,,,,,,,,,,,,,,129.0,62.00582458915786,62.61010546428786,61.27565720102553,62.49260711669922,639400.0,0.0,0.0,0.0,VDE
261,,2021-07-09,,,,,,,,,,,,,,,,,1549.0,17.8799991607666,18.1299991607666,16.079999923706055,16.18000030517578,0.0,0.0,0.0,,^VIX
262,,2021-07-12,,,,,,,,,,,,,,,,,130.0,61.84635233188829,62.81151619869704,61.40992450744524,62.42544937133789,2738100.0,0.0,0.0,0.0,VDE
263,,2021-07-12,,,,,,,,,,,,,,,,,1550.0,16.850000381469727,17.520000457763672,16.139999389648438,16.170000076293945,0.0,0.0,0.0,,^VIX
264,,2021-07-13,,,,,,,,,,,,,,,,,131.0,62.098138056239264,62.44224489159976,61.51904095755731,61.89671325683594,925100.0,0.0,0.0,0.0,VDE
265,,2021-07-13,,,,,,,,,,,,,,,,,1551.0,16.389999389648438,17.229999542236328,15.9399995803833,17.1200008392334,0.0,0.0,0.0,,^VIX
266,,2021-07-14,,,,,,,,,,,,,,,,,132.0,62.1652850068214,62.80313770830942,59.714596210550674,59.924415588378906,1097400.0,0.0,0.0,0.0,VDE
267,,2021-07-14,,,,,,,,,,,,,,,,,1552.0,17.34000015258789,17.510000228881836,15.949999809265137,16.329999923706055,0.0,0.0,0.0,,^VIX
268,,2021-07-15,,,,,,,,,,,,,,,,,133.0,59.27817271906364,60.05870111864989,58.79139659278533,59.07674789428711,1247200.0,0.0,0.0,0.0,VDE
269,,2021-07-15,,,,,,,,,,,,,,,,,1553.0,16.700000762939453,18.09000015258789,16.559999465942383,17.010000228881836,0.0,0.0,0.0,,^VIX
270,,2021-07-16,,,,,,,,,,,,,,,,,134.0,59.59708873006174,59.59708873006174,57.25550406427563,57.40657424926758,1309800.0,0.0,0.0,0.0,VDE
271,,2021-07-16,,,,,,,,,,,,,,,,,1554.0,16.799999237060547,18.700000762939453,16.030000686645508,18.450000762939453,0.0,0.0,0.0,,^VIX
272,,2021-07-19,,,,,,,,,,,,,,,,,135.0,55.350337279891455,56.06372813200142,54.50267178798734,55.26641082763672,3126700.0,0.0,0.0,0.0,VDE
273,,2021-07-19,,,,,,,,,,,,,,,,,1555.0,19.61000061035156,25.09000015258789,19.270000457763672,22.5,0.0,0.0,0.0,,^VIX
274,,2021-07-20,,,,,,,,,,,,,,,,,136.0,55.40071612803514,56.718381702936234,54.90553901474674,56.16445541381836,3834700.0,0.0,0.0,0.0,VDE
275,,2021-07-20,,,,,,,,,,,,,,,,,1556.0,20.88999938964844,22.969999313354492,19.3700008392334,19.729999542236328,0.0,0.0,0.0,,^VIX
276,,2021-07-21,,,,,,,,,,,,,,,,,137.0,57.27230450326888,58.715863072170954,57.24712719851505,58.20390319824219,1419600.0,0.0,0.0,0.0,VDE
277,,2021-07-21,,,,,,,,,,,,,,,,,1557.0,19.729999542236328,19.81999969482422,17.809999465942383,17.90999984741211,0.0,0.0,0.0,,^VIX
278,,2021-07-22,,,,,,,,,,,,,,,,,138.0,58.11156747940727,58.187105777784986,57.012116094763115,57.557647705078125,1725900.0,0.0,0.0,0.0,VDE
279,,2021-07-22,,,,,,,,,,,,,,,,,1558.0,17.59000015258789,18.450000762939453,17.399999618530273,17.690000534057617,0.0,0.0,0.0,,^VIX
280,,2021-07-23,,,,,,,,,,,,,,,,,139.0,57.64996759877463,57.64996759877463,56.659619994435026,57.26390075683594,1069000.0,0.0,0.0,0.0,VDE
281,,2021-07-23,,,,,,,,,,,,,,,,,1559.0,16.979999542236328,17.479999542236328,16.329999923706055,17.200000762939453,0.0,0.0,0.0,,^VIX
282,,2021-07-26,,,,,,,,,,,,,,,,,140.0,57.41498578852006,59.00121999825568,57.41498578852006,58.71586227416992,1493500.0,0.0,0.0,0.0,VDE
283,,2021-07-26,,,,,,,,,,,,,,,,,1560.0,18.670000076293945,19.38999938964844,17.530000686645508,17.579999923706055,0.0,0.0,0.0,,^VIX
284,,2021-07-27,,,,,,,,,,,,,,,,,141.0,58.245869256776245,58.245869256776245,57.39819705097654,57.994083404541016,1300700.0,0.0,0.0,0.0,VDE
285,,2021-07-27,,,,,,,,,,,,,,,,,1561.0,18.6200008392334,20.440000534057617,18.25,19.36000061035156,0.0,0.0,0.0,,^VIX
286,,2021-07-28,,,,,,,,,,,,,,,,,142.0,58.25424882673655,59.06834254589993,57.59960706011807,58.56477737426758,890300.0,0.0,0.0,0.0,VDE
287,,2021-07-28,,,,,,,,,,,,,,,,,1562.0,19.40999984741211,19.6200008392334,17.520000457763672,18.309999465942383,0.0,0.0,0.0,,^VIX
288,,2021-07-29,,,,,,,,,,,,,,,,,143.0,59.303349720518575,59.496379954846006,58.682279775970215,59.03477478027344,1124400.0,0.0,0.0,0.0,VDE
289,,2021-07-29,,,,,,,,,,,,,,,,,1563.0,17.90999984741211,18.010000228881836,17.190000534057617,17.700000762939453,0.0,0.0,0.0,,^VIX
290,,2021-07-30,,,,,,,,,,,,,,,,,144.0,58.89209190619718,59.11030581673237,57.784246026586715,58.15353012084961,1231600.0,0.0,0.0,0.0,VDE
291,,2021-07-30,,,,,,,,,,,,,,,,,1564.0,19.690000534057617,19.719999313354492,17.530000686645508,18.239999771118164,0.0,0.0,0.0,,^VIX
292,7.0,2021-08-01,166.08,150.884,4.6,349.71,313.083,164.691,220.114,54.766,128.755,304.955,211.209,246.652,233.415,36.6,279.507,273.567,,,,,,,,,,
293,,2021-08-02,,,,,,,,,,,,,,,,,145.0,58.14514743667092,59.61388314404771,57.54086657827003,57.6667594909668,1247300.0,0.0,0.0,0.0,VDE
294,,2021-08-02,,,,,,,,,,,,,,,,,1565.0,18.15999984741211,19.8700008392334,17.989999771118164,19.459999084472656,0.0,0.0,0.0,,^VIX
295,,2021-08-03,,,,,,,,,,,,,,,,,146.0,57.44854376534503,58.72424918336004,56.82748019254208,58.61513900756836,1359400.0,0.0,0.0,0.0,VDE
296,,2021-08-03,,,,,,,,,,,,,,,,,1566.0,19.170000076293945,20.440000534057617,17.700000762939453,18.040000915527344,0.0,0.0,0.0,,^VIX
297,,2021-08-04,,,,,,,,,,,,,,,,,147.0,57.53247034214127,58.2206775780683,56.810691240659445,56.861045837402344,1272500.0,0.0,0.0,0.0,VDE
298,,2021-08-04,,,,,,,,,,,,,,,,,1567.0,18.229999542236328,18.899999618530273,17.670000076293945,17.969999313354492,0.0,0.0,0.0,,^VIX
299,,2021-08-05,,,,,,,,,,,,,,,,,148.0,57.15478542487257,58.35495227408158,57.02050438047398,57.59121322631836,1708400.0,0.0,0.0,0.0,VDE
300,,2021-08-05,,,,,,,,,,,,,,,,,1568.0,17.729999542236328,17.84000015258789,17.229999542236328,17.280000686645508,0.0,0.0,0.0,,^VIX
301,,2021-08-06,,,,,,,,,,,,,,,,,149.0,58.128349660475585,58.606737482380865,57.817814743275434,58.13673782348633,931600.0,0.0,0.0,0.0,VDE
302,,2021-08-06,,,,,,,,,,,,,,,,,1569.0,17.459999084472656,17.5,16.139999389648438,16.149999618530273,0.0,0.0,0.0,,^VIX
303,,2021-08-09,,,,,,,,,,,,,,,,,150.0,57.35622435995034,57.742297665503344,56.86944825019737,57.33104705810547,1053400.0,0.0,0.0,0.0,VDE
304,,2021-08-09,,,,,,,,,,,,,,,,,1570.0,17.1200008392334,17.389999389648438,16.59000015258789,16.719999313354492,0.0,0.0,0.0,,^VIX
305,,2021-08-10,,,,,,,,,,,,,,,,,151.0,57.6331860559686,58.58996192140049,57.6331860559686,58.45568084716797,933600.0,0.0,0.0,0.0,VDE
306,,2021-08-10,,,,,,,,,,,,,,,,,1571.0,16.81999969482422,17.049999237060547,16.34000015258789,16.790000915527344,0.0,0.0,0.0,,^VIX
307,,2021-08-11,,,,,,,,,,,,,,,,,152.0,58.33818991788188,58.92568169825121,57.82623005076852,58.81657791137695,1108000.0,0.0,0.0,0.0,VDE
308,,2021-08-11,,,,,,,,,,,,,,,,,1572.0,16.809999465942383,17.09000015258789,16.06999969482422,16.170000076293945,0.0,0.0,0.0,,^VIX
309,,2021-08-12,,,,,,,,,,,,,,,,,153.0,58.7578226636073,59.12710042890125,58.02764889499283,58.72425079345703,641300.0,0.0,0.0,0.0,VDE
310,,2021-08-12,,,,,,,,,,,,,,,,,1573.0,16.329999923706055,16.420000076293945,15.489999771118164,15.59000015258789,0.0,0.0,0.0,,^VIX
311,,2021-08-13,,,,,,,,,,,,,,,,,154.0,58.640312031781114,58.657094761749725,57.80103466343079,57.842994689941406,758300.0,0.0,0.0,0.0,VDE
312,,2021-08-13,,,,,,,,,,,,,,,,,1574.0,15.68000030517578,15.720000267028809,15.1899995803833,15.449999809265137,0.0,0.0,0.0,,^VIX
313,,2021-08-16,,,,,,,,,,,,,,,,,155.0,57.138009482308185,57.138009482308185,56.307120208886595,56.70997619628906,975200.0,0.0,0.0,0.0,VDE
314,,2021-08-16,,,,,,,,,,,,,,,,,1575.0,17.049999237060547,17.709999084472656,16.020000457763672,16.1200008392334,0.0,0.0,0.0,,^VIX
315,,2021-08-17,,,,,,,,,,,,,,,,,156.0,56.24838354339414,57.17998221829374,55.74481824962736,56.307132720947266,1078700.0,0.0,0.0,0.0,VDE
316,,2021-08-17,,,,,,,,,,,,,,,,,1576.0,17.309999465942383,19.559999465942383,16.709999084472656,17.90999984741211,0.0,0.0,0.0,,^VIX
317,,2021-08-18,,,,,,,,,,,,,,,,,157.0,56.23158416019985,56.72675473823428,54.997845393669046,55.08177185058594,1161600.0,0.0,0.0,0.0,VDE
318,,2021-08-18,,,,,,,,,,,,,,,,,1577.0,17.559999465942383,21.63999938964844,17.309999465942383,21.56999969482422,0.0,0.0,0.0,,^VIX
319,,2021-08-19,,,,,,,,,,,,,,,,,158.0,54.03268054586905,54.443931111376784,52.807336223189935,53.53750991821289,2666200.0,0.0,0.0,0.0,VDE
320,,2021-08-19,,,,,,,,,,,,,,,,,1578.0,23.1200008392334,24.739999771118164,20.3700008392334,21.670000076293945,0.0,0.0,0.0,,^VIX
321,,2021-08-20,,,,,,,,,,,,,,,,,159.0,53.09269487933329,54.041079380038234,52.916447367277144,53.74733352661133,1235900.0,0.0,0.0,0.0,VDE
322,,2021-08-20,,,,,,,,,,,,,,,,,1579.0,22.739999771118164,23.899999618530273,18.18000030517578,18.559999465942383,0.0,0.0,0.0,,^VIX
323,,2021-08-23,,,,,,,,,,,,,,,,,160.0,55.0733950944139,55.96302724772234,54.981074051729486,55.77838516235352,1029400.0,0.0,0.0,0.0,VDE
324,,2021-08-23,,,,,,,,,,,,,,,,,1580.0,18.829999923706055,18.950000762939453,16.950000762939453,17.149999618530273,0.0,0.0,0.0,,^VIX
325,,2021-08-24,,,,,,,,,,,,,,,,,161.0,56.298731456298306,57.05408242279542,56.20641042688318,56.76033020019531,975700.0,0.0,0.0,0.0,VDE
326,,2021-08-24,,,,,,,,,,,,,,,,,1581.0,16.959999084472656,17.510000228881836,16.940000534057617,17.219999313354492,0.0,0.0,0.0,,^VIX
327,,2021-08-25,,,,,,,,,,,,,,,,,162.0,56.693197847710586,57.61640181970366,56.26516452860156,57.25551223754883,784800.0,0.0,0.0,0.0,VDE
328,,2021-08-25,,,,,,,,,,,,,,,,,1582.0,17.420000076293945,17.5,16.459999084472656,16.790000915527344,0.0,0.0,0.0,,^VIX
329,,2021-08-26,,,,,,,,,,,,,,,,,163.0,56.96176244881708,57.28068557250132,56.290337932117005,56.42462539672851,716800.0,0.0,0.0,0.0,VDE
330,,2021-08-26,,,,,,,,,,,,,,,,,1583.0,17.459999084472656,19.270000457763672,17.15999984741211,18.84000015258789,0.0,0.0,0.0,,^VIX
331,,2021-08-27,,,,,,,,,,,,,,,,,164.0,57.07086621287708,58.49763530692751,57.07086621287708,58.111568450927734,877100.0,0.0,0.0,0.0,VDE
332,,2021-08-27,,,,,,,,,,,,,,,,,1584.0,17.950000762939453,18.219999313354492,16.110000610351562,16.389999389648438,0.0,0.0,0.0,,^VIX
333,,2021-08-30,,,,,,,,,,,,,,,,,165.0,58.45567516414916,58.556384359237846,57.37300649469475,57.38140106201172,692300.0,0.0,0.0,0.0,VDE
334,,2021-08-30,,,,,,,,,,,,,,,,,1585.0,16.770000457763672,16.799999237060547,15.979999542236328,16.190000534057617,0.0,0.0,0.0,,^VIX
335,,2021-08-31,,,,,,,,,,,,,,,,,166.0,57.07926559448242,57.649974560874,56.844268914764584,57.07926559448242,830700.0,0.0,0.0,0.0,VDE
336,,2021-08-31,,,,,,,,,,,,,,,,,1586.0,15.979999542236328,17.06999969482422,15.90999984741211,16.479999542236328,0.0,0.0,0.0,,^VIX
337,8.0,2021-09-01,168.53,152.183,4.6,351.255,317.136,169.568,221.869,54.875,129.116,315.88,210.931,246.911,235.678,36.5,279.884,274.31,167.0,57.05408248026935,57.23032997209978,56.18123318512437,56.365875244140625,877900.0,0.0,0.0,0.0,VDE
338,8.0,2021-09-01,168.53,152.183,4.6,351.255,317.136,169.568,221.869,54.875,129.116,315.88,210.931,246.911,235.678,36.5,279.884,274.31,1587.0,16.059999465942383,16.709999084472656,15.68000030517578,16.110000610351562,0.0,0.0,0.0,,^VIX
339,,2021-09-02,,,,,,,,,,,,,,,,,168.0,56.936584511387025,58.32978828348264,56.936584511387025,57.834617614746094,1081400.0,0.0,0.0,0.0,VDE
340,,2021-09-02,,,,,,,,,,,,,,,,,1588.0,16.270000457763672,16.979999542236328,15.729999542236328,16.40999984741211,0.0,0.0,0.0,,^VIX
341,,2021-09-03,,,,,,,,,,,,,,,,,169.0,57.75069135007678,58.19550746699391,57.2806979289085,57.57444381713867,616600.0,0.0,0.0,0.0,VDE
342,,2021-09-03,,,,,,,,,,,,,,,,,1589.0,16.270000457763672,17.059999465942383,16.079999923706055,16.40999984741211,0.0,0.0,0.0,,^VIX
343,,2021-09-07,,,,,,,,,,,,,,,,,170.0,57.19675990929119,58.01924823042348,57.037295143627674,57.23871994018555,726800.0,0.0,0.0,0.0,VDE
344,,2021-09-07,,,,,,,,,,,,,,,,,1590.0,16.940000534057617,18.38999938964844,16.889999389648438,18.13999938964844,0.0,0.0,0.0,,^VIX
345,,2021-09-08,,,,,,,,,,,,,,,,,171.0,57.55764518310594,57.918534718438785,56.50015387440392,56.53372573852539,855400.0,0.0,0.0,0.0,VDE
346,,2021-09-08,,,,,,,,,,,,,,,,,1591.0,18.969999313354492,19.63999938964844,17.780000686645508,17.959999084472656,0.0,0.0,0.0,,^VIX
347,,2021-09-09,,,,,,,,,,,,,,,,,172.0,56.18123459867187,57.49050537274192,55.90427150317897,56.63444519042969,790100.0,0.0,0.0,0.0,VDE
348,,2021-09-09,,,,,,,,,,,,,,,,,1592.0,19.440000534057617,19.540000915527344,17.170000076293945,18.799999237060547,0.0,0.0,0.0,,^VIX
349,,2021-09-10,,,,,,,,,,,,,,,,,173.0,57.57443083258307,57.57443083258307,56.458190305870026,56.5756950378418,616400.0,0.0,0.0,0.0,VDE
350,,2021-09-10,,,,,,,,,,,,,,,,,1593.0,17.940000534057617,21.1299991607666,16.989999771118164,20.950000762939453,0.0,0.0,0.0,,^VIX
351,,2021-09-13,,,,,,,,,,,,,,,,,174.0,57.398191838302985,58.69907461807701,57.398191838302985,58.32139587402344,1694800.0,0.0,0.0,0.0,VDE
352,,2021-09-13,,,,,,,,,,,,,,,,,1594.0,19.63999938964844,21.18000030517578,18.760000228881836,19.3700008392334,0.0,0.0,0.0,,^VIX
353,,2021-09-14,,,,,,,,,,,,,,,,,175.0,58.79977426893197,58.92566716315165,57.12961398827475,57.34782791137695,764800.0,0.0,0.0,0.0,VDE
354,,2021-09-14,,,,,,,,,,,,,,,,,1595.0,19.579999923706055,20.469999313354492,18.38999938964844,19.459999084472656,0.0,0.0,0.0,,^VIX
355,,2021-09-15,,,,,,,,,,,,,,,,,176.0,58.212298499137624,59.706211696322136,58.20390392972076,59.65585708618164,912000.0,0.0,0.0,0.0,VDE
356,,2021-09-15,,,,,,,,,,,,,,,,,1596.0,19.299999237060547,20.270000457763672,18.010000228881836,18.18000030517578,0.0,0.0,0.0,,^VIX
357,,2021-09-16,,,,,,,,,,,,,,,,,177.0,59.58031632593905,59.58031632593905,58.58996848028912,58.99282455444336,635300.0,0.0,0.0,0.0,VDE
358,,2021-09-16,,,,,,,,,,,,,,,,,1597.0,18.40999984741211,19.760000228881836,17.649999618530273,18.690000534057617,0.0,0.0,0.0,,^VIX
359,,2021-09-17,,,,,,,,,,,,,,,,,178.0,58.67389320969602,59.49638157547406,58.271037191533885,58.44728469848633,683000.0,0.0,0.0,0.0,VDE
360,,2021-09-17,,,,,,,,,,,,,,,,,1598.0,18.3700008392334,21.510000228881836,18.350000381469727,20.809999465942383,0.0,0.0,0.0,,^VIX
361,,2021-09-20,,,,,,,,,,,,,,,,,179.0,56.86105051531171,57.331043865387734,55.744809905702006,56.6848030090332,1181700.0,0.0,0.0,0.0,VDE
362,,2021-09-20,,,,,,,,,,,,,,,,,1599.0,24.25,28.790000915527344,23.899999618530273,25.709999084472656,0.0,0.0,0.0,,^VIX
363,,2021-09-21,,,,,,,,,,,,,,,,,180.0,57.42336978245971,57.68355018323049,56.156065262494394,56.84427261352539,1305700.0,0.0,0.0,0.0,VDE
364,,2021-09-21,,,,,,,,,,,,,,,,,1600.0,23.40999984741211,25.600000381469727,21.709999084472656,24.36000061035156,0.0,0.0,0.0,,^VIX
365,,2021-09-22,,,,,,,,,,,,,,,,,181.0,57.775856110088554,59.26138077017134,57.775856110088554,58.57317352294922,929100.0,0.0,0.0,0.0,VDE
366,,2021-09-22,,,,,,,,,,,,,,,,,1601.0,22.719999313354492,23.399999618530273,20.75,20.8700008392334,0.0,0.0,0.0,,^VIX
367,,2021-09-23,,,,,,,,,,,,,,,,,182.0,58.99280218622548,60.78885509599697,58.707444574569024,60.621002197265625,833700.0,0.0,0.0,0.0,VDE
368,,2021-09-23,,,,,,,,,,,,,,,,,1602.0,19.90999984741211,20.209999084472656,18.420000076293945,18.6299991607666,0.0,0.0,0.0,,^VIX
369,,2021-09-24,,,,,,,,,,,,,,,,,183.0,60.251733238139735,61.39315116450288,60.19298406854072,61.116188049316406,797000.0,0.0,0.0,0.0,VDE
370,,2021-09-24,,,,,,,,,,,,,,,,,1603.0,19.329999923706055,20.40999984741211,17.6299991607666,17.75,0.0,0.0,0.0,,^VIX
371,,2021-09-27,,,,,,,,,,,,,,,,,184.0,62.44226287846053,63.73475131970042,62.30797537139006,63.466182708740234,1402800.0,0.0,0.0,0.0,VDE
372,,2021-09-27,,,,,,,,,,,,,,,,,1604.0,17.780000686645508,19.31999969482422,17.739999771118164,18.760000228881836,0.0,0.0,0.0,,^VIX
373,,2021-09-28,,,,,,,,,,,,,,,,,185.0,64.27186962246677,64.80900668627474,63.48294675860803,63.57526779174805,1450200.0,0.0,0.0,0.0,VDE
374,,2021-09-28,,,,,,,,,,,,,,,,,1605.0,19.739999771118164,24.81999969482422,19.709999084472656,23.25,0.0,0.0,0.0,,^VIX
375,,2021-09-29,,,,,,,,,,,,,,,,,186.0,63.51834113788603,63.91766827831928,62.728184972095,63.56931686401367,1076800.0,0.923,0.0,0.0,VDE
376,,2021-09-29,,,,,,,,,,,,,,,,,1606.0,22.06999969482422,23.790000915527344,21.450000762939453,22.559999465942383,0.0,0.0,0.0,,^VIX
377,,2021-09-30,,,,,,,,,,,,,,,,,187.0,63.492849294019635,63.849692318865216,62.64321934029465,62.787654876708984,1757200.0,0.0,0.0,0.0,VDE
378,,2021-09-30,,,,,,,,,,,,,,,,,1607.0,21.479999542236328,24.709999084472656,20.600000381469727,23.13999938964844,0.0,0.0,0.0,,^VIX
379,9.0,2021-10-01,171.823,153.481,4.8,352.892,322.12,173.847,225.478,54.947,130.097,324.406,210.811,247.238,240.465,36.2,281.617,276.589,188.0,63.32292453519627,64.82677330492352,63.161492756640904,64.72481536865234,1192300.0,0.0,0.0,0.0,VDE
380,9.0,2021-10-01,171.823,153.481,4.8,352.892,322.12,173.847,225.478,54.947,130.097,324.406,210.811,247.238,240.465,36.2,281.617,276.589,1608.0,24.780000686645508,24.88999938964844,20.850000381469727,21.100000381469727,0.0,0.0,0.0,,^VIX
381,,2021-10-04,,,,,,,,,,,,,,,,,189.0,65.42151949541962,66.60250484825737,65.26858581393599,65.92279815673828,2612300.0,0.0,0.0,0.0,VDE
382,,2021-10-04,,,,,,,,,,,,,,,,,1609.0,22.899999618530273,24.579999923706055,21.8799991607666,22.959999084472656,0.0,0.0,0.0,,^VIX
383,,2021-10-05,,,,,,,,,,,,,,,,,190.0,66.88288143931901,67.46912827323392,65.44700451899439,66.24565887451172,1474000.0,0.0,0.0,0.0,VDE
384,,2021-10-05,,,,,,,,,,,,,,,,,1610.0,22.920000076293945,23.170000076293945,20.6200008392334,21.299999237060547,0.0,0.0,0.0,,^VIX
385,,2021-10-06,,,,,,,,,,,,,,,,,191.0,65.20061440016002,65.84633511435169,64.23203656995425,65.37903594970703,1439200.0,0.0,0.0,0.0,VDE
386,,2021-10-06,,,,,,,,,,,,,,,,,1611.0,22.950000762939453,24.399999618530273,20.989999771118164,21.0,0.0,0.0,0.0,,^VIX
387,,2021-10-07,,,,,,,,,,,,,,,,,192.0,65.54896286192128,66.4155827031823,65.20061141293468,66.07572937011719,923300.0,0.0,0.0,0.0,VDE
388,,2021-10-07,,,,,,,,,,,,,,,,,1612.0,20.540000915527344,20.760000228881836,19.06999969482422,19.540000915527344,0.0,0.0,0.0,,^VIX
389,,2021-10-08,,,,,,,,,,,,,,,,,193.0,66.72995102935961,68.13184203695828,66.72995102935961,67.9364242553711,1569000.0,0.0,0.0,0.0,VDE
390,,2021-10-08,,,,,,,,,,,,,,,,,1613.0,19.459999084472656,19.940000534057617,18.200000762939453,18.770000457763672,0.0,0.0,0.0,,^VIX
391,,2021-10-11,,,,,,,,,,,,,,,,,194.0,68.99844084621056,69.21934642703597,67.64753246667071,67.69001007080078,1539000.0,0.0,0.0,0.0,VDE
392,,2021-10-11,,,,,,,,,,,,,,,,,1614.0,19.93000030517578,20.450000762939453,18.11000061035156,20.0,0.0,0.0,0.0,,^VIX
393,,2021-10-12,,,,,,,,,,,,,,,,,195.0,67.6305641255986,68.42921860562868,67.28221910658736,67.74102020263672,1414800.0,0.0,0.0,0.0,VDE
394,,2021-10-12,,,,,,,,,,,,,,,,,1615.0,20.6200008392334,20.809999465942383,18.969999313354492,19.850000381469727,0.0,0.0,0.0,,^VIX
395,,2021-10-13,,,,,,,,,,,,,,,,,196.0,67.18025820379786,68.03838650227048,66.39859999239897,67.70703125,2041600.0,0.0,0.0,0.0,VDE
396,,2021-10-13,,,,,,,,,,,,,,,,,1616.0,20.13999938964844,20.229999542236328,18.440000534057617,18.63999938964844,0.0,0.0,0.0,,^VIX
397,,2021-10-14,,,,,,,,,,,,,,,,,197.0,68.54814910888672,68.8625145445271,67.91942471976847,68.54814910888672,892700.0,0.0,0.0,0.0,VDE
398,,2021-10-14,,,,,,,,,,,,,,,,,1617.0,18.010000228881836,18.079999923706055,16.799999237060547,16.860000610351562,0.0,0.0,0.0,,^VIX
399,,2021-10-15,,,,,,,,,,,,,,,,,198.0,69.39779047935495,69.6611737499233,68.87101745605469,68.87101745605469,951700.0,0.0,0.0,0.0,VDE
400,,2021-10-15,,,,,,,,,,,,,,,,,1618.0,16.639999389648438,16.850000381469727,15.720000267028809,16.299999237060547,0.0,0.0,0.0,,^VIX
401,,2021-10-18,,,,,,,,,,,,,,,,,199.0,69.5762038082054,70.13696274887391,68.65860180465484,69.04943084716797,1473300.0,0.0,0.0,0.0,VDE
402,,2021-10-18,,,,,,,,,,,,,,,,,1619.0,17.290000915527344,17.93000030517578,16.270000457763672,16.309999465942383,0.0,0.0,0.0,,^VIX
403,,2021-10-19,,,,,,,,,,,,,,,,,200.0,69.42328340984349,70.0180284438169,68.93049633425058,69.754638671875,852600.0,0.0,0.0,0.0,VDE
404,,2021-10-19,,,,,,,,,,,,,,,,,1620.0,16.09000015258789,16.309999465942383,15.56999969482422,15.699999809265137,0.0,0.0,0.0,,^VIX
405,,2021-10-20,,,,,,,,,,,,,,,,,201.0,69.2193622939955,70.34087371826172,68.98995854689392,70.34087371826172,1122400.0,0.0,0.0,0.0,VDE
406,,2021-10-20,,,,,,,,,,,,,,,,,1621.0,15.81999969482422,15.890000343322754,15.289999961853027,15.489999771118164,0.0,0.0,0.0,,^VIX
407,,2021-10-21,,,,,,,,,,,,,,,,,202.0,69.76314462463567,70.03502606202353,68.46321129955727,69.02396392822266,1080700.0,0.0,0.0,0.0,VDE
408,,2021-10-21,,,,,,,,,,,,,,,,,1622.0,16.059999465942383,16.110000610351562,14.920000076293944,15.010000228881836,0.0,0.0,0.0,,^VIX
409,,2021-10-22,,,,,,,,,,,,,,,,,203.0,69.32131400902892,69.75462715791663,68.5906381154844,69.70365142822266,626600.0,0.0,0.0,0.0,VDE
410,,2021-10-22,,,,,,,,,,,,,,,,,1623.0,15.350000381469728,16.389999389648438,14.84000015258789,15.43000030517578,0.0,0.0,0.0,,^VIX
411,,2021-10-25,,,,,,,,,,,,,,,,,204.0,70.51927362670666,71.28394174559713,70.24739234911905,70.81664276123047,993200.0,0.0,0.0,0.0,VDE
412,,2021-10-25,,,,,,,,,,,,,,,,,1624.0,16.139999389648438,16.329999923706055,15.100000381469728,15.239999771118164,0.0,0.0,0.0,,^VIX
413,,2021-10-26,,,,,,,,,,,,,,,,,205.0,70.9781011698275,71.54735179584898,70.73170765658759,71.13103485107422,912300.0,0.0,0.0,0.0,VDE
414,,2021-10-26,,,,,,,,,,,,,,,,,1625.0,15.020000457763672,16.709999084472656,14.899999618530272,15.979999542236328,0.0,0.0,0.0,,^VIX
415,,2021-10-27,,,,,,,,,,,,,,,,,206.0,70.36637567982324,70.78269267923604,68.8455367839847,69.04095458984375,1025300.0,0.0,0.0,0.0,VDE
416,,2021-10-27,,,,,,,,,,,,,,,,,1626.0,15.789999961853027,17.290000915527344,15.539999961853027,16.979999542236328,0.0,0.0,0.0,,^VIX
417,,2021-10-28,,,,,,,,,,,,,,,,,207.0,68.59913844162517,69.54222845344648,68.59913844162517,69.44876861572266,805100.0,0.0,0.0,0.0,VDE
418,,2021-10-28,,,,,,,,,,,,,,,,,1627.0,17.059999465942383,17.15999984741211,16.229999542236328,16.530000686645508,0.0,0.0,0.0,,^VIX
419,,2021-10-29,,,,,,,,,,,,,,,,,208.0,69.70364672661537,69.92455234399382,68.66709707833476,69.00695037841797,912300.0,0.0,0.0,0.0,VDE
420,,2021-10-29,,,,,,,,,,,,,,,,,1628.0,17.399999618530273,18.059999465942383,16.1299991607666,16.260000228881836,0.0,0.0,0.0,,^VIX
421,10.0,2021-11-01,177.063,154.507,4.9,354.526,328.94,182.629,227.109,55.251,131.09,340.584,207.439,247.476,243.287,36.0,282.754,277.948,209.0,69.62716941821014,70.40883387180618,69.53370960834717,70.19642639160156,929400.0,0.0,0.0,0.0,VDE
422,10.0,2021-11-01,177.063,154.507,4.9,354.526,328.94,182.629,227.109,55.251,131.09,340.584,207.439,247.476,243.287,36.0,282.754,277.948,1629.0,16.850000381469727,17.700000762939453,16.31999969482422,16.40999984741211,0.0,0.0,0.0,,^VIX
423,,2021-11-02,,,,,,,,,,,,,,,,,210.0,69.9670227178052,70.39183767842594,69.31281053060046,69.56769561767578,800200.0,0.0,0.0,0.0,VDE
424,,2021-11-02,,,,,,,,,,,,,,,,,1630.0,16.540000915527344,16.649999618530273,15.890000343322754,16.030000686645508,0.0,0.0,0.0,,^VIX
425,,2021-11-03,,,,,,,,,,,,,,,,,211.0,68.73508230201305,69.72064993210955,68.50567852525836,68.98147583007812,981400.0,0.0,0.0,0.0,VDE
426,,2021-11-03,,,,,,,,,,,,,,,,,1631.0,16.110000610351562,16.389999389648438,14.899999618530272,15.100000381469728,0.0,0.0,0.0,,^VIX
427,,2021-11-04,,,,,,,,,,,,,,,,,212.0,69.71214183542335,70.23041663721341,68.3867146704733,68.97296142578125,1174800.0,0.0,0.0,0.0,VDE
428,,2021-11-04,,,,,,,,,,,,,,,,,1632.0,15.0600004196167,16.139999389648438,14.729999542236328,15.4399995803833,0.0,0.0,0.0,,^VIX
429,,2021-11-05,,,,,,,,,,,,,,,,,213.0,69.95853746831249,70.4003487386137,69.42327285307843,70.08598327636719,934400.0,0.0,0.0,0.0,VDE
430,,2021-11-05,,,,,,,,,,,,,,,,,1633.0,15.59000015258789,17.020000457763672,14.949999809265137,16.479999542236328,0.0,0.0,0.0,,^VIX
431,,2021-11-08,,,,,,,,,,,,,,,,,214.0,70.68922461086177,71.53885474552195,70.40885159286817,70.7741928100586,960500.0,0.0,0.0,0.0,VDE
432,,2021-11-08,,,,,,,,,,,,,,,,,1634.0,17.229999542236328,17.690000534057617,16.440000534057617,17.219999313354492,0.0,0.0,0.0,,^VIX
433,,2021-11-09,,,,,,,,,,,,,,,,,215.0,70.8081604356855,71.02906604865416,69.74612294547785,71.00357818603516,940600.0,0.0,0.0,0.0,VDE
434,,2021-11-09,,,,,,,,,,,,,,,,,1635.0,17.43000030517578,18.56999969482422,17.209999084472656,17.780000686645508,0.0,0.0,0.0,,^VIX
435,,2021-11-10,,,,,,,,,,,,,,,,,216.0,70.67222719724435,70.84215061288599,68.47168201635726,68.94747924804688,1041000.0,0.0,0.0,0.0,VDE
436,,2021-11-10,,,,,,,,,,,,,,,,,1636.0,17.739999771118164,19.899999618530273,17.219999313354492,18.729999542236328,0.0,0.0,0.0,,^VIX
437,,2021-11-11,,,,,,,,,,,,,,,,,217.0,69.13438534959107,69.76310964287944,69.06641340378651,69.24483489990234,804400.0,0.0,0.0,0.0,VDE
438,,2021-11-11,,,,,,,,,,,,,,,,,1637.0,18.34000015258789,18.38999938964844,17.270000457763672,17.65999984741211,0.0,0.0,0.0,,^VIX
439,,2021-11-12,,,,,,,,,,,,,,,,,218.0,68.8965125237026,69.35531362765649,68.61613947308989,69.04095458984375,680400.0,0.0,0.0,0.0,VDE
440,,2021-11-12,,,,,,,,,,,,,,,,,1638.0,17.489999771118164,17.690000534057617,16.149999618530273,16.290000915527344,0.0,0.0,0.0,,^VIX
441,,2021-11-15,,,,,,,,,,,,,,,,,219.0,69.01546123395964,69.95854475459659,68.30176852381904,69.52523803710938,750100.0,0.0,0.0,0.0,VDE
442,,2021-11-15,,,,,,,,,,,,,,,,,1639.0,17.030000686645508,17.459999084472656,16.489999771118164,16.489999771118164,0.0,0.0,0.0,,^VIX
443,,2021-11-16,,,,,,,,,,,,,,,,,220.0,69.7291303603839,70.16244345376182,69.22785179684178,69.6016845703125,856600.0,0.0,0.0,0.0,VDE
444,,2021-11-16,,,,,,,,,,,,,,,,,1640.0,16.860000610351562,17.079999923706055,16.030000686645508,16.3700008392334,0.0,0.0,0.0,,^VIX
445,,2021-11-17,,,,,,,,,,,,,,,,,221.0,69.02395196410724,69.93305597049832,68.17432180926832,68.42071533203125,1098100.0,0.0,0.0,0.0,VDE
446,,2021-11-17,,,,,,,,,,,,,,,,,1641.0,16.360000610351562,17.190000534057617,16.280000686645508,17.110000610351562,0.0,0.0,0.0,,^VIX
447,,2021-11-18,,,,,,,,,,,,,,,,,222.0,68.3357432683076,68.87950596651655,67.2142318929813,68.11483764648438,1070700.0,0.0,0.0,0.0,VDE
448,,2021-11-18,,,,,,,,,,,,,,,,,1642.0,16.809999465942383,18.149999618530273,16.3799991607666,17.59000015258789,0.0,0.0,0.0,,^VIX
449,,2021-11-19,,,,,,,,,,,,,,,,,223.0,66.50053601693845,66.69595376547281,65.26007701775858,65.4215087890625,4115400.0,0.0,0.0,0.0,VDE
450,,2021-11-19,,,,,,,,,,,,,,,,,1643.0,17.360000610351562,19.010000228881836,17.229999542236328,17.90999984741211,0.0,0.0,0.0,,^VIX
451,,2021-11-22,,,,,,,,,,,,,,,,,224.0,65.31956962844107,67.520115290811,65.31956962844107,66.4665756225586,1452400.0,0.0,0.0,0.0,VDE
452,,2021-11-22,,,,,,,,,,,,,,,,,1644.0,18.200000762939453,19.59000015258789,17.350000381469727,19.170000076293945,0.0,0.0,0.0,,^VIX
453,,2021-11-23,,,,,,,,,,,,,,,,,225.0,67.31619467482524,68.75206511461704,67.2822086934707,68.53965759277344,1030500.0,0.0,0.0,0.0,VDE
454,,2021-11-23,,,,,,,,,,,,,,,,,1645.0,20.239999771118164,20.90999984741211,19.030000686645508,19.3799991607666,0.0,0.0,0.0,,^VIX
455,,2021-11-24,,,,,,,,,,,,,,,,,226.0,68.19131260732856,69.58470543163376,68.0638667978278,69.27033996582031,1353700.0,0.0,0.0,0.0,VDE
456,,2021-11-24,,,,,,,,,,,,,,,,,1646.0,19.170000076293945,20.959999084472656,18.520000457763672,18.579999923706055,0.0,0.0,0.0,,^VIX
457,,2021-11-26,,,,,,,,,,,,,,,,,227.0,65.77836166136564,66.54303005797108,64.59737632522742,66.27114868164062,1822300.0,0.0,0.0,0.0,VDE
458,,2021-11-26,,,,,,,,,,,,,,,,,1647.0,26.6200008392334,28.989999771118164,23.8799991607666,28.6200008392334,0.0,0.0,0.0,,^VIX
459,,2021-11-29,,,,,,,,,,,,,,,,,228.0,67.87695035589829,68.48868508474077,66.45806959893298,66.73844909667969,1362900.0,0.0,0.0,0.0,VDE
460,,2021-11-29,,,,,,,,,,,,,,,,,1648.0,25.309999465942383,25.690000534057617,21.709999084472656,22.959999084472656,0.0,0.0,0.0,,^VIX
461,,2021-11-30,,,,,,,,,,,,,,,,,229.0,65.3960429871537,66.33913310640907,64.63987256463935,65.03919982910156,2240200.0,0.0,0.0,0.0,VDE
462,,2021-11-30,,,,,,,,,,,,,,,,,1649.0,26.229999542236328,28.559999465942383,23.709999084472656,27.190000534057617,0.0,0.0,0.0,,^VIX
463,11.0,2021-12-01,179.575,155.672,4.8,355.931,335.032,187.738,226.47,55.42,131.344,347.71,212.777,248.128,241.338,35.9,283.908,278.802,230.0,66.56852006819858,67.12078095476542,64.0876016190075,64.1045913696289,1944300.0,0.0,0.0,0.0,VDE
464,11.0,2021-12-01,179.575,155.672,4.8,355.931,335.032,187.738,226.47,55.42,131.344,347.71,212.777,248.128,241.338,35.9,283.908,278.802,1650.0,24.920000076293945,32.61000061035156,22.3799991607666,31.1200008392334,0.0,0.0,0.0,,^VIX
465,,2021-12-02,,,,,,,,,,,,,,,,,231.0,64.00264174190718,66.2286686206397,63.339931251836774,65.94829559326172,2414300.0,0.0,0.0,0.0,VDE
466,,2021-12-02,,,,,,,,,,,,,,,,,1651.0,29.440000534057617,30.68000030517578,27.149999618530273,27.950000762939453,0.0,0.0,0.0,,^VIX
467,,2021-12-03,,,,,,,,,,,,,,,,,232.0,66.84038244791066,67.17173758920063,64.80976751245188,65.43849182128906,2380400.0,0.0,0.0,0.0,VDE
468,,2021-12-03,,,,,,,,,,,,,,,,,1652.0,26.950000762939453,35.31999969482422,25.88999938964844,30.670000076293945,0.0,0.0,0.0,,^VIX
469,,2021-12-06,,,,,,,,,,,,,,,,,233.0,66.39858752106045,67.34167736412914,65.54895749899228,66.56001281738281,2466400.0,0.0,0.0,0.0,VDE
470,,2021-12-06,,,,,,,,,,,,,,,,,1653.0,28.989999771118164,30.81999969482422,26.75,27.18000030517578,0.0,0.0,0.0,,^VIX
471,,2021-12-07,,,,,,,,,,,,,,,,,234.0,67.56257516636971,68.88800238245065,67.46912182938028,68.18280792236328,1533700.0,0.0,0.0,0.0,VDE
472,,2021-12-07,,,,,,,,,,,,,,,,,1654.0,24.579999923706055,24.690000534057617,21.579999923706055,21.88999938964844,0.0,0.0,0.0,,^VIX
473,,2021-12-08,,,,,,,,,,,,,,,,,235.0,68.48019360907155,68.89651059684101,68.12335047669774,68.29327392578125,1043300.0,0.0,0.0,0.0,VDE
474,,2021-12-08,,,,,,,,,,,,,,,,,1655.0,21.739999771118164,23.11000061035156,19.850000381469727,19.899999618530273,0.0,0.0,0.0,,^VIX
475,,2021-12-09,,,,,,,,,,,,,,,,,236.0,67.75799714926318,67.9449167992348,67.25671852630558,67.58807373046875,773400.0,0.0,0.0,0.0,VDE
476,,2021-12-09,,,,,,,,,,,,,,,,,1656.0,20.309999465942383,22.1200008392334,19.940000534057617,21.579999923706055,0.0,0.0,0.0,,^VIX
477,,2021-12-10,,,,,,,,,,,,,,,,,237.0,68.37823137942945,68.37823137942945,66.86588439889367,68.1573257446289,1031700.0,0.0,0.0,0.0,VDE
478,,2021-12-10,,,,,,,,,,,,,,,,,1657.0,21.270000457763672,21.299999237060547,18.690000534057617,18.690000534057617,0.0,0.0,0.0,,^VIX
479,,2021-12-13,,,,,,,,,,,,,,,,,238.0,67.46060760940078,67.66451694697899,65.88879377133686,66.16067504882812,1304800.0,0.0,0.0,0.0,VDE
480,,2021-12-13,,,,,,,,,,,,,,,,,1658.0,19.290000915527344,21.18000030517578,18.959999084472656,20.309999465942383,0.0,0.0,0.0,,^VIX
481,,2021-12-14,,,,,,,,,,,,,,,,,239.0,65.80384632442494,66.8828801432672,65.55745930844415,65.77835845947266,1501600.0,0.0,0.0,0.0,VDE
482,,2021-12-14,,,,,,,,,,,,,,,,,1659.0,19.670000076293945,23.0,19.670000076293945,21.88999938964844,0.0,0.0,0.0,,^VIX
483,,2021-12-15,,,,,,,,,,,,,,,,,240.0,65.67639884623905,65.95677180807022,63.95164457335282,65.5914306640625,2303400.0,0.0,0.0,0.0,VDE
484,,2021-12-15,,,,,,,,,,,,,,,,,1660.0,21.600000381469727,23.469999313354492,19.020000457763672,19.290000915527344,0.0,0.0,0.0,,^VIX
485,,2021-12-16,,,,,,,,,,,,,,,,,241.0,66.23566060240674,67.35377582369988,65.76260756441208,65.84001922607422,1579100.0,0.939,0.0,0.0,VDE
486,,2021-12-16,,,,,,,,,,,,,,,,,1661.0,18.559999465942383,22.1299991607666,18.190000534057617,20.56999969482422,0.0,0.0,0.0,,^VIX
487,,2021-12-17,,,,,,,,,,,,,,,,,242.0,65.39274673533569,65.60776958087447,63.98219739355946,64.62726593017578,2217200.0,0.0,0.0,0.0,VDE
488,,2021-12-17,,,,,,,,,,,,,,,,,1662.0,20.700000762939453,23.260000228881836,20.489999771118164,21.56999969482422,0.0,0.0,0.0,,^VIX
489,,2021-12-20,,,,,,,,,,,,,,,,,243.0,62.95011188744052,63.82740250998488,62.09861640328952,63.732791900634766,2078400.0,0.0,0.0,0.0,VDE
490,,2021-12-20,,,,,,,,,,,,,,,,,1663.0,25.88999938964844,27.38999938964844,22.850000381469727,22.8700008392334,0.0,0.0,0.0,,^VIX
491,,2021-12-21,,,,,,,,,,,,,,,,,244.0,64.54127000564598,65.95181960752495,64.53266725288468,65.74539947509766,1796400.0,0.0,0.0,0.0,VDE
492,,2021-12-21,,,,,,,,,,,,,,,,,1664.0,22.280000686645508,22.68000030517578,20.899999618530273,21.010000228881836,0.0,0.0,0.0,,^VIX
493,,2021-12-22,,,,,,,,,,,,,,,,,245.0,65.75400386411337,66.57109486689184,64.97132387667048,66.1324462890625,997200.0,0.0,0.0,0.0,VDE
494,,2021-12-22,,,,,,,,,,,,,,,,,1665.0,21.040000915527344,21.36000061035156,18.59000015258789,18.6299991607666,0.0,0.0,0.0,,^VIX
495,,2021-12-23,,,,,,,,,,,,,,,,,246.0,66.46787031331549,67.03553385514194,66.13243515204618,66.16683959960938,1006600.0,0.0,0.0,0.0,VDE
496,,2021-12-23,,,,,,,,,,,,,,,,,1666.0,18.809999465942383,18.93000030517578,17.6200008392334,17.959999084472656,0.0,0.0,0.0,,^VIX
497,,2021-12-27,,,,,,,,,,,,,,,,,247.0,66.02060993906507,67.72358703613281,65.35833596422417,67.72358703613281,754600.0,0.0,0.0,0.0,VDE
498,,2021-12-27,,,,,,,,,,,,,,,,,1667.0,19.3700008392334,19.40999984741211,17.549999237060547,17.68000030517578,0.0,0.0,0.0,,^VIX
499,,2021-12-28,,,,,,,,,,,,,,,,,248.0,67.88703050599823,68.32567906100313,67.19895459861712,67.56879425048828,809400.0,0.0,0.0,0.0,VDE
500,,2021-12-28,,,,,,,,,,,,,,,,,1668.0,17.780000686645508,18.469999313354492,17.510000228881836,17.540000915527344,0.0,0.0,0.0,,^VIX
501,,2021-12-29,,,,,,,,,,,,,,,,,249.0,67.44838044242391,67.78381563522576,66.80331175442373,67.15595245361328,802500.0,0.0,0.0,0.0,VDE
502,,2021-12-29,,,,,,,,,,,,,,,,,1669.0,17.6299991607666,18.0,16.709999084472656,16.950000762939453,0.0,0.0,0.0,,^VIX
503,,2021-12-30,,,,,,,,,,,,,,,,,250.0,67.18176387745913,67.6720158888364,66.5452978505084,66.55389404296875,790900.0,0.0,0.0,0.0,VDE
504,,2021-12-30,,,,,,,,,,,,,,,,,1670.0,17.299999237060547,17.790000915527344,16.6200008392334,17.329999923706055,0.0,0.0,0.0,,^VIX
505,,2021-12-31,,,,,,,,,,,,,,,,,251.0,66.45066304957487,67.07852609354416,66.38185416306474,66.75169372558594,770800.0,0.0,0.0,0.0,VDE
506,,2021-12-31,,,,,,,,,,,,,,,,,1671.0,17.6299991607666,18.270000457763672,16.989999771118164,17.219999313354492,0.0,0.0,0.0,,^VIX
507,12.0,2022-01-01,185.887,158.066,4.9,357.737,345.742,198.275,231.495,56.336,133.074,356.302,212.003,249.64,246.453,35.6,285.996,281.148,,,,,,,,,,
508,,2022-01-03,,,,,,,,,,,,,,,,,252.0,66.88072971780055,68.97075272654365,66.83772250975264,68.89334106445312,1338000.0,0.0,0.0,0.0,VDE
509,,2022-01-03,,,,,,,,,,,,,,,,,1672.0,17.600000381469727,18.540000915527344,16.559999465942383,16.600000381469727,0.0,0.0,0.0,,^VIX
510,,2022-01-04,,,,,,,,,,,,,,,,,253.0,69.60721603049548,71.55102495589733,69.60721603049548,71.30159759521484,3049400.0,0.0,0.0,0.0,VDE
511,,2022-01-04,,,,,,,,,,,,,,,,,1673.0,16.56999969482422,17.809999465942383,16.34000015258789,16.90999984741211,0.0,0.0,0.0,,^VIX
512,,2022-01-05,,,,,,,,,,,,,,,,,254.0,72.02406262118575,72.7465429159693,70.88874206822095,70.98335266113281,2350500.0,0.0,0.0,0.0,VDE
513,,2022-01-05,,,,,,,,,,,,,,,,,1674.0,17.06999969482422,20.170000076293945,16.579999923706055,19.729999542236328,0.0,0.0,0.0,,^VIX
514,,2022-01-06,,,,,,,,,,,,,,,,,255.0,72.60892014011722,73.04756862606885,71.56821025146895,72.66053009033203,1791500.0,0.0,0.0,0.0,VDE
515,,2022-01-06,,,,,,,,,,,,,,,,,1675.0,20.290000915527344,21.059999465942383,19.079999923706055,19.61000061035156,0.0,0.0,0.0,,^VIX
516,,2022-01-07,,,,,,,,,,,,,,,,,256.0,72.97015313419345,73.76144222998543,72.47130509625237,73.55501556396484,1895900.0,0.0,0.0,0.0,VDE
517,,2022-01-07,,,,,,,,,,,,,,,,,1676.0,19.850000381469727,20.799999237060547,18.56999969482422,18.760000228881836,0.0,0.0,0.0,,^VIX
518,,2022-01-10,,,,,,,,,,,,,,,,,257.0,73.64962886779749,73.84745278955208,72.34229274455978,73.31419372558594,2279600.0,0.0,0.0,0.0,VDE
519,,2022-01-10,,,,,,,,,,,,,,,,,1677.0,19.579999923706055,23.329999923706055,19.290000915527344,19.399999618530273,0.0,0.0,0.0,,^VIX
520,,2022-01-11,,,,,,,,,,,,,,,,,258.0,73.96788424491135,76.00630388234508,73.34861718736293,75.87728881835938,1928800.0,0.0,0.0,0.0,VDE
521,,2022-01-11,,,,,,,,,,,,,,,,,1678.0,19.6200008392334,21.0,18.200000762939453,18.40999984741211,0.0,0.0,0.0,,^VIX
522,,2022-01-12,,,,,,,,,,,,,,,,,259.0,76.11811034680271,76.53095722239489,75.46443886127281,76.16111755371094,1734200.0,0.0,0.0,0.0,VDE
523,,2022-01-12,,,,,,,,,,,,,,,,,1679.0,18.170000076293945,18.690000534057617,17.360000610351562,17.6200008392334,0.0,0.0,0.0,,^VIX
524,,2022-01-13,,,,,,,,,,,,,,,,,260.0,76.00629748306123,76.72877128138717,75.2752143693547,75.5418472290039,1200100.0,0.0,0.0,0.0,VDE
525,,2022-01-13,,,,,,,,,,,,,,,,,1680.0,18.059999465942383,20.61000061035156,17.450000762939453,20.309999465942383,0.0,0.0,0.0,,^VIX
526,,2022-01-14,,,,,,,,,,,,,,,,,261.0,75.5332410888548,77.5114543161063,75.5332410888548,77.45124816894531,1599500.0,0.0,0.0,0.0,VDE
527,,2022-01-14,,,,,,,,,,,,,,,,,1681.0,20.11000061035156,22.06999969482422,19.049999237060547,19.190000534057617,0.0,0.0,0.0,,^VIX
528,,2022-01-18,,,,,,,,,,,,,,,,,262.0,78.3629414318076,78.64677321740841,76.40193375307058,77.5372543334961,2473900.0,0.0,0.0,0.0,VDE
529,,2022-01-18,,,,,,,,,,,,,,,,,1682.0,21.18000030517578,23.200000762939453,21.18000030517578,22.790000915527344,0.0,0.0,0.0,,^VIX
530,,2022-01-19,,,,,,,,,,,,,,,,,263.0,78.11350649541144,78.18231538740366,76.22130789946502,76.88357543945312,1533200.0,0.0,0.0,0.0,VDE
531,,2022-01-19,,,,,,,,,,,,,,,,,1683.0,23.1200008392334,23.989999771118164,21.850000381469727,23.850000381469727,0.0,0.0,0.0,,^VIX
532,,2022-01-20,,,,,,,,,,,,,,,,,264.0,76.3675305218983,78.13071428552975,75.79986694164161,75.93748474121094,1579100.0,0.0,0.0,0.0,VDE
533,,2022-01-20,,,,,,,,,,,,,,,,,1684.0,23.459999084472656,25.88999938964844,21.68000030517578,25.59000015258789,0.0,0.0,0.0,,^VIX
534,,2022-01-21,,,,,,,,,,,,,,,,,265.0,75.16338915723313,75.47302259540318,73.52921413621935,74.32050323486328,2692000.0,0.0,0.0,0.0,VDE
535,,2022-01-21,,,,,,,,,,,,,,,,,1685.0,25.3799991607666,29.790000915527344,25.309999465942383,28.850000381469727,0.0,0.0,0.0,,^VIX
536,,2022-01-24,,,,,,,,,,,,,,,,,266.0,72.47133231581347,75.13761541456435,71.10378302818964,74.87958526611328,2895800.0,0.0,0.0,0.0,VDE
537,,2022-01-24,,,,,,,,,,,,,,,,,1686.0,28.200000762939453,38.939998626708984,28.020000457763672,29.899999618530273,0.0,0.0,0.0,,^VIX
538,,2022-01-25,,,,,,,,,,,,,,,,,267.0,74.47531167029712,78.0188906241157,73.16797562089438,77.65765380859375,2295600.0,0.0,0.0,0.0,VDE
539,,2022-01-25,,,,,,,,,,,,,,,,,1687.0,32.290000915527344,35.849998474121094,29.1299991607666,31.15999984741211,0.0,0.0,0.0,,^VIX
540,,2022-01-26,,,,,,,,,,,,,,,,,268.0,78.74997612513255,79.2660362778925,76.62554905713333,77.4598388671875,3162000.0,0.0,0.0,0.0,VDE
541,,2022-01-26,,,,,,,,,,,,,,,,,1688.0,29.350000381469727,33.040000915527344,26.899999618530273,31.959999084472656,0.0,0.0,0.0,,^VIX
542,,2022-01-27,,,,,,,,,,,,,,,,,269.0,78.93919842721265,79.73908380097667,76.93518361653818,78.25112915039062,2047400.0,0.0,0.0,0.0,VDE
543,,2022-01-27,,,,,,,,,,,,,,,,,1689.0,32.189998626708984,33.0,28.420000076293945,30.489999771118164,0.0,0.0,0.0,,^VIX
544,,2022-01-28,,,,,,,,,,,,,,,,,270.0,77.84689055701809,78.75858552980522,76.38473093732738,78.08771514892578,3111200.0,0.0,0.0,0.0,VDE
545,,2022-01-28,,,,,,,,,,,,,,,,,1690.0,30.270000457763672,32.81999969482422,27.280000686645508,27.65999984741211,0.0,0.0,0.0,,^VIX
546,,2022-01-31,,,,,,,,,,,,,,,,,271.0,77.79527937956911,78.93059998216191,76.59975262994402,78.42314910888672,1962900.0,0.0,0.0,0.0,VDE
547,,2022-01-31,,,,,,,,,,,,,,,,,1691.0,28.36000061035156,29.40999984741211,24.709999084472656,24.829999923706055,0.0,0.0,0.0,,^VIX
548,13.0,2022-02-01,190.459,159.547,4.9,359.627,343.583,208.028,237.245,56.366,134.581,357.549,213.299,250.385,252.66,35.2,288.059,283.716,272.0,78.08771784302859,81.48507706832635,77.7866870927581,81.30445861816406,2368500.0,0.0,0.0,0.0,VDE
549,13.0,2022-02-01,190.459,159.547,4.9,359.627,343.583,208.028,237.245,56.366,134.581,357.549,213.299,250.385,252.66,35.2,288.059,283.716,1692.0,24.56999969482422,25.329999923706055,21.959999084472656,21.959999084472656,0.0,0.0,0.0,,^VIX
550,,2022-02-02,,,,,,,,,,,,,,,,,273.0,81.14103727478083,81.75170807689642,79.91111260324861,81.57108306884766,2339300.0,0.0,0.0,0.0,VDE
551,,2022-02-02,,,,,,,,,,,,,,,,,1693.0,21.559999465942383,22.729999542236328,20.459999084472656,22.09000015258789,0.0,0.0,0.0,,^VIX
552,,2022-02-03,,,,,,,,,,,,,,,,,274.0,81.22705602561435,81.373270028539,79.83370521603649,80.63359069824219,1807600.0,0.0,0.0,0.0,VDE
553,,2022-02-03,,,,,,,,,,,,,,,,,1694.0,22.6299991607666,25.809999465942383,22.299999237060547,24.350000381469727,0.0,0.0,0.0,,^VIX
554,,2022-02-04,,,,,,,,,,,,,,,,,275.0,81.67428894984076,83.30846413018938,81.51947221566084,81.86351013183594,2042900.0,0.0,0.0,0.0,VDE
555,,2022-02-04,,,,,,,,,,,,,,,,,1695.0,23.770000457763672,26.260000228881836,22.06999969482422,23.219999313354492,0.0,0.0,0.0,,^VIX
556,,2022-02-07,,,,,,,,,,,,,,,,,276.0,81.48506180159885,83.53208364387237,80.8227942750837,82.74939727783203,1712500.0,0.0,0.0,0.0,VDE
557,,2022-02-07,,,,,,,,,,,,,,,,,1696.0,24.09000015258789,24.81999969482422,22.020000457763672,22.86000061035156,0.0,0.0,0.0,,^VIX
558,,2022-02-08,,,,,,,,,,,,,,,,,277.0,82.52578481369993,82.62899816603411,80.34975415731749,81.00342559814453,1910200.0,0.0,0.0,0.0,VDE
559,,2022-02-08,,,,,,,,,,,,,,,,,1697.0,23.09000015258789,23.479999542236328,21.31999969482422,21.440000534057617,0.0,0.0,0.0,,^VIX
560,,2022-02-09,,,,,,,,,,,,,,,,,278.0,81.23566515637826,82.31077987026352,80.97764156223347,81.7345199584961,1346800.0,0.0,0.0,0.0,VDE
561,,2022-02-09,,,,,,,,,,,,,,,,,1698.0,21.270000457763672,21.299999237060547,19.93000030517578,19.959999084472656,0.0,0.0,0.0,,^VIX
562,,2022-02-10,,,,,,,,,,,,,,,,,279.0,81.3044653356977,82.8526329821131,80.70240378541325,81.2786636352539,1460400.0,0.0,0.0,0.0,VDE
563,,2022-02-10,,,,,,,,,,,,,,,,,1699.0,20.3700008392334,24.770000457763672,20.18000030517578,23.90999984741211,0.0,0.0,0.0,,^VIX
564,,2022-02-11,,,,,,,,,,,,,,,,,280.0,81.75169844643793,83.79871382274283,81.33024889327554,83.61809539794922,2406500.0,0.0,0.0,0.0,VDE
565,,2022-02-11,,,,,,,,,,,,,,,,,1700.0,24.38999938964844,30.989999771118164,23.329999923706055,27.36000061035156,0.0,0.0,0.0,,^VIX
566,,2022-02-14,,,,,,,,,,,,,,,,,281.0,83.25684784650826,83.3514584228547,80.84858936819693,81.80329132080078,2547300.0,0.0,0.0,0.0,VDE
567,,2022-02-14,,,,,,,,,,,,,,,,,1701.0,29.170000076293945,32.040000915527344,28.329999923706055,28.329999923706055,0.0,0.0,0.0,,^VIX
568,,2022-02-15,,,,,,,,,,,,,,,,,282.0,79.85949002046294,81.0722221177545,79.23162693509482,80.90019989013672,1898600.0,0.0,0.0,0.0,VDE
569,,2022-02-15,,,,,,,,,,,,,,,,,1702.0,28.09000015258789,28.09000015258789,25.329999923706055,25.700000762939453,0.0,0.0,0.0,,^VIX
570,,2022-02-16,,,,,,,,,,,,,,,,,283.0,81.57108613019803,82.930032465325,80.9518256755626,81.44207763671875,1836600.0,0.0,0.0,0.0,VDE
571,,2022-02-16,,,,,,,,,,,,,,,,,1703.0,25.190000534057617,27.09000015258789,23.8799991607666,24.290000915527344,0.0,0.0,0.0,,^VIX
572,,2022-02-17,,,,,,,,,,,,,,,,,284.0,81.33886979028236,82.20756422310313,80.72820548585705,81.2786636352539,2052600.0,0.0,0.0,0.0,VDE
573,,2022-02-17,,,,,,,,,,,,,,,,,1704.0,24.829999923706055,28.3700008392334,24.760000228881836,28.11000061035156,0.0,0.0,0.0,,^VIX
574,,2022-02-18,,,,,,,,,,,,,,,,,285.0,80.38414965355733,81.48506570790454,79.97130941416579,80.72818756103516,1545400.0,0.0,0.0,0.0,VDE
575,,2022-02-18,,,,,,,,,,,,,,,,,1705.0,26.65999984741211,29.709999084472656,26.3799991607666,27.75,0.0,0.0,0.0,,^VIX
576,,2022-02-22,,,,,,,,,,,,,,,,,286.0,83.14506050204585,83.14506050204585,78.20813613352914,79.33485412597656,2013000.0,0.0,0.0,0.0,VDE
577,,2022-02-22,,,,,,,,,,,,,,,,,1706.0,31.799999237060547,32.040000915527344,28.399999618530273,28.809999465942383,0.0,0.0,0.0,,^VIX
578,,2022-02-23,,,,,,,,,,,,,,,,,287.0,79.92831828498316,80.93462395304739,79.53267690853002,80.28095245361328,1959000.0,0.0,0.0,0.0,VDE
579,,2022-02-23,,,,,,,,,,,,,,,,,1707.0,28.040000915527344,31.06999969482422,27.200000762939453,31.020000457763672,0.0,0.0,0.0,,^VIX
580,,2022-02-24,,,,,,,,,,,,,,,,,288.0,82.10435340085886,82.10435340085886,77.82969657558257,79.99713134765625,3188500.0,0.0,0.0,0.0,VDE
581,,2022-02-24,,,,,,,,,,,,,,,,,1708.0,37.5,37.790000915527344,29.450000762939453,30.31999969482422,0.0,0.0,0.0,,^VIX
582,,2022-02-25,,,,,,,,,,,,,,,,,289.0,80.3927586337772,82.04413284322919,80.1949346890095,82.03553009033203,2373200.0,0.0,0.0,0.0,VDE
583,,2022-02-25,,,,,,,,,,,,,,,,,1709.0,31.68000030517578,32.0,26.93000030517578,27.59000015258789,0.0,0.0,0.0,,^VIX
584,,2022-02-28,,,,,,,,,,,,,,,,,290.0,81.77750300489966,84.38357925129138,81.2786483502037,84.30616760253906,2683000.0,0.0,0.0,0.0,VDE
585,,2022-02-28,,,,,,,,,,,,,,,,,1710.0,32.439998626708984,33.5099983215332,28.43000030517578,30.149999618530273,0.0,0.0,0.0,,^VIX
586,14.0,2022-03-01,198.15,160.579,5.4,361.083,345.852,211.126,245.404,56.726,137.341,377.648,214.692,253.431,260.014,34.8,289.305,287.504,291.0,84.99423905486472,86.55100252034666,84.03093424329747,85.10604858398438,2571900.0,0.0,0.0,0.0,VDE
587,14.0,2022-03-01,198.15,160.579,5.4,361.083,345.852,211.126,245.404,56.726,137.341,377.648,214.692,253.431,260.014,34.8,289.305,287.504,1711.0,29.450000762939453,35.189998626708984,29.440000534057617,33.31999969482422,0.0,0.0,0.0,,^VIX
588,,2022-03-02,,,,,,,,,,,,,,,,,292.0,86.66283715828203,87.8841657358061,86.17258517648835,87.1702880859375,2353700.0,0.0,0.0,0.0,VDE
589,,2022-03-02,,,,,,,,,,,,,,,,,1712.0,34.20000076293945,34.40999984741211,30.1200008392334,30.739999771118164,0.0,0.0,0.0,,^VIX
590,,2022-03-03,,,,,,,,,,,,,,,,,293.0,86.26717963606409,87.89275203783876,86.07795845711001,87.32508850097656,3128100.0,0.0,0.0,0.0,VDE
591,,2022-03-03,,,,,,,,,,,,,,,,,1713.0,30.520000457763672,32.0099983215332,29.309999465942383,30.479999542236328,0.0,0.0,0.0,,^VIX
592,,2022-03-04,,,,,,,,,,,,,,,,,294.0,87.45409586309482,90.07737731933594,87.26487470074605,90.07737731933594,2638100.0,0.0,0.0,0.0,VDE
593,,2022-03-04,,,,,,,,,,,,,,,,,1714.0,31.899999618530273,34.650001525878906,31.469999313354492,31.979999542236328,0.0,0.0,0.0,,^VIX
594,,2022-03-07,,,,,,,,,,,,,,,,,295.0,91.11809283914027,93.0532986552951,89.3979098914471,91.49652862548828,4433300.0,0.0,0.0,0.0,VDE
595,,2022-03-07,,,,,,,,,,,,,,,,,1715.0,35.880001068115234,36.54999923706055,32.59000015258789,36.45000076293945,0.0,0.0,0.0,,^VIX
596,,2022-03-08,,,,,,,,,,,,,,,,,296.0,93.23392609065432,95.90020860494326,90.02578169579269,92.4254379272461,4846700.0,0.0,0.0,0.0,VDE
597,,2022-03-08,,,,,,,,,,,,,,,,,1716.0,36.189998626708984,37.52000045776367,32.779998779296875,35.130001068115234,0.0,0.0,0.0,,^VIX
598,,2022-03-09,,,,,,,,,,,,,,,,,297.0,89.13990010027848,91.90939632593091,87.63473967868292,89.93118286132812,3725500.0,0.0,0.0,0.0,VDE
599,,2022-03-09,,,,,,,,,,,,,,,,,1717.0,33.7400016784668,34.119998931884766,31.38999938964844,32.45000076293945,0.0,0.0,0.0,,^VIX
600,,2022-03-10,,,,,,,,,,,,,,,,,298.0,90.94608059767776,92.82968323214962,90.36982082177252,92.56305694580078,2720900.0,0.0,0.0,0.0,VDE
601,,2022-03-10,,,,,,,,,,,,,,,,,1718.0,33.029998779296875,34.029998779296875,30.229999542236328,30.229999542236328,0.0,0.0,0.0,,^VIX
602,,2022-03-11,,,,,,,,,,,,,,,,,299.0,91.0578755070066,92.8726688187344,91.03206725390234,91.71154022216795,2982300.0,0.0,0.0,0.0,VDE
603,,2022-03-11,,,,,,,,,,,,,,,,,1719.0,30.43000030517578,31.040000915527344,28.84000015258789,30.75,0.0,0.0,0.0,,^VIX
604,,2022-03-14,,,,,,,,,,,,,,,,,300.0,89.87956216408476,90.309607916066,87.59171561379526,88.79584503173828,3221300.0,0.0,0.0,0.0,VDE
605,,2022-03-14,,,,,,,,,,,,,,,,,1720.0,31.030000686645508,33.18000030517578,30.059999465942383,31.770000457763672,0.0,0.0,0.0,,^VIX
606,,2022-03-15,,,,,,,,,,,,,,,,,301.0,85.30387211893878,86.80042943696168,84.11694825457266,85.80272674560547,4236800.0,0.0,0.0,0.0,VDE
607,,2022-03-15,,,,,,,,,,,,,,,,,1721.0,33.130001068115234,33.83000183105469,29.56999969482422,29.829999923706055,0.0,0.0,0.0,,^VIX
608,,2022-03-16,,,,,,,,,,,,,,,,,302.0,86.09514975812417,86.8520344067609,84.60719527746653,85.56189727783203,2643100.0,0.0,0.0,0.0,VDE
609,,2022-03-16,,,,,,,,,,,,,,,,,1722.0,29.020000457763672,29.799999237060547,26.290000915527344,26.670000076293945,0.0,0.0,0.0,,^VIX
610,,2022-03-17,,,,,,,,,,,,,,,,,303.0,87.30788302791525,88.83884472570065,86.68861614746793,88.61521911621094,1883500.0,0.0,0.0,0.0,VDE
611,,2022-03-17,,,,,,,,,,,,,,,,,1723.0,26.510000228881836,27.469999313354492,25.25,25.670000076293945,0.0,0.0,0.0,,^VIX
612,,2022-03-18,,,,,,,,,,,,,,,,,304.0,88.52923644019182,89.07969458766854,87.88416768343204,88.5980453491211,1668700.0,0.0,0.0,0.0,VDE
613,,2022-03-18,,,,,,,,,,,,,,,,,1724.0,26.36000061035156,26.81999969482422,23.850000381469727,23.8700008392334,0.0,0.0,0.0,,^VIX
614,,2022-03-21,,,,,,,,,,,,,,,,,305.0,90.3354157825149,92.27922455161482,90.05158399194276,92.0211944580078,2048800.0,0.0,0.0,0.0,VDE
615,,2022-03-21,,,,,,,,,,,,,,,,,1725.0,25.13999938964844,25.36000061035156,22.989999771118164,23.530000686645508,0.0,0.0,0.0,,^VIX
616,,2022-03-22,,,,,,,,,,,,,,,,,306.0,91.5739330804103,92.16739825060108,90.2407887758294,91.42771911621094,1667700.0,0.0,0.0,0.0,VDE
617,,2022-03-22,,,,,,,,,,,,,,,,,1726.0,24.020000457763672,24.020000457763672,22.700000762939453,22.940000534057617,0.0,0.0,0.0,,^VIX
618,,2022-03-23,,,,,,,,,,,,,,,,,307.0,92.94149398526127,93.74998216986184,92.61466154734816,93.01890563964844,1558400.0,0.0,0.0,0.0,VDE
619,,2022-03-23,,,,,,,,,,,,,,,,,1727.0,23.040000915527344,24.030000686645508,22.63999938964844,23.56999969482422,0.0,0.0,0.0,,^VIX
620,,2022-03-24,,,,,,,,,,,,,,,,,308.0,93.40023372869403,94.18889993805178,92.77624215584368,93.34823608398438,1315600.0,0.82,0.0,0.0,VDE
621,,2022-03-24,,,,,,,,,,,,,,,,,1728.0,23.61000061035156,23.790000915527344,21.489999771118164,21.670000076293945,0.0,0.0,0.0,,^VIX
622,,2022-03-25,,,,,,,,,,,,,,,,,309.0,92.78489775651931,95.88755151550866,92.78489775651931,95.80955505371094,1204100.0,0.0,0.0,0.0,VDE
623,,2022-03-25,,,,,,,,,,,,,,,,,1729.0,21.8700008392334,22.86000061035156,20.799999237060547,20.809999465942383,0.0,0.0,0.0,,^VIX
624,,2022-03-28,,,,,,,,,,,,,,,,,310.0,94.00689822690634,94.00689822690634,92.73290307992656,93.40023040771484,881600.0,0.0,0.0,0.0,VDE
625,,2022-03-28,,,,,,,,,,,,,,,,,1730.0,22.13999938964844,23.329999923706055,19.540000915527344,19.6299991607666,0.0,0.0,0.0,,^VIX
626,,2022-03-29,,,,,,,,,,,,,,,,,311.0,91.29425242354397,93.07958221435548,90.02892558103632,93.07958221435548,1841000.0,0.0,0.0,0.0,VDE
627,,2022-03-29,,,,,,,,,,,,,,,,,1731.0,19.700000762939453,19.729999542236328,18.670000076293945,18.899999618530273,0.0,0.0,0.0,,^VIX
628,,2022-03-30,,,,,,,,,,,,,,,,,312.0,93.97222784246868,94.89955657833876,93.5042292357523,94.05022430419922,1029900.0,0.0,0.0,0.0,VDE
629,,2022-03-30,,,,,,,,,,,,,,,,,1732.0,19.3799991607666,20.510000228881836,18.719999313354492,19.329999923706055,0.0,0.0,0.0,,^VIX
630,,2022-03-31,,,,,,,,,,,,,,,,,313.0,93.03624145169503,95.02089986930056,92.75024116785798,92.767578125,1343200.0,0.0,0.0,0.0,VDE
631,,2022-03-31,,,,,,,,,,,,,,,,,1733.0,19.68000030517578,21.479999542236328,19.540000915527344,20.559999465942383,0.0,0.0,0.0,,^VIX
632,15.0,2022-04-01,200.798,162.726,5.4,362.951,343.786,209.823,249.56,56.488,138.179,389.471,217.229,254.639,265.31,34.6,290.846,289.109,314.0,92.53356913691373,94.55289471808612,92.53356913691373,93.92023468017578,691000.0,0.0,0.0,0.0,VDE
633,15.0,2022-04-01,200.798,162.726,5.4,362.951,343.786,209.823,249.56,56.488,138.179,389.471,217.229,254.639,265.31,34.6,290.846,289.109,1734.0,20.6200008392334,20.86000061035156,19.40999984741211,19.6299991607666,0.0,0.0,0.0,,^VIX
634,,2022-04-04,,,,,,,,,,,,,,,,,315.0,94.65689661746416,94.7868973386589,92.98423742210728,93.92023468017578,881300.0,0.0,0.0,0.0,VDE
635,,2022-04-04,,,,,,,,,,,,,,,,,1735.0,20.75,20.780000686645508,18.450000762939453,18.56999969482422,0.0,0.0,0.0,,^VIX
636,,2022-04-05,,,,,,,,,,,,,,,,,316.0,94.19756278058492,95.59289013511442,92.28223917373457,92.36890411376952,835400.0,0.0,0.0,0.0,VDE
637,,2022-04-05,,,,,,,,,,,,,,,,,1736.0,18.790000915527344,21.56999969482422,18.549999237060547,21.030000686645508,0.0,0.0,0.0,,^VIX
638,,2022-04-06,,,,,,,,,,,,,,,,,317.0,93.42624498366722,94.16290698209826,92.35157843723108,92.8369140625,915200.0,0.0,0.0,0.0,VDE
639,,2022-04-06,,,,,,,,,,,,,,,,,1737.0,21.270000457763672,24.780000686645508,21.239999771118164,22.100000381469727,0.0,0.0,0.0,,^VIX
640,,2022-04-07,,,,,,,,,,,,,,,,,318.0,93.40024035717964,94.3275692222782,91.56291958452375,94.02423858642578,703000.0,0.0,0.0,0.0,VDE
641,,2022-04-07,,,,,,,,,,,,,,,,,1738.0,21.969999313354492,23.81999969482422,21.1200008392334,21.549999237060547,0.0,0.0,0.0,,^VIX
642,,2022-04-08,,,,,,,,,,,,,,,,,319.0,94.28423631614672,96.78022252210286,94.11956828659038,96.54622650146484,1654200.0,0.0,0.0,0.0,VDE
643,,2022-04-08,,,,,,,,,,,,,,,,,1739.0,21.25,22.34000015258789,20.280000686645508,21.15999984741211,0.0,0.0,0.0,,^VIX
644,,2022-04-11,,,,,,,,,,,,,,,,,320.0,95.48023276254747,95.4889012413646,93.45224511873646,93.68624114990234,1186600.0,0.0,0.0,0.0,VDE
645,,2022-04-11,,,,,,,,,,,,,,,,,1740.0,23.09000015258789,24.420000076293945,22.09000015258789,24.3700008392334,0.0,0.0,0.0,,^VIX
646,,2022-04-12,,,,,,,,,,,,,,,,,321.0,95.306893211669,96.89288745694915,95.03822990454148,95.26355743408205,852700.0,0.0,0.0,0.0,VDE
647,,2022-04-12,,,,,,,,,,,,,,,,,1741.0,24.940000534057617,25.3799991607666,22.270000457763672,24.260000228881836,0.0,0.0,0.0,,^VIX
648,,2022-04-13,,,,,,,,,,,,,,,,,322.0,96.36423573754924,96.9708970331232,94.78690975694474,96.77156829833984,859400.0,0.0,0.0,0.0,VDE
649,,2022-04-13,,,,,,,,,,,,,,,,,1742.0,23.520000457763672,24.450000762939453,21.3700008392334,21.81999969482422,0.0,0.0,0.0,,^VIX
650,,2022-04-14,,,,,,,,,,,,,,,,,323.0,96.2948958476496,97.92421938934064,96.15622663791666,97.17022705078124,788400.0,0.0,0.0,0.0,VDE
651,,2022-04-14,,,,,,,,,,,,,,,,,1743.0,21.719999313354492,22.700000762939453,20.850000381469727,22.700000762939453,0.0,0.0,0.0,,^VIX
652,,2022-04-18,,,,,,,,,,,,,,,,,324.0,97.93288524205175,99.27621507384492,97.37822164221612,98.71288299560548,1428900.0,0.0,0.0,0.0,VDE
653,,2022-04-18,,,,,,,,,,,,,,,,,1744.0,24.520000457763672,24.600000381469727,21.979999542236328,22.170000076293945,0.0,0.0,0.0,,^VIX
654,,2022-04-19,,,,,,,,,,,,,,,,,325.0,98.02821829481051,99.0335435861418,97.1008894724817,97.74221801757812,827200.0,0.0,0.0,0.0,VDE
655,,2022-04-19,,,,,,,,,,,,,,,,,1745.0,22.549999237060547,22.920000076293945,20.36000061035156,21.3700008392334,0.0,0.0,0.0,,^VIX
656,,2022-04-20,,,,,,,,,,,,,,,,,326.0,98.11487780135936,98.74754444511296,97.09221560999671,98.21887969970705,583400.0,0.0,0.0,0.0,VDE
657,,2022-04-20,,,,,,,,,,,,,,,,,1746.0,21.1299991607666,21.31999969482422,19.75,20.31999969482422,0.0,0.0,0.0,,^VIX
658,,2022-04-21,,,,,,,,,,,,,,,,,327.0,98.8775403038828,99.31087163650484,94.60489971185643,94.9602279663086,992200.0,0.0,0.0,0.0,VDE
659,,2022-04-21,,,,,,,,,,,,,,,,,1747.0,20.239999771118164,23.280000686645508,19.809999465942383,22.68000030517578,0.0,0.0,0.0,,^VIX
660,,2022-04-22,,,,,,,,,,,,,,,,,328.0,94.50088204460812,95.92220804949748,92.35155608407943,92.49889373779295,797500.0,0.0,0.0,0.0,VDE
661,,2022-04-22,,,,,,,,,,,,,,,,,1748.0,22.709999084472656,28.270000457763672,22.6200008392334,28.209999084472656,0.0,0.0,0.0,,^VIX
662,,2022-04-25,,,,,,,,,,,,,,,,,329.0,89.57823957718206,89.99423388855605,86.12025793590297,89.50023651123047,1834500.0,0.0,0.0,0.0,VDE
663,,2022-04-25,,,,,,,,,,,,,,,,,1749.0,30.040000915527344,31.600000381469727,26.799999237060547,27.020000457763672,0.0,0.0,0.0,,^VIX
664,,2022-04-26,,,,,,,,,,,,,,,,,330.0,90.08091929350788,91.99624298497432,89.25758579652437,89.50891876220703,1218000.0,0.0,0.0,0.0,VDE
665,,2022-04-26,,,,,,,,,,,,,,,,,1750.0,27.3799991607666,33.810001373291016,27.059999465942383,33.52000045776367,0.0,0.0,0.0,,^VIX
666,,2022-04-27,,,,,,,,,,,,,,,,,331.0,90.09823658349072,91.71889790858772,88.4255776220315,90.84356689453124,1626500.0,0.0,0.0,0.0,VDE
667,,2022-04-27,,,,,,,,,,,,,,,,,1751.0,31.11000061035156,32.77000045776367,29.81999969482422,31.600000381469727,0.0,0.0,0.0,,^VIX
668,,2022-04-28,,,,,,,,,,,,,,,,,332.0,91.28556241022032,94.448881847188,89.48290282927141,93.66888427734376,1246400.0,0.0,0.0,0.0,VDE
669,,2022-04-28,,,,,,,,,,,,,,,,,1752.0,29.90999984741211,32.0,28.0,29.989999771118164,0.0,0.0,0.0,,^VIX
670,,2022-04-29,,,,,,,,,,,,,,,,,333.0,93.92887581231552,94.37087552196672,90.80889225289926,91.21622467041016,1004200.0,0.0,0.0,0.0,VDE
671,,2022-04-29,,,,,,,,,,,,,,,,,1753.0,28.969999313354492,34.34000015258789,28.540000915527344,33.400001525878906,0.0,0.0,0.0,,^VIX
672,16.0,2022-05-01,203.759,164.074,5.3,365.116,353.015,210.733,256.396,56.624,139.419,393.377,221.341,255.253,273.251,34.2,292.506,292.296,,,,,,,,,,
673,,2022-05-02,,,,,,,,,,,,,,,,,334.0,90.56625873115962,92.42091651496273,90.00292661280174,92.2562484741211,1289600.0,0.0,0.0,0.0,VDE
674,,2022-05-02,,,,,,,,,,,,,,,,,1754.0,33.349998474121094,36.63999938964844,31.739999771118164,32.34000015258789,0.0,0.0,0.0,,^VIX
675,,2022-05-03,,,,,,,,,,,,,,,,,335.0,92.42091158111464,95.5148972152892,92.42091158111464,95.0815658569336,1064600.0,0.0,0.0,0.0,VDE
676,,2022-05-03,,,,,,,,,,,,,,,,,1755.0,31.760000228881836,32.81999969482422,29.059999465942383,29.25,0.0,0.0,0.0,,^VIX
677,,2022-05-04,,,,,,,,,,,,,,,,,336.0,96.84086632350154,99.21552634463974,95.55820952065552,99.0075225830078,1443400.0,0.0,0.0,0.0,VDE
678,,2022-05-04,,,,,,,,,,,,,,,,,1756.0,29.1200008392334,29.420000076293945,24.940000534057617,25.420000076293945,0.0,0.0,0.0,,^VIX
679,,2022-05-05,,,,,,,,,,,,,,,,,337.0,99.66617732434771,99.75284224307744,95.32419679126156,97.37818908691406,1082000.0,0.0,0.0,0.0,VDE
680,,2022-05-05,,,,,,,,,,,,,,,,,1757.0,25.969999313354492,33.20000076293945,25.780000686645508,31.200000762939453,0.0,0.0,0.0,,^VIX
681,,2022-05-06,,,,,,,,,,,,,,,,,338.0,98.50487880123984,99.90886804579016,96.42488714355608,99.83087158203124,921200.0,0.0,0.0,0.0,VDE
682,,2022-05-06,,,,,,,,,,,,,,,,,1758.0,32.22999954223633,35.34000015258789,29.829999923706055,30.190000534057617,0.0,0.0,0.0,,^VIX
683,,2022-05-09,,,,,,,,,,,,,,,,,339.0,97.69886890359884,97.8288629920632,90.96489741251334,91.33756256103516,1309300.0,0.0,0.0,0.0,VDE
684,,2022-05-09,,,,,,,,,,,,,,,,,1759.0,31.899999618530273,35.47999954223633,31.899999618530273,34.75,0.0,0.0,0.0,,^VIX
685,,2022-05-10,,,,,,,,,,,,,,,,,340.0,92.5769047422582,94.422893821029,89.95958642784291,92.0135726928711,4441200.0,0.0,0.0,0.0,VDE
686,,2022-05-10,,,,,,,,,,,,,,,,,1760.0,33.65999984741211,34.84000015258789,32.2400016784668,32.9900016784668,0.0,0.0,0.0,,^VIX
687,,2022-05-11,,,,,,,,,,,,,,,,,341.0,93.6342286624927,96.4162148318274,92.93223406813198,93.12289428710938,918500.0,0.0,0.0,0.0,VDE
688,,2022-05-11,,,,,,,,,,,,,,,,,1761.0,32.869998931884766,34.38999938964844,30.690000534057617,32.560001373291016,0.0,0.0,0.0,,^VIX
689,,2022-05-12,,,,,,,,,,,,,,,,,342.0,92.8455638903695,93.49556085390024,90.56624358528173,93.41756439208984,877100.0,0.0,0.0,0.0,VDE
690,,2022-05-12,,,,,,,,,,,,,,,,,1762.0,33.7400016784668,34.7599983215332,31.700000762939453,31.770000457763672,0.0,0.0,0.0,,^VIX
691,,2022-05-13,,,,,,,,,,,,,,,,,343.0,94.8908882645141,97.0228775129379,94.67422260985178,96.58954620361328,707100.0,0.0,0.0,0.0,VDE
692,,2022-05-13,,,,,,,,,,,,,,,,,1763.0,31.09000015258789,31.200000762939453,28.780000686645508,28.8700008392334,0.0,0.0,0.0,,^VIX
693,,2022-05-16,,,,,,,,,,,,,,,,,344.0,96.85821885893267,100.08220494969127,96.85821885893267,99.04220581054688,1079200.0,0.0,0.0,0.0,VDE
694,,2022-05-16,,,,,,,,,,,,,,,,,1764.0,30.010000228881836,30.229999542236328,27.36000061035156,27.469999313354492,0.0,0.0,0.0,,^VIX
695,,2022-05-17,,,,,,,,,,,,,,,,,345.0,100.39420452026503,101.02687120390942,99.32821309646164,100.46353912353516,1025100.0,0.0,0.0,0.0,VDE
696,,2022-05-17,,,,,,,,,,,,,,,,,1765.0,27.06999969482422,27.170000076293945,25.510000228881836,26.100000381469727,0.0,0.0,0.0,,^VIX
697,,2022-05-18,,,,,,,,,,,,,,,,,346.0,101.19152629079711,101.25219240787108,96.5808815568434,97.83753967285156,829000.0,0.0,0.0,0.0,VDE
698,,2022-05-18,,,,,,,,,,,,,,,,,1766.0,26.739999771118164,31.489999771118164,26.209999084472656,30.959999084472656,0.0,0.0,0.0,,^VIX
699,,2022-05-19,,,,,,,,,,,,,,,,,347.0,95.73156537940868,99.12888173019527,95.53223665217364,97.5342254638672,751500.0,0.0,0.0,0.0,VDE
700,,2022-05-19,,,,,,,,,,,,,,,,,1767.0,31.239999771118164,33.11000061035156,29.059999465942383,29.350000381469727,0.0,0.0,0.0,,^VIX
701,,2022-05-20,,,,,,,,,,,,,,,,,348.0,98.47021046831456,99.67487099586968,95.94821903947616,97.96754455566406,654800.0,0.0,0.0,0.0,VDE
702,,2022-05-20,,,,,,,,,,,,,,,,,1768.0,28.780000686645508,32.90999984741211,28.059999465942383,29.43000030517578,0.0,0.0,0.0,,^VIX
703,,2022-05-23,,,,,,,,,,,,,,,,,349.0,99.04221414125158,101.0702083352909,98.5222178339967,100.75820922851562,871700.0,0.0,0.0,0.0,VDE
704,,2022-05-23,,,,,,,,,,,,,,,,,1769.0,28.979999542236328,30.38999938964844,28.290000915527344,28.479999542236328,0.0,0.0,0.0,,^VIX
705,,2022-05-24,,,,,,,,,,,,,,,,,350.0,99.55354350932606,101.48619756503231,98.78221426024344,101.07886505126952,816000.0,0.0,0.0,0.0,VDE
706,,2022-05-24,,,,,,,,,,,,,,,,,1770.0,29.43000030517578,31.06999969482422,29.040000915527344,29.450000762939453,0.0,0.0,0.0,,^VIX
707,,2022-05-25,,,,,,,,,,,,,,,,,351.0,101.37353412518276,103.55752115626116,101.30419952429482,103.35819244384766,796800.0,0.0,0.0,0.0,VDE
708,,2022-05-25,,,,,,,,,,,,,,,,,1771.0,29.329999923706055,30.229999542236328,28.15999984741211,28.3700008392334,0.0,0.0,0.0,,^VIX
709,,2022-05-26,,,,,,,,,,,,,,,,,352.0,104.07752673955052,105.56818773129632,104.07752673955052,104.72752380371094,921100.0,0.0,0.0,0.0,VDE
710,,2022-05-26,,,,,,,,,,,,,,,,,1772.0,28.420000076293945,28.459999084472656,27.11000061035156,27.5,0.0,0.0,0.0,,^VIX
711,,2022-05-27,,,,,,,,,,,,,,,,,353.0,104.2161737344608,106.8161614367758,103.9995080926012,106.781494140625,748200.0,0.0,0.0,0.0,VDE
712,,2022-05-27,,,,,,,,,,,,,,,,,1773.0,27.5,27.540000915527344,25.56999969482422,25.719999313354492,0.0,0.0,0.0,,^VIX
713,,2022-05-31,,,,,,,,,,,,,,,,,354.0,108.33282623827108,109.060819656779,104.56284520760144,105.0741729736328,1347600.0,0.0,0.0,0.0,VDE
714,,2022-05-31,,,,,,,,,,,,,,,,,1774.0,27.469999313354492,28.350000381469727,25.940000534057617,26.190000534057617,0.0,0.0,0.0,,^VIX
715,17.0,2022-06-01,202.669,165.382,5.3,367.927,349.8,203.35,262.418,56.916,140.819,407.819,243.575,256.074,280.251,33.7,294.68,296.311,355.0,106.54749954361787,107.8648237539424,105.40350520419292,107.07616424560548,878700.0,0.0,0.0,0.0,VDE
716,17.0,2022-06-01,202.669,165.382,5.3,367.927,349.8,203.35,262.418,56.916,140.819,407.819,243.575,256.074,280.251,33.7,294.68,296.311,1775.0,26.049999237060547,27.729999542236328,25.3799991607666,25.690000534057617,0.0,0.0,0.0,,^VIX
717,,2022-06-02,,,,,,,,,,,,,,,,,356.0,106.26150684767808,107.61349845056267,105.79350822850004,106.85083770751952,714000.0,0.0,0.0,0.0,VDE
718,,2022-06-02,,,,,,,,,,,,,,,,,1776.0,25.729999542236328,26.5,24.329999923706055,24.719999313354492,0.0,0.0,0.0,,^VIX
719,,2022-06-03,,,,,,,,,,,,,,,,,357.0,107.02417183068069,108.52350116700777,106.94617536378333,108.21150207519533,702200.0,0.0,0.0,0.0,VDE
720,,2022-06-03,,,,,,,,,,,,,,,,,1777.0,24.90999984741211,25.959999084472656,24.760000228881836,24.790000915527344,0.0,0.0,0.0,,^VIX
721,,2022-06-06,,,,,,,,,,,,,,,,,358.0,108.80082663539798,108.92215887381695,107.57016729594204,108.28083038330078,569600.0,0.0,0.0,0.0,VDE
722,,2022-06-06,,,,,,,,,,,,,,,,,1778.0,25.3700008392334,25.809999465942383,24.81999969482422,25.06999969482422,0.0,0.0,0.0,,^VIX
723,,2022-06-07,,,,,,,,,,,,,,,,,359.0,108.2808309689089,111.8081409918799,108.09883261029616,111.7908172607422,1034000.0,0.0,0.0,0.0,VDE
724,,2022-06-07,,,,,,,,,,,,,,,,,1779.0,25.540000915527344,26.239999771118164,23.8799991607666,24.020000457763672,0.0,0.0,0.0,,^VIX
725,,2022-06-08,,,,,,,,,,,,,,,,,360.0,112.21547547290918,112.96948096586588,111.05415070344618,111.66948699951172,1146700.0,0.0,0.0,0.0,VDE
726,,2022-06-08,,,,,,,,,,,,,,,,,1780.0,24.3700008392334,24.780000686645508,23.739999771118164,23.959999084472656,0.0,0.0,0.0,,^VIX
727,,2022-06-09,,,,,,,,,,,,,,,,,361.0,110.68147664378748,111.33148018705418,109.08682067983128,109.1301498413086,866100.0,0.0,0.0,0.0,VDE
728,,2022-06-09,,,,,,,,,,,,,,,,,1781.0,24.290000915527344,26.239999771118164,23.81999969482422,26.09000015258789,0.0,0.0,0.0,,^VIX
729,,2022-06-10,,,,,,,,,,,,,,,,,362.0,108.01215300982032,109.52881249736598,105.9928342601779,107.3448257446289,1258900.0,0.0,0.0,0.0,VDE
730,,2022-06-10,,,,,,,,,,,,,,,,,1782.0,26.260000228881836,29.6299991607666,26.049999237060547,27.75,0.0,0.0,0.0,,^VIX
731,,2022-06-13,,,,,,,,,,,,,,,,,363.0,103.8175067095716,104.20750220866476,99.51019281748158,101.5295181274414,2135800.0,0.0,0.0,0.0,VDE
732,,2022-06-13,,,,,,,,,,,,,,,,,1783.0,31.3700008392334,35.04999923706055,31.290000915527344,34.02000045776367,0.0,0.0,0.0,,^VIX
733,,2022-06-14,,,,,,,,,,,,,,,,,364.0,103.7135205636258,104.71885243882323,100.10820727971922,101.45153045654295,988600.0,0.0,0.0,0.0,VDE
734,,2022-06-14,,,,,,,,,,,,,,,,,1784.0,33.0099983215332,34.0,32.060001373291016,32.689998626708984,0.0,0.0,0.0,,^VIX
735,,2022-06-15,,,,,,,,,,,,,,,,,365.0,101.24353416045142,101.98019611710116,97.79421377970267,99.5448760986328,1354600.0,0.0,0.0,0.0,VDE
736,,2022-06-15,,,,,,,,,,,,,,,,,1785.0,32.38999938964844,32.77000045776367,27.760000228881836,29.6200008392334,0.0,0.0,0.0,,^VIX
737,,2022-06-16,,,,,,,,,,,,,,,,,366.0,97.14419277634424,97.44752992955748,93.21821285779674,93.94621276855467,1971900.0,0.0,0.0,0.0,VDE
738,,2022-06-16,,,,,,,,,,,,,,,,,1786.0,30.350000381469727,34.81999969482422,30.350000381469727,32.95000076293945,0.0,0.0,0.0,,^VIX
739,,2022-06-17,,,,,,,,,,,,,,,,,367.0,93.4175658373039,94.076231288596,87.58492341832554,88.70291900634766,2591400.0,0.0,0.0,0.0,VDE
740,,2022-06-17,,,,,,,,,,,,,,,,,1787.0,32.84000015258789,33.310001373291016,30.469999313354492,31.1299991607666,0.0,0.0,0.0,,^VIX
741,,2022-06-21,,,,,,,,,,,,,,,,,368.0,90.92158584145804,93.80756756950132,90.8609131056245,93.1922378540039,1572500.0,0.0,0.0,0.0,VDE
742,,2022-06-21,,,,,,,,,,,,,,,,,1788.0,30.6299991607666,30.649999618530273,29.329999923706055,30.190000534057617,0.0,0.0,0.0,,^VIX
743,,2022-06-22,,,,,,,,,,,,,,,,,369.0,88.3909255711253,90.8435825615591,88.05292765225835,89.04959106445312,2379000.0,0.0,0.0,0.0,VDE
744,,2022-06-22,,,,,,,,,,,,,,,,,1789.0,31.450000762939453,31.56999969482422,28.780000686645508,28.950000762939453,0.0,0.0,0.0,,^VIX
745,,2022-06-23,,,,,,,,,,,,,,,,,370.0,89.59049247356832,90.1594056863939,84.32148950124694,85.72189331054688,1743400.0,1.008,0.0,0.0,VDE
746,,2022-06-23,,,,,,,,,,,,,,,,,1790.0,29.290000915527344,29.770000457763672,28.739999771118164,29.049999237060547,0.0,0.0,0.0,,^VIX
747,,2022-06-24,,,,,,,,,,,,,,,,,371.0,87.12229188095115,88.89904639713771,86.04573260335724,87.1748046875,1438900.0,0.0,0.0,0.0,VDE
748,,2022-06-24,,,,,,,,,,,,,,,,,1791.0,29.06999969482422,29.719999313354492,26.829999923706055,27.229999542236328,0.0,0.0,0.0,,^VIX
749,,2022-06-27,,,,,,,,,,,,,,,,,372.0,88.2951241595771,90.46574480071912,88.04130112686472,89.85307312011719,1357100.0,0.0,0.0,0.0,VDE
750,,2022-06-27,,,,,,,,,,,,,,,,,1792.0,28.299999237060547,28.65999984741211,26.93000030517578,26.950000762939453,0.0,0.0,0.0,,^VIX
751,,2022-06-28,,,,,,,,,,,,,,,,,373.0,91.90990045575826,93.71291128042076,90.86835199649944,92.24249267578124,1423900.0,0.0,0.0,0.0,VDE
752,,2022-06-28,,,,,,,,,,,,,,,,,1793.0,26.899999618530273,28.68000030517578,26.469999313354492,28.36000061035156,0.0,0.0,0.0,,^VIX
753,,2022-06-29,,,,,,,,,,,,,,,,,374.0,93.58162335578083,93.9317242983322,88.82027324099057,89.10910034179688,1265200.0,0.0,0.0,0.0,VDE
754,,2022-06-29,,,,,,,,,,,,,,,,,1794.0,28.799999237060547,29.36000061035156,27.850000381469727,28.15999984741211,0.0,0.0,0.0,,^VIX
755,,2022-06-30,,,,,,,,,,,,,,,,,375.0,86.98224401437557,89.27539881936521,86.2032729314358,87.06101989746094,1357200.0,0.0,0.0,0.0,VDE
756,,2022-06-30,,,,,,,,,,,,,,,,,1795.0,29.420000076293945,30.219999313354492,28.280000686645508,28.709999084472656,0.0,0.0,0.0,,^VIX
757,18.0,2022-07-01,202.126,166.387,5.2,370.448,346.79,204.018,256.526,56.804,140.284,414.872,236.704,256.76,272.274,33.8,295.646,296.276,376.0,87.96251526788122,88.56643915133468,85.19672551290752,88.12881469726562,942100.0,0.0,0.0,0.0,VDE
758,18.0,2022-07-01,202.126,166.387,5.2,370.448,346.79,204.018,256.526,56.804,140.284,414.872,236.704,256.76,272.274,33.8,295.646,296.276,1796.0,29.530000686645508,29.59000015258789,26.690000534057617,26.700000762939453,0.0,0.0,0.0,,^VIX
759,,2022-07-05,,,,,,,,,,,,,,,,,377.0,86.3170629666305,86.55337726992887,82.63226529938974,84.46153259277344,1873000.0,0.0,0.0,0.0,VDE
760,,2022-07-05,,,,,,,,,,,,,,,,,1797.0,27.3700008392334,29.81999969482422,27.299999237060547,27.540000915527344,0.0,0.0,0.0,,^VIX
761,,2022-07-06,,,,,,,,,,,,,,,,,378.0,83.47248755895305,85.03042948703101,80.34784934431947,82.82479858398438,2066500.0,0.0,0.0,0.0,VDE
762,,2022-07-06,,,,,,,,,,,,,,,,,1798.0,27.84000015258789,28.06999969482422,26.43000030517578,26.729999542236328,0.0,0.0,0.0,,^VIX
763,,2022-07-07,,,,,,,,,,,,,,,,,379.0,85.00417941829222,86.91222237373391,84.91664918223623,86.15950775146484,1512200.0,0.0,0.0,0.0,VDE
764,,2022-07-07,,,,,,,,,,,,,,,,,1799.0,26.729999542236328,26.790000915527344,25.65999984741211,26.079999923706055,0.0,0.0,0.0,,^VIX
765,,2022-07-08,,,,,,,,,,,,,,,,,380.0,87.24482948458405,87.62994122069723,84.94292678377255,86.12451171875,732800.0,0.0,0.0,0.0,VDE
766,,2022-07-08,,,,,,,,,,,,,,,,,1800.0,26.40999984741211,26.61000061035156,24.43000030517578,24.63999938964844,0.0,0.0,0.0,,^VIX
767,,2022-07-11,,,,,,,,,,,,,,,,,381.0,85.12672540261802,86.05448726891396,84.1551984122959,85.26676177978516,645700.0,0.0,0.0,0.0,VDE
768,,2022-07-11,,,,,,,,,,,,,,,,,1801.0,26.420000076293945,26.739999771118164,25.790000915527344,26.170000076293945,0.0,0.0,0.0,,^VIX
769,,2022-07-12,,,,,,,,,,,,,,,,,382.0,83.09613176543942,84.08516060733939,82.08083984763563,83.5775146484375,980800.0,0.0,0.0,0.0,VDE
770,,2022-07-12,,,,,,,,,,,,,,,,,1802.0,27.13999938964844,27.75,25.81999969482422,27.290000915527344,0.0,0.0,0.0,,^VIX
771,,2022-07-13,,,,,,,,,,,,,,,,,383.0,82.45719713749475,85.25799759247072,82.44844277886014,83.5775146484375,880700.0,0.0,0.0,0.0,VDE
772,,2022-07-13,,,,,,,,,,,,,,,,,1803.0,27.350000381469727,29.059999465942383,26.229999542236328,26.81999969482422,0.0,0.0,0.0,,^VIX
773,,2022-07-14,,,,,,,,,,,,,,,,,384.0,80.75921673919326,82.18587678477905,79.5338735655385,82.07209014892578,1226700.0,0.0,0.0,0.0,VDE
774,,2022-07-14,,,,,,,,,,,,,,,,,1804.0,27.469999313354492,28.450000762939453,26.200000762939453,26.399999618530273,0.0,0.0,0.0,,^VIX
775,,2022-07-15,,,,,,,,,,,,,,,,,385.0,83.89261371821716,83.99764600016184,82.11585935044337,83.63004302978516,784000.0,0.0,0.0,0.0,VDE
776,,2022-07-15,,,,,,,,,,,,,,,,,1805.0,26.719999313354492,26.719999313354492,24.1299991607666,24.229999542236328,0.0,0.0,0.0,,^VIX
777,,2022-07-18,,,,,,,,,,,,,,,,,386.0,85.58184697689825,86.86846408772506,85.09170966900993,85.44181060791016,990700.0,0.0,0.0,0.0,VDE
778,,2022-07-18,,,,,,,,,,,,,,,,,1806.0,24.829999923706055,25.90999984741211,24.3799991607666,25.299999237060547,0.0,0.0,0.0,,^VIX
779,,2022-07-19,,,,,,,,,,,,,,,,,387.0,85.43307228573589,88.41766849242934,85.43307228573589,88.17259979248047,1028000.0,0.0,0.0,0.0,VDE
780,,2022-07-19,,,,,,,,,,,,,,,,,1807.0,25.1200008392334,25.40999984741211,24.229999542236328,24.5,0.0,0.0,0.0,,^VIX
781,,2022-07-20,,,,,,,,,,,,,,,,,388.0,87.27106704950097,89.73051432255944,86.9122184727321,89.38916778564453,1101200.0,0.0,0.0,0.0,VDE
782,,2022-07-20,,,,,,,,,,,,,,,,,1808.0,24.229999542236328,24.729999542236328,23.399999618530273,23.8799991607666,0.0,0.0,0.0,,^VIX
783,,2022-07-21,,,,,,,,,,,,,,,,,389.0,87.00849622787605,87.82247129317933,85.18797691589178,87.76995849609375,967600.0,0.0,0.0,0.0,VDE
784,,2022-07-21,,,,,,,,,,,,,,,,,1809.0,24.06999969482422,24.670000076293945,22.920000076293945,23.11000061035156,0.0,0.0,0.0,,^VIX
785,,2022-07-22,,,,,,,,,,,,,,,,,390.0,88.03254489727162,88.96030668857327,86.41333560349464,86.90347290039062,594600.0,0.0,0.0,0.0,VDE
786,,2022-07-22,,,,,,,,,,,,,,,,,1810.0,23.299999237060547,23.809999465942383,22.40999984741211,23.030000686645508,0.0,0.0,0.0,,^VIX
787,,2022-07-25,,,,,,,,,,,,,,,,,391.0,87.9362657865406,90.45698043632684,87.17479677261673,90.36070251464844,603800.0,0.0,0.0,0.0,VDE
788,,2022-07-25,,,,,,,,,,,,,,,,,1811.0,24.329999923706055,24.56999969482422,23.190000534057617,23.36000061035156,0.0,0.0,0.0,,^VIX
789,,2022-07-26,,,,,,,,,,,,,,,,,392.0,91.57730230200846,91.9361576044604,89.10910033963047,89.7392807006836,1783700.0,0.0,0.0,0.0,VDE
790,,2022-07-26,,,,,,,,,,,,,,,,,1812.0,23.950000762939453,25.309999465942383,23.81999969482422,24.690000534057617,0.0,0.0,0.0,,^VIX
791,,2022-07-27,,,,,,,,,,,,,,,,,393.0,90.5182363965642,92.34751000447346,89.46794042519221,91.93614196777344,654100.0,0.0,0.0,0.0,VDE
792,,2022-07-27,,,,,,,,,,,,,,,,,1813.0,24.270000457763672,24.40999984741211,23.020000457763672,23.239999771118164,0.0,0.0,0.0,,^VIX
793,,2022-07-28,,,,,,,,,,,,,,,,,394.0,92.6976340969896,93.45909652972168,90.6320457155088,92.27751159667967,802500.0,0.0,0.0,0.0,VDE
794,,2022-07-28,,,,,,,,,,,,,,,,,1814.0,23.329999923706055,23.540000915527344,22.219999313354492,22.329999923706055,0.0,0.0,0.0,,^VIX
795,,2022-07-29,,,,,,,,,,,,,,,,,395.0,94.20304311267591,96.49619779064614,93.931718072053,96.25112915039062,991700.0,0.0,0.0,0.0,VDE
796,,2022-07-29,,,,,,,,,,,,,,,,,1815.0,22.1299991607666,22.15999984741211,21.209999084472656,21.329999923706055,0.0,0.0,0.0,,^VIX
797,19.0,2022-08-01,198.87,167.175,4.8,373.283,342.753,200.068,251.494,56.632,139.965,416.591,254.138,257.241,269.546,33.8,297.178,296.171,396.0,94.36936784649302,94.8069924435696,92.89019457153526,94.19432067871094,913300.0,0.0,0.0,0.0,VDE
798,19.0,2022-08-01,198.87,167.175,4.8,373.283,342.753,200.068,251.494,56.632,139.965,416.591,254.138,257.241,269.546,33.8,297.178,296.171,1816.0,22.40999984741211,23.270000457763672,22.260000228881836,22.84000015258789,0.0,0.0,0.0,,^VIX
799,,2022-08-02,,,,,,,,,,,,,,,,,397.0,94.22930222967462,94.9557537605753,93.1877538747512,94.04549407958984,486800.0,0.0,0.0,0.0,VDE
800,,2022-08-02,,,,,,,,,,,,,,,,,1817.0,24.079999923706055,24.68000030517578,22.670000076293945,23.93000030517578,0.0,0.0,0.0,,^VIX
801,,2022-08-03,,,,,,,,,,,,,,,,,398.0,94.52689980205623,94.67569054170832,90.78083484128292,91.47228240966795,753100.0,0.0,0.0,0.0,VDE
802,,2022-08-03,,,,,,,,,,,,,,,,,1818.0,23.86000061035156,23.920000076293945,21.68000030517578,21.950000762939453,0.0,0.0,0.0,,^VIX
803,,2022-08-04,,,,,,,,,,,,,,,,,399.0,90.8596143879471,91.13969385581896,87.78749460280869,88.10258483886719,1033100.0,0.0,0.0,0.0,VDE
804,,2022-08-04,,,,,,,,,,,,,,,,,1819.0,22.059999465942383,22.65999984741211,21.440000534057617,21.440000534057617,0.0,0.0,0.0,,^VIX
805,,2022-08-05,,,,,,,,,,,,,,,,,400.0,87.19228950229238,90.78080831436186,86.78967584802298,89.9493179321289,786900.0,0.0,0.0,0.0,VDE
806,,2022-08-05,,,,,,,,,,,,,,,,,1820.0,21.5,22.579999923706055,20.760000228881836,21.149999618530273,0.0,0.0,0.0,,^VIX
807,,2022-08-08,,,,,,,,,,,,,,,,,401.0,89.77429114411505,91.24470975548084,89.77429114411505,90.31694793701172,1262300.0,0.0,0.0,0.0,VDE
808,,2022-08-08,,,,,,,,,,,,,,,,,1821.0,21.739999771118164,22.010000228881836,20.829999923706055,21.290000915527344,0.0,0.0,0.0,,^VIX
809,,2022-08-09,,,,,,,,,,,,,,,,,402.0,91.63856254557668,93.1615005289826,91.51602822658349,92.00617218017578,619200.0,0.0,0.0,0.0,VDE
810,,2022-08-09,,,,,,,,,,,,,,,,,1822.0,21.40999984741211,22.229999542236328,21.40999984741211,21.770000457763672,0.0,0.0,0.0,,^VIX
811,,2022-08-10,,,,,,,,,,,,,,,,,403.0,92.22498926615042,93.26653103234456,90.43072615031242,92.75013732910156,702400.0,0.0,0.0,0.0,VDE
812,,2022-08-10,,,,,,,,,,,,,,,,,1823.0,22.280000686645508,22.34000015258789,19.540000915527344,19.739999771118164,0.0,0.0,0.0,,^VIX
813,,2022-08-11,,,,,,,,,,,,,,,,,404.0,94.47439081785924,96.89882790792944,94.36935852099634,96.04983520507812,1051200.0,0.0,0.0,0.0,VDE
814,,2022-08-11,,,,,,,,,,,,,,,,,1824.0,19.84000015258789,20.850000381469727,19.709999084472656,20.200000762939453,0.0,0.0,0.0,,^VIX
815,,2022-08-12,,,,,,,,,,,,,,,,,405.0,95.48966390049914,96.9338260759813,95.08705016461306,96.9250717163086,594100.0,0.0,0.0,0.0,VDE
816,,2022-08-12,,,,,,,,,,,,,,,,,1825.0,20.34000015258789,20.350000381469727,19.1200008392334,19.530000686645508,0.0,0.0,0.0,,^VIX
817,,2022-08-15,,,,,,,,,,,,,,,,,406.0,93.432825307332,95.4634026019416,92.33876412106348,94.92074584960938,733100.0,0.0,0.0,0.0,VDE
818,,2022-08-15,,,,,,,,,,,,,,,,,1826.0,20.739999771118164,21.15999984741211,19.809999465942383,19.950000762939453,0.0,0.0,0.0,,^VIX
819,,2022-08-16,,,,,,,,,,,,,,,,,407.0,95.27960372540078,96.27738702031078,94.20304455056645,94.82447052001952,706800.0,0.0,0.0,0.0,VDE
820,,2022-08-16,,,,,,,,,,,,,,,,,1827.0,20.229999542236328,20.38999938964844,19.5,19.690000534057617,0.0,0.0,0.0,,^VIX
821,,2022-08-17,,,,,,,,,,,,,,,,,408.0,94.5006342795131,96.53996602367975,94.17678975008968,95.55968475341795,544200.0,0.0,0.0,0.0,VDE
822,,2022-08-17,,,,,,,,,,,,,,,,,1828.0,19.739999771118164,20.6299991607666,19.40999984741211,19.899999618530273,0.0,0.0,0.0,,^VIX
823,,2022-08-18,,,,,,,,,,,,,,,,,409.0,96.58373167734892,98.51803128345132,96.58373167734892,98.38674926757812,770800.0,0.0,0.0,0.0,VDE
824,,2022-08-18,,,,,,,,,,,,,,,,,1829.0,20.510000228881836,20.61000061035156,19.43000030517578,19.559999465942383,0.0,0.0,0.0,,^VIX
825,,2022-08-19,,,,,,,,,,,,,,,,,410.0,98.0628941384346,98.8243631364806,97.51148969837207,98.15917205810548,518600.0,0.0,0.0,0.0,VDE
826,,2022-08-19,,,,,,,,,,,,,,,,,1830.0,20.15999984741211,21.270000457763672,20.079999923706055,20.600000381469727,0.0,0.0,0.0,,^VIX
827,,2022-08-22,,,,,,,,,,,,,,,,,411.0,97.48524362973497,98.66683527229368,95.7697561726008,98.04540252685548,589500.0,0.0,0.0,0.0,VDE
828,,2022-08-22,,,,,,,,,,,,,,,,,1831.0,22.40999984741211,24.6200008392334,22.38999938964844,23.799999237060547,0.0,0.0,0.0,,^VIX
829,,2022-08-23,,,,,,,,,,,,,,,,,412.0,99.72586880324148,102.36911772863576,99.65584728369764,101.38008880615234,886300.0,0.0,0.0,0.0,VDE
830,,2022-08-23,,,,,,,,,,,,,,,,,1832.0,24.1299991607666,24.209999084472656,23.06999969482422,24.11000061035156,0.0,0.0,0.0,,^VIX
831,,2022-08-24,,,,,,,,,,,,,,,,,413.0,101.5463853674655,102.84175681701556,100.99498090507062,102.68421173095705,664300.0,0.0,0.0,0.0,VDE
832,,2022-08-24,,,,,,,,,,,,,,,,,1833.0,24.3700008392334,24.86000061035156,22.729999542236328,22.81999969482422,0.0,0.0,0.0,,^VIX
833,,2022-08-25,,,,,,,,,,,,,,,,,414.0,103.28812076076689,103.89203793877944,102.45663032976978,103.36688995361328,832800.0,0.0,0.0,0.0,VDE
834,,2022-08-25,,,,,,,,,,,,,,,,,1834.0,22.40999984741211,23.1299991607666,21.770000457763672,21.780000686645508,0.0,0.0,0.0,,^VIX
835,,2022-08-26,,,,,,,,,,,,,,,,,415.0,103.30564439545746,104.37344930583156,101.78271291682934,102.2553482055664,913600.0,0.0,0.0,0.0,VDE
836,,2022-08-26,,,,,,,,,,,,,,,,,1835.0,22.06999969482422,25.899999618530273,21.670000076293945,25.559999465942383,0.0,0.0,0.0,,^VIX
837,,2022-08-29,,,,,,,,,,,,,,,,,416.0,101.94901325525882,105.09115416949288,101.8789917279616,103.67324829101562,974000.0,0.0,0.0,0.0,VDE
838,,2022-08-29,,,,,,,,,,,,,,,,,1836.0,26.86000061035156,27.670000076293945,25.469999313354492,26.209999084472656,0.0,0.0,0.0,,^VIX
839,,2022-08-30,,,,,,,,,,,,,,,,,417.0,102.0277776763116,102.0277776763116,99.07818608416116,99.97969818115234,1434200.0,0.0,0.0,0.0,VDE
840,,2022-08-30,,,,,,,,,,,,,,,,,1837.0,25.75,27.690000534057617,25.1299991607666,26.209999084472656,0.0,0.0,0.0,,^VIX
841,,2022-08-31,,,,,,,,,,,,,,,,,418.0,98.17668747537058,100.88995828161164,97.108882531805,99.33201599121094,877300.0,0.0,0.0,0.0,VDE
842,,2022-08-31,,,,,,,,,,,,,,,,,1838.0,25.86000061035156,26.6200008392334,25.309999465942383,25.8700008392334,0.0,0.0,0.0,,^VIX
843,20.0,2022-09-01,197.733,167.846,4.7,376.569,336.464,197.526,251.891,56.822,140.066,416.819,254.218,257.796,267.898,33.7,298.442,296.808,419.0,97.88783570253118,98.167921766573,95.56843141385374,96.83753967285156,961800.0,0.0,0.0,0.0,VDE
844,20.0,2022-09-01,197.733,167.846,4.7,376.569,336.464,197.526,251.891,56.822,140.066,416.819,254.218,257.796,267.898,33.7,298.442,296.808,1839.0,26.8799991607666,27.450000762939453,25.25,25.559999465942383,0.0,0.0,0.0,,^VIX
845,,2022-09-02,,,,,,,,,,,,,,,,,420.0,99.19197065987504,99.91842893167804,98.06289864984409,98.85062408447266,637700.0,0.0,0.0,0.0,VDE
846,,2022-09-02,,,,,,,,,,,,,,,,,1840.0,25.510000228881836,26.280000686645508,23.190000534057617,25.469999313354492,0.0,0.0,0.0,,^VIX
847,,2022-09-06,,,,,,,,,,,,,,,,,421.0,99.57708186472738,99.94469154213785,97.43272435499802,97.7565689086914,594500.0,0.0,0.0,0.0,VDE
848,,2022-09-06,,,,,,,,,,,,,,,,,1841.0,25.459999084472656,27.799999237060547,25.329999923706055,26.90999984741211,0.0,0.0,0.0,,^VIX
849,,2022-09-07,,,,,,,,,,,,,,,,,422.0,95.61220954398723,96.98635035999796,94.75446916787952,96.60999298095705,957300.0,0.0,0.0,0.0,VDE
850,,2022-09-07,,,,,,,,,,,,,,,,,1842.0,26.93000030517578,27.149999618530273,24.540000915527344,24.63999938964844,0.0,0.0,0.0,,^VIX
851,,2022-09-08,,,,,,,,,,,,,,,,,423.0,97.05636733866596,97.6340349211994,96.02357318491676,97.17890167236328,697900.0,0.0,0.0,0.0,VDE
852,,2022-09-08,,,,,,,,,,,,,,,,,1843.0,24.700000762939453,25.899999618530273,23.559999465942383,23.61000061035156,0.0,0.0,0.0,,^VIX
853,,2022-09-09,,,,,,,,,,,,,,,,,424.0,99.01692613357017,100.11974184540829,98.30797651477022,99.6558609008789,531800.0,0.0,0.0,0.0,VDE
854,,2022-09-09,,,,,,,,,,,,,,,,,1844.0,23.489999771118164,23.56999969482422,22.63999938964844,22.790000915527344,0.0,0.0,0.0,,^VIX
855,,2022-09-12,,,,,,,,,,,,,,,,,425.0,100.9774750852046,102.38662644733157,100.1022261237652,101.38008880615234,1000900.0,0.0,0.0,0.0,VDE
856,,2022-09-12,,,,,,,,,,,,,,,,,1845.0,23.579999923706055,24.229999542236328,23.15999984741211,23.8700008392334,0.0,0.0,0.0,,^VIX
857,,2022-09-13,,,,,,,,,,,,,,,,,426.0,100.2510171155554,101.48511468215844,98.42174330884042,98.8243637084961,1033500.0,0.0,0.0,0.0,VDE
858,,2022-09-13,,,,,,,,,,,,,,,,,1846.0,23.670000076293945,28.149999618530273,23.530000686645508,27.270000457763672,0.0,0.0,0.0,,^VIX
859,,2022-09-14,,,,,,,,,,,,,,,,,427.0,99.87466885148706,102.70171952149131,99.87466885148706,101.89649200439452,769000.0,0.0,0.0,0.0,VDE
860,,2022-09-14,,,,,,,,,,,,,,,,,1847.0,26.729999542236328,27.559999465942383,26.15999984741211,26.15999984741211,0.0,0.0,0.0,,^VIX
861,,2022-09-15,,,,,,,,,,,,,,,,,428.0,100.00595351848791,100.53110158773596,98.79810561383545,99.2794952392578,458900.0,0.0,0.0,0.0,VDE
862,,2022-09-15,,,,,,,,,,,,,,,,,1848.0,26.100000381469727,26.93000030517578,25.420000076293945,26.270000457763672,0.0,0.0,0.0,,^VIX
863,,2022-09-16,,,,,,,,,,,,,,,,,429.0,98.96441180326136,98.96441180326136,95.4809175761718,96.96009063720705,1049100.0,0.0,0.0,0.0,VDE
864,,2022-09-16,,,,,,,,,,,,,,,,,1849.0,27.469999313354492,28.450000762939453,26.13999938964844,26.299999237060547,0.0,0.0,0.0,,^VIX
865,,2022-09-19,,,,,,,,,,,,,,,,,430.0,94.31682893239184,97.19639878563775,94.08050797589706,97.1526336669922,658700.0,0.0,0.0,0.0,VDE
866,,2022-09-19,,,,,,,,,,,,,,,,,1850.0,27.690000534057617,27.950000762939453,25.559999465942383,25.760000228881836,0.0,0.0,0.0,,^VIX
867,,2022-09-20,,,,,,,,,,,,,,,,,431.0,96.46120421634046,96.90758313497189,95.18334130904616,96.40869140625,631600.0,0.0,0.0,0.0,VDE
868,,2022-09-20,,,,,,,,,,,,,,,,,1851.0,25.649999618530273,27.809999465942383,25.61000061035156,27.15999984741211,0.0,0.0,0.0,,^VIX
869,,2022-09-21,,,,,,,,,,,,,,,,,432.0,97.95786077110992,98.3429724455147,94.87698740873036,94.92074584960938,653400.0,0.0,0.0,0.0,VDE
870,,2022-09-21,,,,,,,,,,,,,,,,,1852.0,28.030000686645508,30.18000030517578,25.549999237060547,27.989999771118164,0.0,0.0,0.0,,^VIX
871,,2022-09-22,,,,,,,,,,,,,,,,,433.0,96.3824257173456,96.89881944048338,94.29932874946331,94.34309387207033,738600.0,0.0,0.0,0.0,VDE
872,,2022-09-22,,,,,,,,,,,,,,,,,1853.0,28.15999984741211,28.3799991607666,26.709999084472656,27.350000381469727,0.0,0.0,0.0,,^VIX
873,,2022-09-23,,,,,,,,,,,,,,,,,434.0,90.66705462037828,90.82459973166318,86.99976528830197,87.78749084472656,1130800.0,0.0,0.0,0.0,VDE
874,,2022-09-23,,,,,,,,,,,,,,,,,1854.0,27.68000030517578,32.310001373291016,27.579999923706055,29.920000076293945,0.0,0.0,0.0,,^VIX
875,,2022-09-26,,,,,,,,,,,,,,,,,435.0,87.0697823925717,88.33013654111781,85.42430983004944,85.49433135986328,1111600.0,0.0,0.0,0.0,VDE
876,,2022-09-26,,,,,,,,,,,,,,,,,1855.0,31.739999771118164,32.880001068115234,29.829999923706055,32.2599983215332,0.0,0.0,0.0,,^VIX
877,,2022-09-27,,,,,,,,,,,,,,,,,436.0,86.9647402138845,88.20759217753127,86.0894912235496,86.61463928222656,1829900.0,0.0,0.0,0.0,VDE
878,,2022-09-27,,,,,,,,,,,,,,,,,1856.0,31.200000762939453,34.13999938964844,30.299999237060547,32.599998474121094,0.0,0.0,0.0,,^VIX
879,,2022-09-28,,,,,,,,,,,,,,,,,437.0,87.2501364723988,91.07020825070704,87.00196569730868,90.6890869140625,982600.0,1.237,0.0,0.0,VDE
880,,2022-09-28,,,,,,,,,,,,,,,,,1857.0,34.5,34.880001068115234,30.030000686645508,30.18000030517578,0.0,0.0,0.0,,^VIX
881,,2022-09-29,,,,,,,,,,,,,,,,,438.0,89.92683752567956,90.75998800453678,88.21622422552021,90.52067565917967,1184600.0,0.0,0.0,0.0,VDE
882,,2022-09-29,,,,,,,,,,,,,,,,,1858.0,31.670000076293945,33.459999084472656,31.15999984741211,31.84000015258789,0.0,0.0,0.0,,^VIX
883,,2022-09-30,,,,,,,,,,,,,,,,,439.0,89.86479863501165,91.24746820122184,89.02278970936236,90.033203125,907100.0,0.0,0.0,0.0,VDE
884,,2022-09-30,,,,,,,,,,,,,,,,,1859.0,31.61000061035156,33.25,29.38999938964844,31.6200008392334,0.0,0.0,0.0,,^VIX
885,21.0,2022-10-01,196.905,168.743,5.0,379.436,333.796,197.549,254.03,57.313,140.74,406.555,252.599,258.277,265.061,33.6,299.315,298.012,,,,,,,,,,
886,,2022-10-03,,,,,,,,,,,,,,,,,440.0,93.44557640444587,95.51958101362304,93.06445503239875,94.95233154296876,1559400.0,0.0,0.0,0.0,VDE
887,,2022-10-03,,,,,,,,,,,,,,,,,1860.0,33.0,33.060001373291016,29.6299991607666,30.100000381469727,0.0,0.0,0.0,,^VIX
888,,2022-10-04,,,,,,,,,,,,,,,,,441.0,97.04405436033966,99.10033512473076,96.29954205905923,99.02056884765624,1072100.0,0.0,0.0,0.0,VDE
889,,2022-10-04,,,,,,,,,,,,,,,,,1861.0,29.520000457763672,29.6200008392334,28.559999465942383,29.06999969482422,0.0,0.0,0.0,,^VIX
890,,2022-10-05,,,,,,,,,,,,,,,,,442.0,99.05601655703812,101.78590158570282,97.99241892784327,101.07684326171876,1759100.0,0.0,0.0,0.0,VDE
891,,2022-10-05,,,,,,,,,,,,,,,,,1862.0,29.36000061035156,30.11000061035156,28.5,28.549999237060547,0.0,0.0,0.0,,^VIX
892,,2022-10-06,,,,,,,,,,,,,,,,,443.0,100.3146266703765,103.06224275777434,100.3146266703765,102.7431640625,2047600.0,0.0,0.0,0.0,VDE
893,,2022-10-06,,,,,,,,,,,,,,,,,1863.0,28.600000381469727,30.739999771118164,28.559999465942383,30.520000457763672,0.0,0.0,0.0,,^VIX
894,,2022-10-07,,,,,,,,,,,,,,,,,444.0,102.92041711298764,104.07263953763396,101.16548457285111,101.91000366210938,1295000.0,0.0,0.0,0.0,VDE
895,,2022-10-07,,,,,,,,,,,,,,,,,1864.0,30.3700008392334,32.02000045776367,29.8799991607666,31.36000061035156,0.0,0.0,0.0,,^VIX
896,,2022-10-10,,,,,,,,,,,,,,,,,445.0,102.1493159762241,103.18631825519329,99.481466437804,99.81827545166016,711700.0,0.0,0.0,0.0,VDE
897,,2022-10-10,,,,,,,,,,,,,,,,,1865.0,32.93000030517578,33.9900016784668,32.04999923706055,32.45000076293945,0.0,0.0,0.0,,^VIX
898,,2022-10-11,,,,,,,,,,,,,,,,,446.0,98.0101472530287,100.81094008497809,97.51379899811504,99.07373809814452,712600.0,0.0,0.0,0.0,VDE
899,,2022-10-11,,,,,,,,,,,,,,,,,1866.0,33.560001373291016,34.43000030517578,32.45000076293945,33.630001068115234,0.0,0.0,0.0,,^VIX
900,,2022-10-12,,,,,,,,,,,,,,,,,447.0,98.48878245577336,100.50074429908048,97.7088093877291,99.86258697509766,499100.0,0.0,0.0,0.0,VDE
901,,2022-10-12,,,,,,,,,,,,,,,,,1867.0,33.540000915527344,34.529998779296875,33.11000061035156,33.56999969482422,0.0,0.0,0.0,,^VIX
902,,2022-10-13,,,,,,,,,,,,,,,,,448.0,98.2849122072652,104.23217232592462,98.2849122072652,103.8776397705078,828200.0,0.0,0.0,0.0,VDE
903,,2022-10-13,,,,,,,,,,,,,,,,,1868.0,33.599998474121094,33.869998931884766,31.6299991607666,31.940000534057617,0.0,0.0,0.0,,^VIX
904,,2022-10-14,,,,,,,,,,,,,,,,,449.0,102.94701939892306,104.18788020262323,99.80941683210948,99.97782135009766,574900.0,0.0,0.0,0.0,VDE
905,,2022-10-14,,,,,,,,,,,,,,,,,1869.0,31.88999938964844,32.97999954223633,31.13999938964844,32.02000045776367,0.0,0.0,0.0,,^VIX
906,,2022-10-17,,,,,,,,,,,,,,,,,450.0,101.65297179983202,102.87610214161757,100.97936055144515,101.30730438232422,513800.0,0.0,0.0,0.0,VDE
907,,2022-10-17,,,,,,,,,,,,,,,,,1870.0,32.27000045776367,32.59000015258789,30.700000762939453,31.3700008392334,0.0,0.0,0.0,,^VIX
908,,2022-10-18,,,,,,,,,,,,,,,,,451.0,102.25569210787076,103.16860911870428,100.23485802812098,102.11387634277344,583800.0,0.0,0.0,0.0,VDE
909,,2022-10-18,,,,,,,,,,,,,,,,,1871.0,31.100000381469727,31.93000030517578,30.420000076293945,30.5,0.0,0.0,0.0,,^VIX
910,,2022-10-19,,,,,,,,,,,,,,,,,452.0,102.22021878525842,105.3844097509606,102.22021878525842,104.96783447265624,496500.0,0.0,0.0,0.0,VDE
911,,2022-10-19,,,,,,,,,,,,,,,,,1872.0,30.940000534057617,31.899999618530273,30.760000228881836,30.760000228881836,0.0,0.0,0.0,,^VIX
912,,2022-10-20,,,,,,,,,,,,,,,,,453.0,105.72121134084104,106.87344053924107,104.498081035916,105.02101135253906,768400.0,0.0,0.0,0.0,VDE
913,,2022-10-20,,,,,,,,,,,,,,,,,1873.0,31.299999237060547,31.31999969482422,29.760000228881836,29.979999542236328,0.0,0.0,0.0,,^VIX
914,,2022-10-21,,,,,,,,,,,,,,,,,454.0,105.47304452020268,107.9902130931737,105.33122877753834,107.85726928710938,818000.0,0.0,0.0,0.0,VDE
915,,2022-10-21,,,,,,,,,,,,,,,,,1874.0,30.209999084472656,30.440000534057617,29.239999771118164,29.690000534057617,0.0,0.0,0.0,,^VIX
916,,2022-10-24,,,,,,,,,,,,,,,,,455.0,107.78636636175852,108.94745406897768,107.24570565179836,108.1497573852539,720500.0,0.0,0.0,0.0,VDE
917,,2022-10-24,,,,,,,,,,,,,,,,,1875.0,30.649999618530273,30.950000762939453,29.780000686645508,29.850000381469727,0.0,0.0,0.0,,^VIX
918,,2022-10-25,,,,,,,,,,,,,,,,,456.0,107.8749901632987,108.83222611579023,107.24569803586814,108.27384185791016,440900.0,0.0,0.0,0.0,VDE
919,,2022-10-25,,,,,,,,,,,,,,,,,1876.0,29.799999237060547,30.0,28.219999313354492,28.459999084472656,0.0,0.0,0.0,,^VIX
920,,2022-10-26,,,,,,,,,,,,,,,,,457.0,108.70814501071229,110.7466956245538,108.70814501071229,109.85150909423828,1133400.0,0.0,0.0,0.0,VDE
921,,2022-10-26,,,,,,,,,,,,,,,,,1877.0,28.440000534057617,28.520000457763672,27.270000457763672,27.280000686645508,0.0,0.0,0.0,,^VIX
922,,2022-10-27,,,,,,,,,,,,,,,,,458.0,111.2607573822171,112.16481576659284,109.9401305007308,110.1971664428711,637900.0,0.0,0.0,0.0,VDE
923,,2022-10-27,,,,,,,,,,,,,,,,,1878.0,27.510000228881836,27.670000076293945,26.940000534057617,27.38999938964844,0.0,0.0,0.0,,^VIX
924,,2022-10-28,,,,,,,,,,,,,,,,,459.0,111.535520739568,112.28003983239194,108.63723093493589,110.68464660644533,699500.0,0.0,0.0,0.0,VDE
925,,2022-10-28,,,,,,,,,,,,,,,,,1879.0,27.43000030517578,27.59000015258789,25.75,25.75,0.0,0.0,0.0,,^VIX
926,,2022-10-31,,,,,,,,,,,,,,,,,460.0,109.44378688362056,113.13090793045995,109.44378688362056,111.65960693359376,1415800.0,0.0,0.0,0.0,VDE
927,,2022-10-31,,,,,,,,,,,,,,,,,1880.0,26.90999984741211,27.06999969482422,25.84000015258789,25.8799991607666,0.0,0.0,0.0,,^VIX
928,22.0,2022-11-01,197.51,169.327,5.0,382.562,330.369,195.947,252.905,57.591,140.785,408.861,264.353,258.677,263.157,33.6,299.6,297.711,461.0,113.45885305680918,113.45885305680918,112.0673249988775,112.69661712646484,1076000.0,0.0,0.0,0.0,VDE
929,22.0,2022-11-01,197.51,169.327,5.0,382.562,330.369,195.947,252.905,57.591,140.785,408.861,264.353,258.677,263.157,33.6,299.6,297.711,1881.0,25.959999084472656,26.350000381469727,25.65999984741211,25.809999465942383,0.0,0.0,0.0,,^VIX
930,,2022-11-02,,,,,,,,,,,,,,,,,462.0,112.38640490220284,113.13091725452516,109.96672623286182,110.25035095214844,916800.0,0.0,0.0,0.0,VDE
931,,2022-11-02,,,,,,,,,,,,,,,,,1882.0,26.040000915527344,26.6200008392334,25.38999938964844,25.86000061035156,0.0,0.0,0.0,,^VIX
932,,2022-11-03,,,,,,,,,,,,,,,,,463.0,109.55901678295268,113.05115165449602,109.27539206195378,112.3686752319336,814700.0,0.0,0.0,0.0,VDE
933,,2022-11-03,,,,,,,,,,,,,,,,,1883.0,25.979999542236328,26.8700008392334,25.100000381469727,25.299999237060547,0.0,0.0,0.0,,^VIX
934,,2022-11-04,,,,,,,,,,,,,,,,,464.0,114.54016713829633,115.74557379594472,112.0052752023418,113.65383911132812,998300.0,0.0,0.0,0.0,VDE
935,,2022-11-04,,,,,,,,,,,,,,,,,1884.0,25.6299991607666,25.709999084472656,24.0,24.549999237060547,0.0,0.0,0.0,,^VIX
936,,2022-11-07,,,,,,,,,,,,,,,,,465.0,114.15905286564865,116.1976100376641,113.89315175203056,115.91397857666016,801400.0,0.0,0.0,0.0,VDE
937,,2022-11-07,,,,,,,,,,,,,,,,,1885.0,25.670000076293945,25.670000076293945,24.34000015258789,24.350000381469727,0.0,0.0,0.0,,^VIX
938,,2022-11-08,,,,,,,,,,,,,,,,,466.0,115.7101262335064,116.39260259876144,114.44267012660424,115.92283630371094,716300.0,0.0,0.0,0.0,VDE
939,,2022-11-08,,,,,,,,,,,,,,,,,1886.0,24.709999084472656,26.15999984741211,24.239999771118164,25.540000915527344,0.0,0.0,0.0,,^VIX
940,,2022-11-09,,,,,,,,,,,,,,,,,467.0,114.70858190589188,114.70858190589188,109.674237991119,109.99331665039062,937900.0,0.0,0.0,0.0,VDE
941,,2022-11-09,,,,,,,,,,,,,,,,,1887.0,25.34000015258789,26.350000381469727,25.020000457763672,26.09000015258789,0.0,0.0,0.0,,^VIX
942,,2022-11-10,,,,,,,,,,,,,,,,,468.0,112.37755444369832,112.7232219042769,110.05537210147384,112.56368255615234,615900.0,0.0,0.0,0.0,VDE
943,,2022-11-10,,,,,,,,,,,,,,,,,1888.0,26.510000228881836,26.59000015258789,22.84000015258789,23.530000686645508,0.0,0.0,0.0,,^VIX
944,,2022-11-11,,,,,,,,,,,,,,,,,469.0,114.66426854225789,116.33942820631324,114.41609774197518,115.8608169555664,919100.0,0.0,0.0,0.0,VDE
945,,2022-11-11,,,,,,,,,,,,,,,,,1889.0,23.88999938964844,23.90999984741211,22.3700008392334,22.520000457763672,0.0,0.0,0.0,,^VIX
946,,2022-11-14,,,,,,,,,,,,,,,,,470.0,115.6037613640392,117.55369389843575,115.2226467932298,115.47081756591795,598900.0,0.0,0.0,0.0,VDE
947,,2022-11-14,,,,,,,,,,,,,,,,,1890.0,23.989999771118164,24.329999923706055,22.86000061035156,23.729999542236328,0.0,0.0,0.0,,^VIX
948,,2022-11-15,,,,,,,,,,,,,,,,,471.0,116.09125833530304,117.11054383146788,115.32015716570184,116.8889617919922,551300.0,0.0,0.0,0.0,VDE
949,,2022-11-15,,,,,,,,,,,,,,,,,1891.0,23.770000457763672,26.219999313354492,23.18000030517578,24.540000915527344,0.0,0.0,0.0,,^VIX
950,,2022-11-16,,,,,,,,,,,,,,,,,472.0,115.91399569694018,116.33942942698944,113.83999104811885,114.51359558105467,539100.0,0.0,0.0,0.0,VDE
951,,2022-11-16,,,,,,,,,,,,,,,,,1892.0,24.290000915527344,24.719999313354492,23.989999771118164,24.11000061035156,0.0,0.0,0.0,,^VIX
952,,2022-11-17,,,,,,,,,,,,,,,,,473.0,112.79411611835673,114.70858130175677,112.15595880317444,114.60222625732422,439700.0,0.0,0.0,0.0,VDE
953,,2022-11-17,,,,,,,,,,,,,,,,,1893.0,24.049999237060547,25.18000030517578,23.809999465942383,23.93000030517578,0.0,0.0,0.0,,^VIX
954,,2022-11-18,,,,,,,,,,,,,,,,,474.0,112.45731308478516,114.00839410732422,111.039189399142,113.6715850830078,520600.0,0.0,0.0,0.0,VDE
955,,2022-11-18,,,,,,,,,,,,,,,,,1894.0,24.030000686645508,24.1200008392334,22.979999542236328,23.1200008392334,0.0,0.0,0.0,,^VIX
956,,2022-11-21,,,,,,,,,,,,,,,,,475.0,111.19872529225128,112.41299725286426,108.38020159589423,111.96096801757812,1051900.0,0.0,0.0,0.0,VDE
957,,2022-11-21,,,,,,,,,,,,,,,,,1895.0,24.049999237060547,24.1200008392334,22.299999237060547,22.36000061035156,0.0,0.0,0.0,,^VIX
958,,2022-11-22,,,,,,,,,,,,,,,,,476.0,113.6361312279676,115.96716492575617,113.08659861149708,115.718994140625,659900.0,0.0,0.0,0.0,VDE
959,,2022-11-22,,,,,,,,,,,,,,,,,1896.0,22.59000015258789,22.709999084472656,21.280000686645508,21.290000915527344,0.0,0.0,0.0,,^VIX
960,,2022-11-23,,,,,,,,,,,,,,,,,477.0,114.01725586796802,115.22266272669602,113.21955915819989,114.30974578857422,433200.0,0.0,0.0,0.0,VDE
961,,2022-11-23,,,,,,,,,,,,,,,,,1897.0,21.489999771118164,21.780000686645508,20.31999969482422,20.350000381469727,0.0,0.0,0.0,,^VIX
962,,2022-11-25,,,,,,,,,,,,,,,,,478.0,114.61107166751408,115.30240642648396,113.88428973918585,114.12358856201172,278700.0,0.0,0.0,0.0,VDE
963,,2022-11-25,,,,,,,,,,,,,,,,,1898.0,20.61000061035156,21.11000061035156,20.459999084472656,20.5,0.0,0.0,0.0,,^VIX
964,,2022-11-28,,,,,,,,,,,,,,,,,479.0,111.19872532968776,112.60799055941416,110.5339792384566,110.89737701416016,650300.0,0.0,0.0,0.0,VDE
965,,2022-11-28,,,,,,,,,,,,,,,,,1899.0,22.09000015258789,22.5,21.649999618530273,22.209999084472656,0.0,0.0,0.0,,^VIX
966,,2022-11-29,,,,,,,,,,,,,,,,,480.0,112.09391604849267,113.21954976175029,111.63302164903448,112.38640594482422,403500.0,0.0,0.0,0.0,VDE
967,,2022-11-29,,,,,,,,,,,,,,,,,1900.0,22.09000015258789,22.56999969482422,21.829999923706055,21.88999938964844,0.0,0.0,0.0,,^VIX
968,,2022-11-30,,,,,,,,,,,,,,,,,481.0,113.38796384079872,113.96407850770254,111.3050939793594,113.12206268310548,598400.0,0.0,0.0,0.0,VDE
969,,2022-11-30,,,,,,,,,,,,,,,,,1901.0,21.700000762939453,22.6299991607666,20.309999465942383,20.579999923706055,0.0,0.0,0.0,,^VIX
970,23.0,2022-12-01,196.307,169.744,4.3,385.649,326.449,200.778,245.115,57.607,139.78,410.307,258.453,259.645,257.897,33.7,300.113,296.797,482.0,113.91976392464645,114.46042467455015,112.28892326156787,112.4927749633789,597900.0,0.0,0.0,0.0,VDE
971,23.0,2022-12-01,196.307,169.744,4.3,385.649,326.449,200.778,245.115,57.607,139.78,410.307,258.453,259.645,257.897,33.7,300.113,296.797,1902.0,20.829999923706055,21.059999465942383,19.799999237060547,19.84000015258789,0.0,0.0,0.0,,^VIX
972,,2022-12-02,,,,,,,,,,,,,,,,,483.0,111.7393937436414,113.10433995671532,111.33168359097998,111.92552185058594,576500.0,0.0,0.0,0.0,VDE
973,,2022-12-02,,,,,,,,,,,,,,,,,1903.0,20.420000076293945,20.959999084472656,18.950000762939453,19.059999465942383,0.0,0.0,0.0,,^VIX
974,,2022-12-05,,,,,,,,,,,,,,,,,484.0,113.04229213856142,113.45000227277154,107.52046483384665,108.3004379272461,1155100.0,0.0,0.0,0.0,VDE
975,,2022-12-05,,,,,,,,,,,,,,,,,1904.0,20.299999237060547,21.290000915527344,19.780000686645508,20.75,0.0,0.0,0.0,,^VIX
976,,2022-12-06,,,,,,,,,,,,,,,,,485.0,107.48501595281604,109.00064309891395,104.76398869704272,105.3932876586914,820600.0,0.0,0.0,0.0,VDE
977,,2022-12-06,,,,,,,,,,,,,,,,,1905.0,20.690000534057617,22.600000381469727,20.3799991607666,22.170000076293945,0.0,0.0,0.0,,^VIX
978,,2022-12-07,,,,,,,,,,,,,,,,,486.0,105.251466091273,106.81140550316375,104.2321873830123,105.10079193115234,893100.0,0.0,0.0,0.0,VDE
979,,2022-12-07,,,,,,,,,,,,,,,,,1906.0,22.31999969482422,23.010000228881836,22.18000030517578,22.68000030517578,0.0,0.0,0.0,,^VIX
980,,2022-12-08,,,,,,,,,,,,,,,,,487.0,107.272297018209,107.78636897821508,103.92197762738898,104.48036193847656,569300.0,0.0,0.0,0.0,VDE
981,,2022-12-08,,,,,,,,,,,,,,,,,1907.0,22.809999465942383,23.280000686645508,22.059999465942383,22.290000915527344,0.0,0.0,0.0,,^VIX
982,,2022-12-09,,,,,,,,,,,,,,,,,488.0,104.28536836171196,105.36668297252832,102.06068291875395,102.1670379638672,560700.0,0.0,0.0,0.0,VDE
983,,2022-12-09,,,,,,,,,,,,,,,,,1908.0,22.549999237060547,23.209999084472656,22.18000030517578,22.829999923706055,0.0,0.0,0.0,,^VIX
984,,2022-12-12,,,,,,,,,,,,,,,,,489.0,102.63680256838786,105.10079374568966,102.37090141828668,104.8083038330078,543500.0,0.0,0.0,0.0,VDE
985,,2022-12-12,,,,,,,,,,,,,,,,,1909.0,24.399999618530273,25.049999237060547,24.18000030517578,25.0,0.0,0.0,0.0,,^VIX
986,,2022-12-13,,,,,,,,,,,,,,,,,490.0,107.14820393350846,107.80408483695668,106.02257021696298,106.7848129272461,692400.0,0.0,0.0,0.0,VDE
987,,2022-12-13,,,,,,,,,,,,,,,,,1910.0,25.239999771118164,25.84000015258789,21.459999084472656,22.549999237060547,0.0,0.0,0.0,,^VIX
988,,2022-12-14,,,,,,,,,,,,,,,,,491.0,107.48500996239645,107.9636279667821,105.23374245005408,106.16438293457033,469400.0,0.0,0.0,0.0,VDE
989,,2022-12-14,,,,,,,,,,,,,,,,,1911.0,22.829999923706055,23.469999313354492,21.06999969482422,21.13999938964844,0.0,0.0,0.0,,^VIX
990,,2022-12-15,,,,,,,,,,,,,,,,,492.0,104.9101657482374,105.82461473437252,103.7626278235597,105.62738037109376,399600.0,1.361,0.0,0.0,VDE
991,,2022-12-15,,,,,,,,,,,,,,,,,1912.0,21.520000457763672,23.670000076293945,21.25,22.829999923706055,0.0,0.0,0.0,,^VIX
992,,2022-12-16,,,,,,,,,,,,,,,,,493.0,103.58331310773032,104.5963722940224,102.82127695238748,104.25569915771484,353800.0,0.0,0.0,0.0,VDE
993,,2022-12-16,,,,,,,,,,,,,,,,,1913.0,23.260000228881836,23.829999923706055,22.09000015258789,22.6200008392334,0.0,0.0,0.0,,^VIX
994,,2022-12-19,,,,,,,,,,,,,,,,,494.0,104.91911221889572,105.58253116891213,103.2605614239227,104.04949188232422,375800.0,0.0,0.0,0.0,VDE
995,,2022-12-19,,,,,,,,,,,,,,,,,1914.0,22.6299991607666,22.86000061035156,21.61000061035156,22.420000076293945,0.0,0.0,0.0,,^VIX
996,,2022-12-20,,,,,,,,,,,,,,,,,495.0,104.13018466833378,106.21906557886244,103.92398327602044,105.6363296508789,635600.0,0.0,0.0,0.0,VDE
997,,2022-12-20,,,,,,,,,,,,,,,,,1915.0,23.170000076293945,23.38999938964844,21.350000381469727,21.479999542236328,0.0,0.0,0.0,,^VIX
998,,2022-12-21,,,,,,,,,,,,,,,,,496.0,107.447287153264,108.11967318906646,106.15631061563104,107.75210571289062,580400.0,0.0,0.0,0.0,VDE
999,,2022-12-21,,,,,,,,,,,,,,,,,1916.0,21.25,21.290000915527344,19.940000534057617,20.06999969482422,0.0,0.0,0.0,,^VIX
1000,,2022-12-22,,,,,,,,,,,,,,,,,497.0,107.63556169112913,107.82382897308376,102.96472053444994,105.06256866455078,564800.0,0.0,0.0,0.0,VDE
1001,,2022-12-22,,,,,,,,,,,,,,,,,1917.0,20.079999923706055,24.299999237060547,20.010000228881836,21.969999313354492,0.0,0.0,0.0,,^VIX
1002,,2022-12-23,,,,,,,,,,,,,,,,,498.0,105.92322283041412,108.52311706542967,105.92322283041412,108.52311706542967,551000.0,0.0,0.0,0.0,VDE
1003,,2022-12-23,,,,,,,,,,,,,,,,,1918.0,22.170000076293945,22.63999938964844,20.780000686645508,20.8700008392334,0.0,0.0,0.0,,^VIX
1004,,2022-12-27,,,,,,,,,,,,,,,,,499.0,109.10585387748236,109.92168566939527,108.52312470024796,109.61686706542967,519000.0,0.0,0.0,0.0,VDE
1005,,2022-12-27,,,,,,,,,,,,,,,,,1919.0,21.670000076293945,22.799999237060547,21.59000015258789,21.649999618530273,0.0,0.0,0.0,,^VIX
1006,,2022-12-28,,,,,,,,,,,,,,,,,500.0,109.3568657953208,109.36582601759224,106.4342259667169,106.81076049804688,496200.0,0.0,0.0,0.0,VDE
1007,,2022-12-28,,,,,,,,,,,,,,,,,1920.0,21.469999313354492,22.260000228881836,20.959999084472656,22.13999938964844,0.0,0.0,0.0,,^VIX
1008,,2022-12-29,,,,,,,,,,,,,,,,,501.0,106.19216555298011,108.4693137562364,106.19216555298011,108.0479507446289,442800.0,0.0,0.0,0.0,VDE
1009,,2022-12-29,,,,,,,,,,,,,,,,,1921.0,22.25,22.309999465942383,21.36000061035156,21.440000534057617,0.0,0.0,0.0,,^VIX
1010,,2022-12-30,,,,,,,,,,,,,,,,,502.0,107.37556987822812,108.88171494978089,107.37556987822812,108.72930908203124,466000.0,0.0,0.0,0.0,VDE
1011,,2022-12-30,,,,,,,,,,,,,,,,,1922.0,21.829999923706055,22.399999618530273,21.59000015258789,21.670000076293945,0.0,0.0,0.0,,^VIX
1012,24.0,2023-01-01,191.078,171.875,3.9,388.372,327.338,187.156,249.178,57.231,140.713,410.561,268.947,261.265,260.227,33.4,301.962,299.17,,,,,,,,,,
1013,,2023-01-03,,,,,,,,,,,,,,,,,503.0,107.91347718872926,108.40655617112374,103.22470228570256,104.41706848144533,1032400.0,0.0,0.0,0.0,VDE
1014,,2023-01-03,,,,,,,,,,,,,,,,,1923.0,23.09000015258789,23.760000228881836,22.729999542236328,22.899999618530273,0.0,0.0,0.0,,^VIX
1015,,2023-01-04,,,,,,,,,,,,,,,,,504.0,102.70471786810955,105.14323885210614,102.61506776955228,104.60533142089844,555300.0,0.0,0.0,0.0,VDE
1016,,2023-01-04,,,,,,,,,,,,,,,,,1924.0,22.93000030517578,23.270000457763672,21.940000534057617,22.010000228881836,0.0,0.0,0.0,,^VIX
1017,,2023-01-05,,,,,,,,,,,,,,,,,505.0,104.45293918196096,106.86455929480172,104.21984342344312,106.35354614257812,439500.0,0.0,0.0,0.0,VDE
1018,,2023-01-05,,,,,,,,,,,,,,,,,1925.0,22.200000762939453,22.920000076293945,21.969999313354492,22.459999084472656,0.0,0.0,0.0,,^VIX
1019,,2023-01-06,,,,,,,,,,,,,,,,,506.0,107.58176397623,109.518239010937,107.40246377221534,108.15553283691406,516800.0,0.0,0.0,0.0,VDE
1020,,2023-01-06,,,,,,,,,,,,,,,,,1926.0,22.690000534057617,22.899999618530273,21.0,21.1299991607666,0.0,0.0,0.0,,^VIX
1021,,2023-01-09,,,,,,,,,,,,,,,,,507.0,110.05615865028058,110.16373604865656,107.76107611352631,107.96727752685548,486900.0,0.0,0.0,0.0,VDE
1022,,2023-01-09,,,,,,,,,,,,,,,,,1927.0,21.75,21.979999542236328,21.270000457763672,21.969999313354492,0.0,0.0,0.0,,^VIX
1023,,2023-01-10,,,,,,,,,,,,,,,,,508.0,108.50516992299518,108.9892886678422,107.11557628191716,108.86377716064452,268400.0,0.0,0.0,0.0,VDE
1024,,2023-01-10,,,,,,,,,,,,,,,,,1928.0,22.219999313354492,22.459999084472656,20.579999923706055,20.579999923706055,0.0,0.0,0.0,,^VIX
1025,,2023-01-11,,,,,,,,,,,,,,,,,509.0,109.82306190992333,110.00236213219758,108.06589374014834,109.24032592773438,831000.0,0.0,0.0,0.0,VDE
1026,,2023-01-11,,,,,,,,,,,,,,,,,1929.0,20.799999237060547,21.25,20.6200008392334,21.09000015258789,0.0,0.0,0.0,,^VIX
1027,,2023-01-12,,,,,,,,,,,,,,,,,510.0,109.82305359910389,112.19881898371044,109.8051263141791,111.43678283691406,643500.0,0.0,0.0,0.0,VDE
1028,,2023-01-12,,,,,,,,,,,,,,,,,1930.0,21.559999465942383,21.799999237060547,18.829999923706055,18.829999923706055,0.0,0.0,0.0,,^VIX
1029,,2023-01-13,,,,,,,,,,,,,,,,,511.0,111.4009308675968,111.99262707835936,110.14580878070048,111.67884826660156,401400.0,0.0,0.0,0.0,VDE
1030,,2023-01-13,,,,,,,,,,,,,,,,,1931.0,19.0,19.40999984741211,18.010000228881836,18.350000381469727,0.0,0.0,0.0,,^VIX
1031,,2023-01-17,,,,,,,,,,,,,,,,,512.0,112.07331149336244,113.0236149453776,111.4098856496304,111.7953872680664,445900.0,0.0,0.0,0.0,VDE
1032,,2023-01-17,,,,,,,,,,,,,,,,,1932.0,19.88999938964844,20.219999313354492,19.209999084472656,19.36000061035156,0.0,0.0,0.0,,^VIX
1033,,2023-01-18,,,,,,,,,,,,,,,,,513.0,112.43191288017246,113.69599506247351,109.63478452720044,109.69754028320312,470700.0,0.0,0.0,0.0,VDE
1034,,2023-01-18,,,,,,,,,,,,,,,,,1933.0,19.280000686645508,20.579999923706055,18.709999084472656,20.34000015258789,0.0,0.0,0.0,,^VIX
1035,,2023-01-19,,,,,,,,,,,,,,,,,514.0,109.14170107374916,111.44574365116084,108.80102793945356,110.93473052978516,321900.0,0.0,0.0,0.0,VDE
1036,,2023-01-19,,,,,,,,,,,,,,,,,1934.0,20.43000030517578,21.709999084472656,20.170000076293945,20.520000457763672,0.0,0.0,0.0,,^VIX
1037,,2023-01-20,,,,,,,,,,,,,,,,,515.0,111.28438140893516,112.58433199326484,110.33407789477116,112.3691635131836,234800.0,0.0,0.0,0.0,VDE
1038,,2023-01-20,,,,,,,,,,,,,,,,,1935.0,20.280000686645508,20.700000762939453,19.40999984741211,19.850000381469727,0.0,0.0,0.0,,^VIX
1039,,2023-01-23,,,,,,,,,,,,,,,,,516.0,112.87119206749573,113.65115540966984,112.12708329105467,112.4498291015625,305900.0,0.0,0.0,0.0,VDE
1040,,2023-01-23,,,,,,,,,,,,,,,,,1936.0,20.209999084472656,20.329999923706055,19.549999237060547,19.809999465942383,0.0,0.0,0.0,,^VIX
1041,,2023-01-24,,,,,,,,,,,,,,,,,517.0,112.2705375486772,112.2705375486772,110.3788910070971,112.07330322265624,393400.0,0.0,0.0,0.0,VDE
1042,,2023-01-24,,,,,,,,,,,,,,,,,1937.0,19.88999938964844,20.469999313354492,18.90999984741211,19.200000762939453,0.0,0.0,0.0,,^VIX
1043,,2023-01-25,,,,,,,,,,,,,,,,,518.0,111.3023140919258,112.02848889315206,109.73341318764132,112.00159454345705,468900.0,0.0,0.0,0.0,VDE
1044,,2023-01-25,,,,,,,,,,,,,,,,,1938.0,19.559999465942383,20.899999618530273,18.989999771118164,19.079999923706055,0.0,0.0,0.0,,^VIX
1045,,2023-01-26,,,,,,,,,,,,,,,,,519.0,113.7408149845886,115.4531543924489,112.41397030615188,115.38143157958984,401200.0,0.0,0.0,0.0,VDE
1046,,2023-01-26,,,,,,,,,,,,,,,,,1939.0,19.049999237060547,19.479999542236328,18.670000076293945,18.729999542236328,0.0,0.0,0.0,,^VIX
1047,,2023-01-27,,,,,,,,,,,,,,,,,520.0,115.16629580242343,115.56075081857048,113.16706481361416,113.3015365600586,387900.0,0.0,0.0,0.0,VDE
1048,,2023-01-27,,,,,,,,,,,,,,,,,1940.0,18.899999618530273,19.0,17.969999313354492,18.510000228881836,0.0,0.0,0.0,,^VIX
1049,,2023-01-30,,,,,,,,,,,,,,,,,521.0,112.35122983704984,112.60225287633712,110.65681748199584,110.74646759033205,568900.0,0.0,0.0,0.0,VDE
1050,,2023-01-30,,,,,,,,,,,,,,,,,1941.0,19.760000228881836,20.25,19.540000915527344,19.940000534057617,0.0,0.0,0.0,,^VIX
1051,,2023-01-31,,,,,,,,,,,,,,,,,522.0,110.43268429257252,112.0643408213366,109.37479664162451,111.95675659179688,362700.0,0.0,0.0,0.0,VDE
1052,,2023-01-31,,,,,,,,,,,,,,,,,1942.0,20.1200008392334,20.700000762939453,19.1299991607666,19.399999618530273,0.0,0.0,0.0,,^VIX
1053,25.0,2023-02-01,193.339,172.326,4.2,391.141,330.532,194.459,249.308,57.227,140.956,411.202,255.659,262.909,258.669,33.2,304.011,300.84,523.0,111.48161554343088,111.86711718632108,108.24519652378356,109.90374755859376,709000.0,0.0,0.0,0.0,VDE
1054,25.0,2023-02-01,193.339,172.326,4.2,391.141,330.532,194.459,249.308,57.227,140.956,411.202,255.659,262.909,258.669,33.2,304.011,300.84,1943.0,19.6200008392334,20.040000915527344,17.700000762939453,17.8700008392334,0.0,0.0,0.0,,^VIX
1055,,2023-02-02,,,,,,,,,,,,,,,,,524.0,109.61686844538936,109.61686844538936,106.1652876173906,107.32179260253906,1257000.0,0.0,0.0,0.0,VDE
1056,,2023-02-02,,,,,,,,,,,,,,,,,1944.0,17.739999771118164,19.25,17.059999465942383,18.729999542236328,0.0,0.0,0.0,,^VIX
1057,,2023-02-03,,,,,,,,,,,,,,,,,525.0,107.7521055784204,109.6168509837552,106.9721353155117,107.07971954345705,490100.0,0.0,0.0,0.0,VDE
1058,,2023-02-03,,,,,,,,,,,,,,,,,1945.0,18.56999969482422,19.299999237060547,17.93000030517578,18.329999923706055,0.0,0.0,0.0,,^VIX
1059,,2023-02-06,,,,,,,,,,,,,,,,,526.0,107.15145112861572,107.87763280325088,105.31359980262182,106.50596618652344,335000.0,0.0,0.0,0.0,VDE
1060,,2023-02-06,,,,,,,,,,,,,,,,,1946.0,19.229999542236328,19.809999465942383,19.209999084472656,19.43000030517578,0.0,0.0,0.0,,^VIX
1061,,2023-02-07,,,,,,,,,,,,,,,,,527.0,107.25903200101044,110.02029927487878,106.59561295256798,109.80513763427734,431600.0,0.0,0.0,0.0,VDE
1062,,2023-02-07,,,,,,,,,,,,,,,,,1947.0,19.540000915527344,19.989999771118164,18.43000030517578,18.65999984741211,0.0,0.0,0.0,,^VIX
1063,,2023-02-08,,,,,,,,,,,,,,,,,528.0,109.7334106520398,110.44165815039234,108.25415989420809,108.94447326660156,274300.0,0.0,0.0,0.0,VDE
1064,,2023-02-08,,,,,,,,,,,,,,,,,1948.0,18.8799991607666,20.1200008392334,18.549999237060547,19.6299991607666,0.0,0.0,0.0,,^VIX
1065,,2023-02-09,,,,,,,,,,,,,,,,,529.0,109.06997980042055,109.25824706338362,107.84175222029302,107.9134750366211,322700.0,0.0,0.0,0.0,VDE
1066,,2023-02-09,,,,,,,,,,,,,,,,,1949.0,19.239999771118164,21.079999923706055,19.020000457763672,20.709999084472656,0.0,0.0,0.0,,^VIX
1067,,2023-02-10,,,,,,,,,,,,,,,,,530.0,109.5989360555897,112.3691635488288,109.5810087688432,112.17193603515624,398100.0,0.0,0.0,0.0,VDE
1068,,2023-02-10,,,,,,,,,,,,,,,,,1950.0,20.739999771118164,21.940000534057617,20.440000534057617,20.530000686645508,0.0,0.0,0.0,,^VIX
1069,,2023-02-13,,,,,,,,,,,,,,,,,531.0,111.508510108793,112.22572469597654,110.39683365453718,111.7236785888672,418500.0,0.0,0.0,0.0,VDE
1070,,2023-02-13,,,,,,,,,,,,,,,,,1951.0,21.65999984741211,21.690000534057617,20.329999923706055,20.34000015258789,0.0,0.0,0.0,,^VIX
1071,,2023-02-14,,,,,,,,,,,,,,,,,532.0,111.02438697221577,112.64708337366456,110.59406370852714,111.91194152832033,203300.0,0.0,0.0,0.0,VDE
1072,,2023-02-14,,,,,,,,,,,,,,,,,1952.0,20.719999313354492,20.75,18.479999542236328,18.90999984741211,0.0,0.0,0.0,,^VIX
1073,,2023-02-15,,,,,,,,,,,,,,,,,533.0,110.70164482815038,110.70164482815038,108.72930826552611,110.25338745117188,314000.0,0.0,0.0,0.0,VDE
1074,,2023-02-15,,,,,,,,,,,,,,,,,1953.0,19.3700008392334,19.40999984741211,18.11000061035156,18.229999542236328,0.0,0.0,0.0,,^VIX
1075,,2023-02-16,,,,,,,,,,,,,,,,,534.0,109.76030836114742,110.6747504569674,109.05206084111369,109.1596450805664,204800.0,0.0,0.0,0.0,VDE
1076,,2023-02-16,,,,,,,,,,,,,,,,,1954.0,18.260000228881836,20.270000457763672,18.229999542236328,20.170000076293945,0.0,0.0,0.0,,^VIX
1077,,2023-02-17,,,,,,,,,,,,,,,,,535.0,107.581775966139,107.5907430292984,104.712931342988,105.1522216796875,383300.0,0.0,0.0,0.0,VDE
1078,,2023-02-17,,,,,,,,,,,,,,,,,1955.0,20.940000534057617,21.299999237060547,19.81999969482422,20.020000457763672,0.0,0.0,0.0,,^VIX
1079,,2023-02-21,,,,,,,,,,,,,,,,,536.0,104.70396674024605,105.7170260253814,104.30053096697368,104.47087097167967,292200.0,0.0,0.0,0.0,VDE
1080,,2023-02-21,,,,,,,,,,,,,,,,,1956.0,21.799999237060547,23.34000015258789,21.799999237060547,22.8700008392334,0.0,0.0,0.0,,^VIX
1081,,2023-02-22,,,,,,,,,,,,,,,,,537.0,104.20191692338445,105.0267088876048,102.76748778925246,103.73572540283205,409300.0,0.0,0.0,0.0,VDE
1082,,2023-02-22,,,,,,,,,,,,,,,,,1957.0,23.030000686645508,23.6299991607666,22.020000457763672,22.290000915527344,0.0,0.0,0.0,,^VIX
1083,,2023-02-23,,,,,,,,,,,,,,,,,538.0,105.23289640193516,105.99493939329044,104.26466569314898,105.40323638916016,264000.0,0.0,0.0,0.0,VDE
1084,,2023-02-23,,,,,,,,,,,,,,,,,1958.0,21.959999084472656,22.43000030517578,20.88999938964844,21.13999938964844,0.0,0.0,0.0,,^VIX
1085,,2023-02-24,,,,,,,,,,,,,,,,,539.0,104.63223504744126,105.81563423701226,103.4846972684469,105.67219543457033,248200.0,0.0,0.0,0.0,VDE
1086,,2023-02-24,,,,,,,,,,,,,,,,,1959.0,21.350000381469727,22.899999618530273,21.31999969482422,21.670000076293945,0.0,0.0,0.0,,^VIX
1087,,2023-02-27,,,,,,,,,,,,,,,,,540.0,105.80667301375225,106.45216476002668,105.05360386967544,106.07563018798828,255600.0,0.0,0.0,0.0,VDE
1088,,2023-02-27,,,,,,,,,,,,,,,,,1960.0,21.989999771118164,22.020000457763672,20.68000030517578,20.950000762939453,0.0,0.0,0.0,,^VIX
1089,,2023-02-28,,,,,,,,,,,,,,,,,541.0,106.9542089631938,106.9542089631938,104.53361511230467,104.53361511230467,255400.0,0.0,0.0,0.0,VDE
1090,,2023-02-28,,,,,,,,,,,,,,,,,1961.0,21.299999237060547,21.3700008392334,20.100000381469727,20.700000762939453,0.0,0.0,0.0,,^VIX
1091,26.0,2023-03-01,194.625,173.0,3.6,392.91,331.729,202.307,248.98,57.291,140.995,413.641,254.684,264.331,257.062,33.1,305.476,301.836,542.0,104.59637234515452,107.0976492731034,104.26466627118003,106.62249755859376,331700.0,0.0,0.0,0.0,VDE
1092,26.0,2023-03-01,194.625,173.0,3.6,392.91,331.729,202.307,248.98,57.291,140.995,413.641,254.684,264.331,257.062,33.1,305.476,301.836,1962.0,20.38999938964844,21.31999969482422,20.219999313354492,20.579999923706055,0.0,0.0,0.0,,^VIX
1093,,2023-03-02,,,,,,,,,,,,,,,,,543.0,106.36251336916844,108.0300314136977,105.9501173895348,107.69831848144533,310200.0,0.0,0.0,0.0,VDE
1094,,2023-03-02,,,,,,,,,,,,,,,,,1963.0,21.40999984741211,21.420000076293945,19.549999237060547,19.59000015258789,0.0,0.0,0.0,,^VIX
1095,,2023-03-03,,,,,,,,,,,,,,,,,544.0,106.49699039482115,109.65271937703592,106.21907300475856,109.2492904663086,249200.0,0.0,0.0,0.0,VDE
1096,,2023-03-03,,,,,,,,,,,,,,,,,1964.0,19.760000228881836,19.760000228881836,18.15999984741211,18.489999771118164,0.0,0.0,0.0,,^VIX
1097,,2023-03-06,,,,,,,,,,,,,,,,,545.0,108.46034868375703,109.08790622200506,107.93140146735014,108.96239471435548,339500.0,0.0,0.0,0.0,VDE
1098,,2023-03-06,,,,,,,,,,,,,,,,,1965.0,19.049999237060547,19.190000534057617,18.489999771118164,18.61000061035156,0.0,0.0,0.0,,^VIX
1099,,2023-03-07,,,,,,,,,,,,,,,,,546.0,108.29898452341696,108.4872518001114,106.74801099655588,107.11558532714844,314600.0,0.0,0.0,0.0,VDE
1100,,2023-03-07,,,,,,,,,,,,,,,,,1966.0,18.63999938964844,19.739999771118164,18.510000228881836,19.59000015258789,0.0,0.0,0.0,,^VIX
1101,,2023-03-08,,,,,,,,,,,,,,,,,547.0,106.57767844176408,107.85073467374134,104.91016034341692,105.96804809570312,247600.0,0.0,0.0,0.0,VDE
1102,,2023-03-08,,,,,,,,,,,,,,,,,1967.0,19.709999084472656,20.010000228881836,19.0,19.11000061035156,0.0,0.0,0.0,,^VIX
1103,,2023-03-09,,,,,,,,,,,,,,,,,548.0,106.53284482228622,107.85072254273253,104.1481124062664,104.26466369628906,358900.0,0.0,0.0,0.0,VDE
1104,,2023-03-09,,,,,,,,,,,,,,,,,1968.0,19.329999923706055,23.13999938964844,18.8799991607666,22.61000061035156,0.0,0.0,0.0,,^VIX
1105,,2023-03-10,,,,,,,,,,,,,,,,,549.0,103.97778773691724,105.60944437144322,102.202685453707,102.74059295654295,412600.0,0.0,0.0,0.0,VDE
1106,,2023-03-10,,,,,,,,,,,,,,,,,1969.0,23.34000015258789,28.969999313354492,21.790000915527344,24.799999237060547,0.0,0.0,0.0,,^VIX
1107,,2023-03-13,,,,,,,,,,,,,,,,,550.0,100.22138072305262,102.5254232649946,98.44627857936348,100.49929809570312,744800.0,0.0,0.0,0.0,VDE
1108,,2023-03-13,,,,,,,,,,,,,,,,,1970.0,24.049999237060547,30.809999465942383,23.850000381469727,26.520000457763672,0.0,0.0,0.0,,^VIX
1109,,2023-03-14,,,,,,,,,,,,,,,,,551.0,100.70550613715233,103.77158502059945,99.60278995633456,101.3240966796875,594300.0,0.0,0.0,0.0,VDE
1110,,2023-03-14,,,,,,,,,,,,,,,,,1971.0,26.850000381469727,27.239999771118164,22.270000457763672,23.729999542236328,0.0,0.0,0.0,,^VIX
1111,,2023-03-15,,,,,,,,,,,,,,,,,552.0,97.82769793384452,98.07872098473752,94.34921611471248,95.9091567993164,1082100.0,0.0,0.0,0.0,VDE
1112,,2023-03-15,,,,,,,,,,,,,,,,,1972.0,23.209999084472656,29.90999984741211,23.190000534057617,26.13999938964844,0.0,0.0,0.0,,^VIX
1113,,2023-03-16,,,,,,,,,,,,,,,,,553.0,93.85612692914722,97.1553013267712,93.38993545086248,96.91323852539062,1625600.0,0.0,0.0,0.0,VDE
1114,,2023-03-16,,,,,,,,,,,,,,,,,1973.0,26.190000534057617,27.489999771118164,22.969999313354492,22.989999771118164,0.0,0.0,0.0,,^VIX
1115,,2023-03-17,,,,,,,,,,,,,,,,,554.0,96.29465321014516,97.0746166702306,94.45679522468458,95.22779846191406,1208000.0,0.0,0.0,0.0,VDE
1116,,2023-03-17,,,,,,,,,,,,,,,,,1974.0,22.920000076293945,26.13999938964844,22.579999923706055,25.510000228881836,0.0,0.0,0.0,,^VIX
1117,,2023-03-20,,,,,,,,,,,,,,,,,555.0,95.2815959688248,97.92631884708024,95.2815959688248,97.28978729248048,833600.0,0.0,0.0,0.0,VDE
1118,,2023-03-20,,,,,,,,,,,,,,,,,1975.0,27.770000457763672,28.90999984741211,24.0,24.149999618530273,0.0,0.0,0.0,,^VIX
1119,,2023-03-21,,,,,,,,,,,,,,,,,556.0,99.2979745927804,100.96549255763271,99.10074025545264,100.61585235595705,615900.0,0.0,0.0,0.0,VDE
1120,,2023-03-21,,,,,,,,,,,,,,,,,1976.0,24.15999984741211,24.15999984741211,21.290000915527344,21.3799991607666,0.0,0.0,0.0,,^VIX
1121,,2023-03-22,,,,,,,,,,,,,,,,,557.0,100.8041333693118,101.09997807575944,98.3835391356566,98.4283676147461,583800.0,0.0,0.0,0.0,VDE
1122,,2023-03-22,,,,,,,,,,,,,,,,,1977.0,21.799999237060547,22.3799991607666,19.940000534057617,22.260000228881836,0.0,0.0,0.0,,^VIX
1123,,2023-03-23,,,,,,,,,,,,,,,,,558.0,98.9483459518819,99.87175514829092,96.09742846983656,97.03876495361328,409500.0,0.0,0.0,0.0,VDE
1124,,2023-03-23,,,,,,,,,,,,,,,,,1978.0,21.540000915527344,24.90999984741211,20.15999984741211,22.61000061035156,0.0,0.0,0.0,,^VIX
1125,,2023-03-24,,,,,,,,,,,,,,,,,559.0,95.05688225559656,97.6812644070039,94.7582441660565,97.32833099365234,603900.0,1.01,0.0,0.0,VDE
1126,,2023-03-24,,,,,,,,,,,,,,,,,1979.0,22.11000061035156,25.209999084472656,21.600000381469727,21.739999771118164,0.0,0.0,0.0,,^VIX
1127,,2023-03-27,,,,,,,,,,,,,,,,,560.0,98.48668836996409,100.0794112185466,97.64507623453468,99.51834106445312,413800.0,0.0,0.0,0.0,VDE
1128,,2023-03-27,,,,,,,,,,,,,,,,,1980.0,22.049999237060547,22.93000030517578,20.56999969482422,20.600000381469727,0.0,0.0,0.0,,^VIX
1129,,2023-03-28,,,,,,,,,,,,,,,,,561.0,99.18349720591056,101.56354360716628,99.18349720591056,101.03866577148438,358700.0,0.0,0.0,0.0,VDE
1130,,2023-03-28,,,,,,,,,,,,,,,,,1981.0,20.530000686645508,21.399999618530273,19.90999984741211,19.969999313354492,0.0,0.0,0.0,,^VIX
1131,,2023-03-29,,,,,,,,,,,,,,,,,562.0,102.31466293087632,102.61330105965776,101.51830149174845,102.49565887451172,1232100.0,0.0,0.0,0.0,VDE
1132,,2023-03-29,,,,,,,,,,,,,,,,,1982.0,19.38999938964844,19.450000762939453,19.09000015258789,19.1200008392334,0.0,0.0,0.0,,^VIX
1133,,2023-03-30,,,,,,,,,,,,,,,,,563.0,103.26487346809948,103.41871484319412,102.18797003385832,102.76714324951172,666500.0,0.0,0.0,0.0,VDE
1134,,2023-03-30,,,,,,,,,,,,,,,,,1983.0,19.1200008392334,20.079999923706055,18.850000381469727,19.020000457763672,0.0,0.0,0.0,,^VIX
1135,,2023-03-31,,,,,,,,,,,,,,,,,564.0,103.0295928713488,103.66306838833256,102.74905775776875,103.37348175048828,478800.0,0.0,0.0,0.0,VDE
1136,,2023-03-31,,,,,,,,,,,,,,,,,1984.0,19.209999084472656,19.43000030517578,18.520000457763672,18.700000762939453,0.0,0.0,0.0,,^VIX
1137,27.0,2023-04-01,185.833,173.658,4.7,394.898,333.366,184.407,248.583,57.142,141.303,414.723,237.568,265.491,256.908,33.0,306.899,303.363,,,,,,,,,,
1138,,2023-04-03,,,,,,,,,,,,,,,,,565.0,107.98876954551496,108.91182477668174,107.32814637389242,108.30550384521484,645100.0,0.0,0.0,0.0,VDE
1139,,2023-04-03,,,,,,,,,,,,,,,,,1985.0,19.790000915527344,19.829999923706055,18.540000915527344,18.549999237060547,0.0,0.0,0.0,,^VIX
1140,,2023-04-04,,,,,,,,,,,,,,,,,566.0,108.52268504987823,108.58603190570702,105.20148707203153,106.1878890991211,764900.0,0.0,0.0,0.0,VDE
1141,,2023-04-04,,,,,,,,,,,,,,,,,1986.0,18.790000915527344,20.030000686645508,18.579999923706055,19.0,0.0,0.0,0.0,,^VIX
1142,,2023-04-05,,,,,,,,,,,,,,,,,567.0,106.45938419030492,107.653929883704,105.5091744073396,107.63583374023438,479100.0,0.0,0.0,0.0,VDE
1143,,2023-04-05,,,,,,,,,,,,,,,,,1987.0,19.420000076293945,20.079999923706055,19.0,19.079999923706055,0.0,0.0,0.0,,^VIX
1144,,2023-04-06,,,,,,,,,,,,,,,,,568.0,107.49103923728342,107.49103923728342,105.83496245122704,106.04310607910156,340500.0,0.0,0.0,0.0,VDE
1145,,2023-04-06,,,,,,,,,,,,,,,,,1988.0,19.299999237060547,19.8799991607666,18.350000381469727,18.399999618530273,0.0,0.0,0.0,,^VIX
1146,,2023-04-10,,,,,,,,,,,,,,,,,569.0,106.13358471269126,108.02495251129731,106.13358471269126,106.84850311279295,322300.0,0.0,0.0,0.0,VDE
1147,,2023-04-10,,,,,,,,,,,,,,,,,1989.0,19.38999938964844,20.049999237060547,18.93000030517578,18.969999313354492,0.0,0.0,0.0,,^VIX
1148,,2023-04-11,,,,,,,,,,,,,,,,,570.0,107.16524663128762,108.47744136681908,106.78516549587415,107.81681823730467,622800.0,0.0,0.0,0.0,VDE
1149,,2023-04-11,,,,,,,,,,,,,,,,,1990.0,19.079999923706055,19.280000686645508,18.559999465942383,19.100000381469727,0.0,0.0,0.0,,^VIX
1150,,2023-04-12,,,,,,,,,,,,,,,,,571.0,108.59508815552364,108.80323177904256,107.5815315138611,107.82587432861328,792000.0,0.0,0.0,0.0,VDE
1151,,2023-04-12,,,,,,,,,,,,,,,,,1991.0,19.3799991607666,19.979999542236328,18.25,19.09000015258789,0.0,0.0,0.0,,^VIX
1152,,2023-04-13,,,,,,,,,,,,,,,,,572.0,107.78968502988212,108.83038943440884,107.50914990244004,108.49555206298828,522900.0,0.0,0.0,0.0,VDE
1153,,2023-04-13,,,,,,,,,,,,,,,,,1992.0,18.829999923706055,19.059999465942383,17.770000457763672,17.799999237060547,0.0,0.0,0.0,,^VIX
1154,,2023-04-14,,,,,,,,,,,,,,,,,573.0,108.6131767181921,109.30999901829,108.0068558420056,108.58602905273438,590800.0,0.0,0.0,0.0,VDE
1155,,2023-04-14,,,,,,,,,,,,,,,,,1993.0,17.940000534057617,18.1200008392334,17.06999969482422,17.06999969482422,0.0,0.0,0.0,,^VIX
1156,,2023-04-17,,,,,,,,,,,,,,,,,574.0,108.37789914616566,108.67653038922175,106.9480621718642,107.319091796875,330400.0,0.0,0.0,0.0,VDE
1157,,2023-04-17,,,,,,,,,,,,,,,,,1994.0,17.579999923706055,17.790000915527344,16.899999618530273,16.950000762939453,0.0,0.0,0.0,,^VIX
1158,,2023-04-18,,,,,,,,,,,,,,,,,575.0,107.03854757787644,107.8711081865552,106.46842590320736,107.59962463378906,295500.0,0.0,0.0,0.0,VDE
1159,,2023-04-18,,,,,,,,,,,,,,,,,1995.0,16.940000534057617,17.34000015258789,16.579999923706055,16.829999923706055,0.0,0.0,0.0,,^VIX
1160,,2023-04-19,,,,,,,,,,,,,,,,,576.0,106.52271967538346,107.32813260743816,105.9887971964144,107.2014389038086,400800.0,0.0,0.0,0.0,VDE
1161,,2023-04-19,,,,,,,,,,,,,,,,,1996.0,17.299999237060547,17.719999313354492,16.170000076293945,16.459999084472656,0.0,0.0,0.0,,^VIX
1162,,2023-04-20,,,,,,,,,,,,,,,,,577.0,105.8802131730354,106.18789594853892,105.03860094600122,106.1697998046875,406200.0,0.0,0.0,0.0,VDE
1163,,2023-04-20,,,,,,,,,,,,,,,,,1997.0,16.850000381469727,17.690000534057617,16.329999923706055,17.170000076293945,0.0,0.0,0.0,,^VIX
1164,,2023-04-21,,,,,,,,,,,,,,,,,578.0,106.63132313459886,106.63132313459886,105.08384403672264,105.53632354736328,246900.0,0.0,0.0,0.0,VDE
1165,,2023-04-21,,,,,,,,,,,,,,,,,1998.0,17.510000228881836,17.709999084472656,16.579999923706055,16.770000457763672,0.0,0.0,0.0,,^VIX
1166,,2023-04-24,,,,,,,,,,,,,,,,,579.0,105.1833782586214,107.7082075684264,105.1833782586214,107.21953582763672,348500.0,0.0,0.0,0.0,VDE
1167,,2023-04-24,,,,,,,,,,,,,,,,,1999.0,18.219999313354492,18.239999771118164,16.739999771118164,16.889999389648438,0.0,0.0,0.0,,^VIX
1168,,2023-04-25,,,,,,,,,,,,,,,,,580.0,106.24220123296696,106.34174728772696,104.47752682027696,104.95716094970705,351300.0,0.0,0.0,0.0,VDE
1169,,2023-04-25,,,,,,,,,,,,,,,,,2000.0,17.6200008392334,19.86000061035156,17.329999923706055,18.760000228881836,0.0,0.0,0.0,,^VIX
1170,,2023-04-26,,,,,,,,,,,,,,,,,581.0,104.53182139383637,105.30103520249916,103.02958606259568,103.58161163330078,371900.0,0.0,0.0,0.0,VDE
1171,,2023-04-26,,,,,,,,,,,,,,,,,2001.0,18.65999984741211,19.61000061035156,17.8700008392334,18.84000015258789,0.0,0.0,0.0,,^VIX
1172,,2023-04-27,,,,,,,,,,,,,,,,,582.0,103.61781009789188,104.39607542476944,102.74905024785664,104.13363647460938,276800.0,0.0,0.0,0.0,VDE
1173,,2023-04-27,,,,,,,,,,,,,,,,,2002.0,18.43000030517578,18.43000030517578,16.719999313354492,17.030000686645508,0.0,0.0,0.0,,^VIX
1174,,2023-04-28,,,,,,,,,,,,,,,,,583.0,103.81689481510068,106.45937336757628,103.53635974195726,105.8259048461914,384500.0,0.0,0.0,0.0,VDE
1175,,2023-04-28,,,,,,,,,,,,,,,,,2003.0,17.209999084472656,17.649999618530273,15.720000267028809,15.779999732971191,0.0,0.0,0.0,,^VIX
1176,28.0,2023-05-01,189.015,173.78,4.2,396.726,337.473,192.615,246.206,56.58,140.912,415.858,224.401,266.607,253.67,32.9,308.096,304.127,584.0,104.49562152069056,105.77161017768064,104.0793411905376,104.64041137695312,274400.0,0.0,0.0,0.0,VDE
1177,28.0,2023-05-01,189.015,173.78,4.2,396.726,337.473,192.615,246.206,56.58,140.912,415.858,224.401,266.607,253.67,32.9,308.096,304.127,2004.0,16.40999984741211,16.6200008392334,15.529999732971191,16.079999923706055,0.0,0.0,0.0,,^VIX
1178,,2023-05-02,,,,,,,,,,,,,,,,,585.0,103.5092145994465,103.5182661232303,99.16541526232145,100.15181732177734,610800.0,0.0,0.0,0.0,VDE
1179,,2023-05-02,,,,,,,,,,,,,,,,,2005.0,16.270000457763672,19.809999465942383,16.260000228881836,17.780000686645508,0.0,0.0,0.0,,^VIX
1180,,2023-05-03,,,,,,,,,,,,,,,,,586.0,98.8667654693512,99.73552523443448,98.1699501144566,98.19709777832033,532500.0,0.0,0.0,0.0,VDE
1181,,2023-05-03,,,,,,,,,,,,,,,,,2006.0,17.81999969482422,18.829999923706055,17.190000534057617,18.34000015258789,0.0,0.0,0.0,,^VIX
1182,,2023-05-04,,,,,,,,,,,,,,,,,587.0,98.13374769668698,99.2015995006622,96.85775230279522,97.21068572998048,880700.0,0.0,0.0,0.0,VDE
1183,,2023-05-04,,,,,,,,,,,,,,,,,2007.0,19.170000076293945,21.329999923706055,18.670000076293945,20.09000015258789,0.0,0.0,0.0,,^VIX
1184,,2023-05-05,,,,,,,,,,,,,,,,,588.0,99.56358416048091,100.7038344109873,99.49119268918156,99.94367218017578,396000.0,0.0,0.0,0.0,VDE
1185,,2023-05-05,,,,,,,,,,,,,,,,,2008.0,19.5,19.6299991607666,16.690000534057617,17.190000534057617,0.0,0.0,0.0,,^VIX
1186,,2023-05-08,,,,,,,,,,,,,,,,,589.0,101.32825832829228,101.91648304750272,99.97987137819258,100.00701904296876,384900.0,0.0,0.0,0.0,VDE
1187,,2023-05-08,,,,,,,,,,,,,,,,,2009.0,17.729999542236328,17.8799991607666,16.829999923706055,16.979999542236328,0.0,0.0,0.0,,^VIX
1188,,2023-05-09,,,,,,,,,,,,,,,,,590.0,99.32832104284768,100.97534646619826,99.11112586962366,100.05228424072266,348500.0,0.0,0.0,0.0,VDE
1189,,2023-05-09,,,,,,,,,,,,,,,,,2010.0,17.290000915527344,17.860000610351562,17.219999313354492,17.709999084472656,0.0,0.0,0.0,,^VIX
1190,,2023-05-10,,,,,,,,,,,,,,,,,591.0,100.52284218330914,100.66763202559788,98.26044480020056,99.08395385742188,530600.0,0.0,0.0,0.0,VDE
1191,,2023-05-10,,,,,,,,,,,,,,,,,2011.0,17.579999923706055,18.309999465942383,16.360000610351562,16.940000534057617,0.0,0.0,0.0,,^VIX
1192,,2023-05-11,,,,,,,,,,,,,,,,,592.0,97.75367124501558,98.30569680488117,97.11115116313536,97.7717742919922,680700.0,0.0,0.0,0.0,VDE
1193,,2023-05-11,,,,,,,,,,,,,,,,,2012.0,16.799999237060547,18.190000534057617,16.6299991607666,16.93000030517578,0.0,0.0,0.0,,^VIX
1194,,2023-05-12,,,,,,,,,,,,,,,,,593.0,98.278536151092,98.83961316029897,97.2740312096102,97.9980010986328,806000.0,0.0,0.0,0.0,VDE
1195,,2023-05-12,,,,,,,,,,,,,,,,,2013.0,16.829999923706055,17.920000076293945,16.3799991607666,17.030000686645508,0.0,0.0,0.0,,^VIX
1196,,2023-05-15,,,,,,,,,,,,,,,,,594.0,98.38714069958527,99.26495200853064,97.8532113150118,98.67672729492188,467400.0,0.0,0.0,0.0,VDE
1197,,2023-05-15,,,,,,,,,,,,,,,,,2014.0,17.440000534057617,18.15999984741211,17.079999923706055,17.1200008392334,0.0,0.0,0.0,,^VIX
1198,,2023-05-16,,,,,,,,,,,,,,,,,595.0,98.3600113912146,98.56814812755212,96.12476120492772,96.15190887451172,395000.0,0.0,0.0,0.0,VDE
1199,,2023-05-16,,,,,,,,,,,,,,,,,2015.0,17.540000915527344,18.299999237060547,17.260000228881836,17.989999771118164,0.0,0.0,0.0,,^VIX
1200,,2023-05-17,,,,,,,,,,,,,,,,,596.0,97.1021058049338,98.6043341909544,96.54102872585004,98.0704116821289,476000.0,0.0,0.0,0.0,VDE
1201,,2023-05-17,,,,,,,,,,,,,,,,,2016.0,17.959999084472656,18.260000228881836,16.68000030517578,16.8700008392334,0.0,0.0,0.0,,^VIX
1202,,2023-05-18,,,,,,,,,,,,,,,,,597.0,97.6360253776788,99.02061153476778,96.8577600899587,98.8396224975586,420300.0,0.0,0.0,0.0,VDE
1203,,2023-05-18,,,,,,,,,,,,,,,,,2017.0,16.920000076293945,17.149999618530273,16.049999237060547,16.049999237060547,0.0,0.0,0.0,,^VIX
1204,,2023-05-19,,,,,,,,,,,,,,,,,598.0,99.78980625014822,100.37803086522383,99.10204251661132,99.52737426757812,427200.0,0.0,0.0,0.0,VDE
1205,,2023-05-19,,,,,,,,,,,,,,,,,2018.0,16.1299991607666,17.360000610351562,15.850000381469728,16.809999465942383,0.0,0.0,0.0,,^VIX
1206,,2023-05-22,,,,,,,,,,,,,,,,,599.0,99.20161290332145,100.47760156531731,99.20161290332145,99.500244140625,306200.0,0.0,0.0,0.0,VDE
1207,,2023-05-22,,,,,,,,,,,,,,,,,2019.0,17.450000762939453,18.1299991607666,16.81999969482422,17.209999084472656,0.0,0.0,0.0,,^VIX
1208,,2023-05-23,,,,,,,,,,,,,,,,,600.0,100.0794075360109,101.6540410890604,100.0794075360109,100.4594955444336,548600.0,0.0,0.0,0.0,VDE
1209,,2023-05-23,,,,,,,,,,,,,,,,,2020.0,17.350000381469727,19.309999465942383,17.299999237060547,18.530000686645508,0.0,0.0,0.0,,^VIX
1210,,2023-05-24,,,,,,,,,,,,,,,,,601.0,101.03867722324372,101.65404964068551,100.06131981243207,100.85768127441406,381300.0,0.0,0.0,0.0,VDE
1211,,2023-05-24,,,,,,,,,,,,,,,,,2021.0,18.799999237060547,20.809999465942383,18.799999237060547,20.030000686645508,0.0,0.0,0.0,,^VIX
1212,,2023-05-25,,,,,,,,,,,,,,,,,602.0,99.52740711782062,99.52740711782062,98.061370856958,98.94822692871094,382700.0,0.0,0.0,0.0,VDE
1213,,2023-05-25,,,,,,,,,,,,,,,,,2022.0,19.540000915527344,19.950000762939453,18.700000762939453,19.13999938964844,0.0,0.0,0.0,,^VIX
1214,,2023-05-26,,,,,,,,,,,,,,,,,603.0,99.46405024548736,99.78078452495156,98.04325794106758,98.5319366455078,369300.0,0.0,0.0,0.0,VDE
1215,,2023-05-26,,,,,,,,,,,,,,,,,2023.0,19.06999969482422,19.559999465942383,17.270000457763672,17.950000762939453,0.0,0.0,0.0,,^VIX
1216,,2023-05-30,,,,,,,,,,,,,,,,,604.0,97.13827828872604,97.62695688941784,96.53195752472044,97.5545654296875,482300.0,0.0,0.0,0.0,VDE
1217,,2023-05-30,,,,,,,,,,,,,,,,,2024.0,17.559999465942383,18.34000015258789,16.979999542236328,17.459999084472656,0.0,0.0,0.0,,^VIX
1218,,2023-05-31,,,,,,,,,,,,,,,,,605.0,96.08854900279344,96.58627922542126,95.53652344834784,95.80801391601562,455400.0,0.0,0.0,0.0,VDE
1219,,2023-05-31,,,,,,,,,,,,,,,,,2025.0,18.040000915527344,18.399999618530273,17.1200008392334,17.940000534057617,0.0,0.0,0.0,,^VIX
1220,29.0,2023-06-01,187.623,173.993,3.3,398.593,337.336,190.471,245.784,56.733,141.181,414.927,203.2,267.268,253.86,32.8,308.91,305.109,606.0,95.97091902251816,98.16091847205276,95.48224026113364,97.1473617553711,598500.0,0.0,0.0,0.0,VDE
1221,29.0,2023-06-01,187.623,173.993,3.3,398.593,337.336,190.471,245.784,56.733,141.181,414.927,203.2,267.268,253.86,32.8,308.91,305.109,2026.0,17.239999771118164,17.59000015258789,15.579999923706056,15.649999618530272,0.0,0.0,0.0,,^VIX
1222,,2023-06-02,,,,,,,,,,,,,,,,,607.0,98.76719873061796,100.67666227074773,98.40521384496677,100.1789321899414,611500.0,0.0,0.0,0.0,VDE
1223,,2023-06-02,,,,,,,,,,,,,,,,,2027.0,15.649999618530272,15.649999618530272,14.420000076293944,14.600000381469728,0.0,0.0,0.0,,^VIX
1224,,2023-06-05,,,,,,,,,,,,,,,,,608.0,101.7083370192341,101.7083370192341,99.31019439302814,99.46404266357422,354900.0,0.0,0.0,0.0,VDE
1225,,2023-06-05,,,,,,,,,,,,,,,,,2028.0,15.279999732971191,15.289999961853027,14.65999984741211,14.729999542236328,0.0,0.0,0.0,,^VIX
1226,,2023-06-06,,,,,,,,,,,,,,,,,609.0,98.25140692565184,100.39616242831256,98.04326329960536,100.2513656616211,445600.0,0.0,0.0,0.0,VDE
1227,,2023-06-06,,,,,,,,,,,,,,,,,2029.0,14.90999984741211,14.970000267028809,13.949999809265137,13.960000038146973,0.0,0.0,0.0,,^VIX
1228,,2023-06-07,,,,,,,,,,,,,,,,,610.0,100.74004895324748,103.19248733971402,100.74004895324748,103.09294128417967,441400.0,0.0,0.0,0.0,VDE
1229,,2023-06-07,,,,,,,,,,,,,,,,,2030.0,14.140000343322754,14.289999961853027,13.770000457763672,13.9399995803833,0.0,0.0,0.0,,^VIX
1230,,2023-06-08,,,,,,,,,,,,,,,,,611.0,103.18342277336204,103.463964759995,100.97532749477016,102.68569946289062,487400.0,0.0,0.0,0.0,VDE
1231,,2023-06-08,,,,,,,,,,,,,,,,,2031.0,14.140000343322754,14.210000038146973,13.529999732971191,13.649999618530272,0.0,0.0,0.0,,^VIX
1232,,2023-06-09,,,,,,,,,,,,,,,,,612.0,102.56805644193024,103.11103740080928,101.7988426225712,102.0341339111328,370000.0,0.0,0.0,0.0,VDE
1233,,2023-06-09,,,,,,,,,,,,,,,,,2032.0,13.779999732971191,14.140000343322754,13.5,13.829999923706056,0.0,0.0,0.0,,^VIX
1234,,2023-06-12,,,,,,,,,,,,,,,,,613.0,100.53189697187048,101.96173391967112,100.22421421070024,100.87578582763672,442700.0,0.0,0.0,0.0,VDE
1235,,2023-06-12,,,,,,,,,,,,,,,,,2033.0,14.4399995803833,15.020000457763672,14.31999969482422,15.010000228881836,0.0,0.0,0.0,,^VIX
1236,,2023-06-13,,,,,,,,,,,,,,,,,614.0,101.90743405021205,103.42776545396036,101.38255617056682,101.43685150146484,449900.0,0.0,0.0,0.0,VDE
1237,,2023-06-13,,,,,,,,,,,,,,,,,2034.0,14.989999771118164,15.0600004196167,14.470000267028809,14.609999656677246,0.0,0.0,0.0,,^VIX
1238,,2023-06-14,,,,,,,,,,,,,,,,,615.0,102.35086654351991,102.83049373237844,99.71743931447608,100.43235778808594,515900.0,0.0,0.0,0.0,VDE
1239,,2023-06-14,,,,,,,,,,,,,,,,,2035.0,14.479999542236328,14.729999542236328,13.829999923706056,13.880000114440918,0.0,0.0,0.0,,^VIX
1240,,2023-06-15,,,,,,,,,,,,,,,,,616.0,100.63142798041795,102.40515351891295,100.63142798041795,101.63593292236328,419000.0,0.0,0.0,0.0,VDE
1241,,2023-06-15,,,,,,,,,,,,,,,,,2036.0,14.09000015258789,14.520000457763672,13.789999961853027,14.5,0.0,0.0,0.0,,^VIX
1242,,2023-06-16,,,,,,,,,,,,,,,,,617.0,102.09748689051904,102.30563052447422,101.21967544589565,101.5726089477539,427700.0,0.0,0.0,0.0,VDE
1243,,2023-06-16,,,,,,,,,,,,,,,,,2037.0,14.489999771118164,14.539999961853027,13.479999542236328,13.539999961853027,0.0,0.0,0.0,,^VIX
1244,,2023-06-20,,,,,,,,,,,,,,,,,618.0,100.85766720822,100.86671873047148,98.62242451230205,99.37353515625,678700.0,0.0,0.0,0.0,VDE
1245,,2023-06-20,,,,,,,,,,,,,,,,,2038.0,14.359999656677246,14.670000076293944,13.859999656677246,13.880000114440918,0.0,0.0,0.0,,^VIX
1246,,2023-06-21,,,,,,,,,,,,,,,,,619.0,99.02967151900634,101.074880954801,98.96632466014186,100.29661560058594,363900.0,0.0,0.0,0.0,VDE
1247,,2023-06-21,,,,,,,,,,,,,,,,,2039.0,13.880000114440918,13.890000343322754,13.100000381469728,13.199999809265137,0.0,0.0,0.0,,^VIX
1248,,2023-06-22,,,,,,,,,,,,,,,,,620.0,99.21066434040222,99.38260877997598,98.50479734215844,98.97537994384766,410400.0,0.0,0.0,0.0,VDE
1249,,2023-06-22,,,,,,,,,,,,,,,,,2040.0,13.880000114440918,13.979999542236328,12.729999542236328,12.90999984741211,0.0,0.0,0.0,,^VIX
1250,,2023-06-23,,,,,,,,,,,,,,,,,621.0,97.77177582774766,98.36904520585745,97.40073930608328,98.10661315917967,482200.0,0.0,0.0,0.0,VDE
1251,,2023-06-23,,,,,,,,,,,,,,,,,2041.0,13.239999771118164,13.800000190734863,12.880000114440918,13.4399995803833,0.0,0.0,0.0,,^VIX
1252,,2023-06-26,,,,,,,,,,,,,,,,,622.0,98.00706200805055,100.39615320464856,98.00706200805055,99.72647857666016,416400.0,0.0,0.0,0.0,VDE
1253,,2023-06-26,,,,,,,,,,,,,,,,,2042.0,14.43000030517578,14.710000038146973,13.779999732971191,14.25,0.0,0.0,0.0,,^VIX
1254,,2023-06-27,,,,,,,,,,,,,,,,,623.0,99.59978869238304,100.48665158020428,99.06586617842058,100.09751892089844,386000.0,0.0,0.0,0.0,VDE
1255,,2023-06-27,,,,,,,,,,,,,,,,,2043.0,14.109999656677246,14.34000015258789,13.59000015258789,13.739999771118164,0.0,0.0,0.0,,^VIX
1256,,2023-06-28,,,,,,,,,,,,,,,,,624.0,100.05228264668884,101.16538545278358,99.08397662043656,101.0296401977539,408400.0,0.0,0.0,0.0,VDE
1257,,2023-06-28,,,,,,,,,,,,,,,,,2044.0,13.899999618530272,13.960000038146973,13.359999656677246,13.43000030517578,0.0,0.0,0.0,,^VIX
1258,,2023-06-29,,,,,,,,,,,,,,,,,625.0,101.42311797237473,102.37261962890624,101.06705572186247,102.37261962890624,341000.0,0.981,0.0,0.0,VDE
1259,,2023-06-29,,,,,,,,,,,,,,,,,2045.0,13.640000343322754,13.850000381469728,13.40999984741211,13.539999961853027,0.0,0.0,0.0,,^VIX
1260,,2023-06-30,,,,,,,,,,,,,,,,,626.0,103.01170588207168,103.60514525918872,102.29958141572968,103.06648254394533,407100.0,0.0,0.0,0.0,VDE
1261,,2023-06-30,,,,,,,,,,,,,,,,,2046.0,13.510000228881836,13.59000015258789,12.960000038146973,13.59000015258789,0.0,0.0,0.0,,^VIX
1262,30.0,2023-07-01,182.644,174.587,3.4,400.21,334.512,178.666,245.434,56.919,141.871,416.845,204.108,267.488,253.835,32.7,309.402,305.691,,,,,,,,,,
1263,,2023-07-03,,,,,,,,,,,,,,,,,627.0,103.25820062033344,104.08901708341968,103.01169869360754,103.39514923095705,242500.0,0.0,0.0,0.0,VDE
1264,,2023-07-03,,,,,,,,,,,,,,,,,2047.0,13.850000381469728,13.850000381469728,13.470000267028809,13.56999969482422,0.0,0.0,0.0,,^VIX
1265,,2023-07-05,,,,,,,,,,,,,,,,,628.0,104.05250283207492,104.05250283207492,102.3087048209119,102.874755859375,997900.0,0.0,0.0,0.0,VDE
1266,,2023-07-05,,,,,,,,,,,,,,,,,2048.0,14.1899995803833,14.739999771118164,14.050000190734863,14.18000030517578,0.0,0.0,0.0,,^VIX
1267,,2023-07-06,,,,,,,,,,,,,,,,,629.0,101.7609113411336,102.39087076910644,99.64279466074908,100.5009994506836,513500.0,0.0,0.0,0.0,VDE
1268,,2023-07-06,,,,,,,,,,,,,,,,,2049.0,14.850000381469728,17.079999923706055,14.789999961853027,15.4399995803833,0.0,0.0,0.0,,^VIX
1269,,2023-07-07,,,,,,,,,,,,,,,,,630.0,100.0262623808066,103.66906399867489,99.96235394709824,102.80172729492188,374900.0,0.0,0.0,0.0,VDE
1270,,2023-07-07,,,,,,,,,,,,,,,,,2050.0,15.970000267028809,16.059999465942383,14.329999923706056,14.829999923706056,0.0,0.0,0.0,,^VIX
1271,,2023-07-10,,,,,,,,,,,,,,,,,631.0,102.53695102552628,103.68730967696618,102.46391779859852,103.5321044921875,289900.0,0.0,0.0,0.0,VDE
1272,,2023-07-10,,,,,,,,,,,,,,,,,2051.0,16.079999923706055,16.209999084472656,15.039999961853027,15.06999969482422,0.0,0.0,0.0,,^VIX
1273,,2023-07-11,,,,,,,,,,,,,,,,,632.0,104.0251124482816,106.01541236072732,103.9338087275442,105.8784637451172,825600.0,0.0,0.0,0.0,VDE
1274,,2023-07-11,,,,,,,,,,,,,,,,,2052.0,15.020000457763672,15.25,14.630000114440918,14.84000015258789,0.0,0.0,0.0,,^VIX
1275,,2023-07-12,,,,,,,,,,,,,,,,,633.0,106.75494265580735,107.39402701289109,106.1432466332419,106.72755432128906,536100.0,0.0,0.0,0.0,VDE
1276,,2023-07-12,,,,,,,,,,,,,,,,,2053.0,14.81999969482422,14.81999969482422,13.510000228881836,13.539999961853027,0.0,0.0,0.0,,^VIX
1277,,2023-07-13,,,,,,,,,,,,,,,,,634.0,106.70014608945202,107.48531070487952,105.50413563637296,106.30756378173828,473000.0,0.0,0.0,0.0,VDE
1278,,2023-07-13,,,,,,,,,,,,,,,,,2054.0,13.4399995803833,13.609999656677246,13.119999885559082,13.609999656677246,0.0,0.0,0.0,,^VIX
1279,,2023-07-14,,,,,,,,,,,,,,,,,635.0,105.81455763066587,105.81455763066587,103.31299026184227,103.5229721069336,1897800.0,0.0,0.0,0.0,VDE
1280,,2023-07-14,,,,,,,,,,,,,,,,,2055.0,13.720000267028809,13.760000228881836,13.220000267028809,13.34000015258789,0.0,0.0,0.0,,^VIX
1281,,2023-07-17,,,,,,,,,,,,,,,,,636.0,103.17604164324148,103.9246861973637,102.8747560754189,103.5229721069336,1770800.0,0.0,0.0,0.0,VDE
1282,,2023-07-17,,,,,,,,,,,,,,,,,2056.0,13.779999732971191,14.0,13.43000030517578,13.479999542236328,0.0,0.0,0.0,,^VIX
1283,,2023-07-18,,,,,,,,,,,,,,,,,637.0,103.37689277103458,105.77803147980649,103.22168063057362,104.84678649902344,689400.0,0.0,0.0,0.0,VDE
1284,,2023-07-18,,,,,,,,,,,,,,,,,2057.0,13.609999656677246,13.670000076293944,13.289999961853027,13.300000190734863,0.0,0.0,0.0,,^VIX
1285,,2023-07-19,,,,,,,,,,,,,,,,,638.0,104.86505708586182,106.0610606383108,104.65506827316275,105.31241607666016,1335300.0,0.0,0.0,0.0,VDE
1286,,2023-07-19,,,,,,,,,,,,,,,,,2058.0,13.31999969482422,13.84000015258789,13.119999885559082,13.760000228881836,0.0,0.0,0.0,,^VIX
1287,,2023-07-20,,,,,,,,,,,,,,,,,639.0,106.2071512726085,106.7184187400004,105.62284360544724,106.49017333984376,500000.0,0.0,0.0,0.0,VDE
1288,,2023-07-20,,,,,,,,,,,,,,,,,2059.0,13.960000038146973,14.229999542236328,13.579999923706056,13.989999771118164,0.0,0.0,0.0,,^VIX
1289,,2023-07-21,,,,,,,,,,,,,,,,,640.0,106.87361088864216,107.37575349386223,106.38060004865224,107.3392333984375,396700.0,0.0,0.0,0.0,VDE
1290,,2023-07-21,,,,,,,,,,,,,,,,,2060.0,13.869999885559082,13.890000343322754,13.369999885559082,13.600000381469728,0.0,0.0,0.0,,^VIX
1291,,2023-07-24,,,,,,,,,,,,,,,,,641.0,107.8231030271024,109.8407911054567,107.8231030271024,109.06475830078124,517100.0,0.0,0.0,0.0,VDE
1292,,2023-07-24,,,,,,,,,,,,,,,,,2061.0,14.289999961853027,14.300000190734863,13.729999542236328,13.90999984741211,0.0,0.0,0.0,,^VIX
1293,,2023-07-25,,,,,,,,,,,,,,,,,642.0,108.78174413806356,110.25164487003586,108.38003006010965,109.71298217773438,483900.0,0.0,0.0,0.0,VDE
1294,,2023-07-25,,,,,,,,,,,,,,,,,2062.0,14.020000457763672,14.09000015258789,13.81999969482422,13.859999656677246,0.0,0.0,0.0,,^VIX
1295,,2023-07-26,,,,,,,,,,,,,,,,,643.0,108.69044681250948,110.105563912009,108.580886528508,109.6947250366211,686200.0,0.0,0.0,0.0,VDE
1296,,2023-07-26,,,,,,,,,,,,,,,,,2063.0,13.859999656677246,14.15999984741211,13.149999618530272,13.1899995803833,0.0,0.0,0.0,,^VIX
1297,,2023-07-27,,,,,,,,,,,,,,,,,644.0,110.30642942890807,110.71726833587611,108.63567153831148,108.9095687866211,1179400.0,0.0,0.0,0.0,VDE
1298,,2023-07-27,,,,,,,,,,,,,,,,,2064.0,13.140000343322754,15.020000457763672,12.739999771118164,14.40999984741211,0.0,0.0,0.0,,^VIX
1299,,2023-07-28,,,,,,,,,,,,,,,,,645.0,109.0191162906162,109.53951542896222,107.89614606287186,109.4390869140625,282500.0,0.0,0.0,0.0,VDE
1300,,2023-07-28,,,,,,,,,,,,,,,,,2065.0,14.029999732971191,14.18000030517578,13.270000457763672,13.329999923706056,0.0,0.0,0.0,,^VIX
1301,,2023-07-31,,,,,,,,,,,,,,,,,646.0,110.4616407565963,111.84024490949322,110.26078369207528,111.61199951171876,398000.0,0.0,0.0,0.0,VDE
1302,,2023-07-31,,,,,,,,,,,,,,,,,2066.0,13.979999542236328,14.09000015258789,13.56999969482422,13.630000114440918,0.0,0.0,0.0,,^VIX
1303,31.0,2023-08-01,181.217,174.935,3.5,402.247,333.794,173.268,251.093,57.125,142.641,418.587,199.121,267.575,257.68,32.6,310.103,307.026,647.0,111.00030117216508,111.30158676258095,109.85907420740476,111.0733413696289,410300.0,0.0,0.0,0.0,VDE
1304,31.0,2023-08-01,181.217,174.935,3.5,402.247,333.794,173.268,251.093,57.125,142.641,418.587,199.121,267.575,257.68,32.6,310.103,307.026,2067.0,13.75,14.300000190734863,13.75,13.93000030517578,0.0,0.0,0.0,,^VIX
1305,,2023-08-02,,,,,,,,,,,,,,,,,648.0,110.31555026299031,110.77204098793972,108.64479253795656,109.6490707397461,347900.0,0.0,0.0,0.0,VDE
1306,,2023-08-02,,,,,,,,,,,,,,,,,2068.0,15.699999809265137,16.479999542236328,14.949999809265137,16.09000015258789,0.0,0.0,0.0,,^VIX
1307,,2023-08-03,,,,,,,,,,,,,,,,,649.0,109.8499549559408,111.84938705494392,109.32955567934376,110.86336517333984,419200.0,0.0,0.0,0.0,VDE
1308,,2023-08-03,,,,,,,,,,,,,,,,,2069.0,16.770000457763672,17.420000076293945,15.720000267028809,15.920000076293944,0.0,0.0,0.0,,^VIX
1309,,2023-08-04,,,,,,,,,,,,,,,,,650.0,111.5298208026858,112.72582431105208,110.972901543333,111.00941467285156,327800.0,0.0,0.0,0.0,VDE
1310,,2023-08-04,,,,,,,,,,,,,,,,,2070.0,16.010000228881836,17.389999389648438,14.56999969482422,17.100000381469727,0.0,0.0,0.0,,^VIX
1311,,2023-08-07,,,,,,,,,,,,,,,,,651.0,111.49330274283024,111.89500986433022,110.86334328194944,111.21027374267578,270800.0,0.0,0.0,0.0,VDE
1312,,2023-08-07,,,,,,,,,,,,,,,,,2071.0,16.899999618530273,17.360000610351562,15.770000457763672,15.770000457763672,0.0,0.0,0.0,,^VIX
1313,,2023-08-08,,,,,,,,,,,,,,,,,652.0,109.7677685340833,111.87675356482684,108.62654166195006,111.849365234375,352600.0,0.0,0.0,0.0,VDE
1314,,2023-08-08,,,,,,,,,,,,,,,,,2072.0,16.280000686645508,18.13999938964844,15.960000038146973,15.989999771118164,0.0,0.0,0.0,,^VIX
1315,,2023-08-09,,,,,,,,,,,,,,,,,653.0,112.80799806473009,114.38745921070812,112.29673062579911,113.27362060546876,517500.0,0.0,0.0,0.0,VDE
1316,,2023-08-09,,,,,,,,,,,,,,,,,2073.0,15.8100004196167,16.8700008392334,15.380000114440918,15.960000038146973,0.0,0.0,0.0,,^VIX
1317,,2023-08-10,,,,,,,,,,,,,,,,,654.0,113.410570271851,114.5244088873125,112.34238352049718,113.12754821777344,426100.0,0.0,0.0,0.0,VDE
1318,,2023-08-10,,,,,,,,,,,,,,,,,2074.0,15.579999923706056,16.860000610351562,14.600000381469728,15.850000381469728,0.0,0.0,0.0,,^VIX
1319,,2023-08-11,,,,,,,,,,,,,,,,,655.0,113.09101321173787,114.92610088662192,113.01797302499244,114.7435073852539,513600.0,0.0,0.0,0.0,VDE
1320,,2023-08-11,,,,,,,,,,,,,,,,,2075.0,15.529999732971191,16.510000228881836,14.84000015258789,14.84000015258789,0.0,0.0,0.0,,^VIX
1321,,2023-08-14,,,,,,,,,,,,,,,,,656.0,114.4148380470095,114.67960351033814,113.40142805359484,114.20484924316406,540200.0,0.0,0.0,0.0,VDE
1322,,2023-08-14,,,,,,,,,,,,,,,,,2076.0,15.880000114440918,16.059999465942383,14.770000457763672,14.81999969482422,0.0,0.0,0.0,,^VIX
1323,,2023-08-15,,,,,,,,,,,,,,,,,657.0,113.31013360952063,113.47447055681675,111.69415246685966,111.8402328491211,436800.0,0.0,0.0,0.0,VDE
1324,,2023-08-15,,,,,,,,,,,,,,,,,2077.0,14.949999809265137,16.56999969482422,14.90999984741211,16.459999084472656,0.0,0.0,0.0,,^VIX
1325,,2023-08-16,,,,,,,,,,,,,,,,,658.0,111.9315408959576,113.2279730745684,110.93639431203002,110.95465087890624,383200.0,0.0,0.0,0.0,VDE
1326,,2023-08-16,,,,,,,,,,,,,,,,,2078.0,16.540000915527344,16.93000030517578,15.800000190734863,16.780000686645508,0.0,0.0,0.0,,^VIX
1327,,2023-08-17,,,,,,,,,,,,,,,,,659.0,112.39715155307071,113.77575555038956,112.29672303214376,112.30585479736328,417800.0,0.0,0.0,0.0,VDE
1328,,2023-08-17,,,,,,,,,,,,,,,,,2079.0,16.959999084472656,18.1299991607666,16.399999618530273,17.889999389648438,0.0,0.0,0.0,,^VIX
1329,,2023-08-18,,,,,,,,,,,,,,,,,660.0,111.58459249741328,113.50185212463948,111.37460370179768,113.46533203125,376400.0,0.0,0.0,0.0,VDE
1330,,2023-08-18,,,,,,,,,,,,,,,,,2080.0,17.799999237060547,18.8799991607666,17.139999389648438,17.299999237060547,0.0,0.0,0.0,,^VIX
1331,,2023-08-21,,,,,,,,,,,,,,,,,661.0,113.93095304036478,114.42396384649776,112.0776018591862,112.78972625732422,571000.0,0.0,0.0,0.0,VDE
1332,,2023-08-21,,,,,,,,,,,,,,,,,2081.0,18.030000686645508,18.11000061035156,16.8799991607666,17.1299991607666,0.0,0.0,0.0,,^VIX
1333,,2023-08-22,,,,,,,,,,,,,,,,,662.0,113.07276318033485,113.38318052831116,111.94066801261928,111.97718811035156,313100.0,0.0,0.0,0.0,VDE
1334,,2023-08-22,,,,,,,,,,,,,,,,,2082.0,16.959999084472656,17.579999923706055,16.610000610351562,16.969999313354492,0.0,0.0,0.0,,^VIX
1335,,2023-08-23,,,,,,,,,,,,,,,,,663.0,110.92727151551937,111.81286483880596,109.95038141947582,111.6211395263672,267300.0,0.0,0.0,0.0,VDE
1336,,2023-08-23,,,,,,,,,,,,,,,,,2083.0,16.639999389648438,17.100000381469727,15.90999984741211,15.979999542236328,0.0,0.0,0.0,,^VIX
1337,,2023-08-24,,,,,,,,,,,,,,,,,664.0,110.69900875723434,112.02282916854506,110.59858023328704,110.77204895019533,325900.0,0.0,0.0,0.0,VDE
1338,,2023-08-24,,,,,,,,,,,,,,,,,2084.0,15.56999969482422,17.31999969482422,15.479999542236328,17.200000762939453,0.0,0.0,0.0,,^VIX
1339,,2023-08-25,,,,,,,,,,,,,,,,,665.0,111.49330539055858,112.41541170779414,110.52554024576732,111.90414428710938,336500.0,0.0,0.0,0.0,VDE
1340,,2023-08-25,,,,,,,,,,,,,,,,,2085.0,17.209999084472656,17.360000610351562,15.449999809265137,15.68000030517578,0.0,0.0,0.0,,^VIX
1341,,2023-08-28,,,,,,,,,,,,,,,,,666.0,112.22368621885865,113.47447340273152,112.05022446744285,112.7075653076172,276000.0,0.0,0.0,0.0,VDE
1342,,2023-08-28,,,,,,,,,,,,,,,,,2086.0,16.239999771118164,16.280000686645508,15.0,15.079999923706056,0.0,0.0,0.0,,^VIX
1343,,2023-08-29,,,,,,,,,,,,,,,,,667.0,112.96321525797464,113.20971722259236,111.86763317007087,113.05451202392578,396000.0,0.0,0.0,0.0,VDE
1344,,2023-08-29,,,,,,,,,,,,,,,,,2087.0,15.079999923706056,15.300000190734863,14.34000015258789,14.449999809265137,0.0,0.0,0.0,,^VIX
1345,,2023-08-30,,,,,,,,,,,,,,,,,668.0,113.36491258432028,113.94922019430186,113.19145083371386,113.64794158935548,285900.0,0.0,0.0,0.0,VDE
1346,,2023-08-30,,,,,,,,,,,,,,,,,2088.0,14.529999732971191,14.699999809265137,13.829999923706056,13.880000114440918,0.0,0.0,0.0,,^VIX
1347,,2023-08-31,,,,,,,,,,,,,,,,,669.0,114.15007558410775,114.15007558410775,113.0636253724943,113.78488159179688,313000.0,0.0,0.0,0.0,VDE
1348,,2023-08-31,,,,,,,,,,,,,,,,,2089.0,13.979999542236328,14.0,13.4399995803833,13.56999969482422,0.0,0.0,0.0,,^VIX
1349,32.0,2023-09-01,185.925,175.238,3.2,404.487,332.098,182.025,252.368,57.362,142.618,418.587,190.761,270.998,258.934,32.5,310.817,307.789,670.0,115.03566647508715,116.3503620351897,115.03566647508715,116.14037322998048,533100.0,0.0,0.0,0.0,VDE
1350,32.0,2023-09-01,185.925,175.238,3.2,404.487,332.098,182.025,252.368,57.362,142.618,418.587,190.761,270.998,258.934,32.5,310.817,307.789,2090.0,13.5600004196167,13.5600004196167,13.020000457763672,13.09000015258789,0.0,0.0,0.0,,^VIX
1351,,2023-09-05,,,,,,,,,,,,,,,,,671.0,116.86163709942768,117.84765883417322,116.56948328529896,116.62425994873048,388200.0,0.0,0.0,0.0,VDE
1352,,2023-09-05,,,,,,,,,,,,,,,,,2091.0,14.149999618530272,14.470000267028809,13.699999809265137,14.010000228881836,0.0,0.0,0.0,,^VIX
1353,,2023-09-06,,,,,,,,,,,,,,,,,672.0,116.52382322336072,117.28160648532436,115.77517869198785,116.60599517822266,413400.0,0.0,0.0,0.0,VDE
1354,,2023-09-06,,,,,,,,,,,,,,,,,2092.0,14.270000457763672,15.300000190734863,14.130000114440918,14.449999809265137,0.0,0.0,0.0,,^VIX
1355,,2023-09-07,,,,,,,,,,,,,,,,,673.0,116.67903453208956,117.409422493536,116.18602370293756,116.43252563476562,320200.0,0.0,0.0,0.0,VDE
1356,,2023-09-07,,,,,,,,,,,,,,,,,2093.0,14.8100004196167,15.6899995803833,14.399999618530272,14.399999618530272,0.0,0.0,0.0,,^VIX
1357,,2023-09-08,,,,,,,,,,,,,,,,,674.0,116.99859699022583,118.34068117740972,116.94382031825832,117.6376953125,416900.0,0.0,0.0,0.0,VDE
1358,,2023-09-08,,,,,,,,,,,,,,,,,2094.0,14.220000267028809,14.869999885559082,13.579999923706056,13.84000015258789,0.0,0.0,0.0,,^VIX
1359,,2023-09-11,,,,,,,,,,,,,,,,,675.0,118.19459977899888,118.69672849599291,115.5560766424348,116.04908752441406,1879700.0,0.0,0.0,0.0,VDE
1360,,2023-09-11,,,,,,,,,,,,,,,,,2095.0,14.170000076293944,14.329999923706056,13.739999771118164,13.800000190734863,0.0,0.0,0.0,,^VIX
1361,,2023-09-12,,,,,,,,,,,,,,,,,676.0,117.10814743290514,118.92497180333407,117.080759100858,118.7332534790039,464500.0,0.0,0.0,0.0,VDE
1362,,2023-09-12,,,,,,,,,,,,,,,,,2096.0,14.020000457763672,14.420000076293944,13.710000038146973,14.229999542236328,0.0,0.0,0.0,,^VIX
1363,,2023-09-13,,,,,,,,,,,,,,,,,677.0,118.93410282186954,119.15320946403791,117.1903048293221,117.7746124267578,403800.0,0.0,0.0,0.0,VDE
1364,,2023-09-13,,,,,,,,,,,,,,,,,2097.0,14.420000076293944,14.68000030517578,13.40999984741211,13.479999542236328,0.0,0.0,0.0,,^VIX
1365,,2023-09-14,,,,,,,,,,,,,,,,,678.0,118.96148123093808,119.66448082158058,118.76062420504022,119.16233825683594,544500.0,0.0,0.0,0.0,VDE
1366,,2023-09-14,,,,,,,,,,,,,,,,,2098.0,13.390000343322754,13.460000038146973,12.789999961853027,12.81999969482422,0.0,0.0,0.0,,^VIX
1367,,2023-09-15,,,,,,,,,,,,,,,,,679.0,118.45935904561831,119.28103688856636,117.5555022735809,117.6741943359375,464700.0,0.0,0.0,0.0,VDE
1368,,2023-09-15,,,,,,,,,,,,,,,,,2099.0,12.699999809265137,14.170000076293944,12.68000030517578,13.789999961853027,0.0,0.0,0.0,,^VIX
1369,,2023-09-18,,,,,,,,,,,,,,,,,680.0,118.63283745028748,119.03455160396092,117.6468155997238,118.34981536865234,506600.0,0.0,0.0,0.0,VDE
1370,,2023-09-18,,,,,,,,,,,,,,,,,2100.0,14.399999618530272,14.75,13.859999656677246,14.0,0.0,0.0,0.0,,^VIX
1371,,2023-09-19,,,,,,,,,,,,,,,,,681.0,119.36321172726662,119.3997248592826,116.615135337556,117.27247619628906,361300.0,0.0,0.0,0.0,VDE
1372,,2023-09-19,,,,,,,,,,,,,,,,,2101.0,14.109999656677246,14.880000114440918,13.859999656677246,14.109999656677246,0.0,0.0,0.0,,^VIX
1373,,2023-09-20,,,,,,,,,,,,,,,,,682.0,116.66990780747422,118.03937310473276,116.11298853004762,116.21341705322266,792200.0,0.0,0.0,0.0,VDE
1374,,2023-09-20,,,,,,,,,,,,,,,,,2102.0,14.18000030517578,15.149999618530272,13.56999969482422,15.140000343322754,0.0,0.0,0.0,,^VIX
1375,,2023-09-21,,,,,,,,,,,,,,,,,683.0,116.77034013700838,117.1263954141951,114.41484609656928,114.53353118896484,684900.0,0.0,0.0,0.0,VDE
1376,,2023-09-21,,,,,,,,,,,,,,,,,2103.0,15.489999771118164,17.540000915527344,15.100000381469728,17.540000915527344,0.0,0.0,0.0,,^VIX
1377,,2023-09-22,,,,,,,,,,,,,,,,,684.0,115.35522810712064,116.2682097414714,114.74353208382492,114.7800521850586,378900.0,0.0,0.0,0.0,VDE
1378,,2023-09-22,,,,,,,,,,,,,,,,,2104.0,17.309999465942383,17.40999984741211,15.93000030517578,17.200000762939453,0.0,0.0,0.0,,^VIX
1379,,2023-09-25,,,,,,,,,,,,,,,,,685.0,114.78916894543434,116.53296001702124,114.69786522153768,116.38688659667967,1125500.0,0.0,0.0,0.0,VDE
1380,,2023-09-25,,,,,,,,,,,,,,,,,2105.0,17.25,18.40999984741211,16.790000915527344,16.899999618530273,0.0,0.0,0.0,,^VIX
1381,,2023-09-26,,,,,,,,,,,,,,,,,686.0,115.62909477272468,116.39599579911628,115.21824896673324,115.7477798461914,509800.0,0.0,0.0,0.0,VDE
1382,,2023-09-26,,,,,,,,,,,,,,,,,2106.0,18.030000686645508,19.5,17.170000076293945,18.940000534057617,0.0,0.0,0.0,,^VIX
1383,,2023-09-27,,,,,,,,,,,,,,,,,687.0,117.1811788750662,119.14408349044304,116.7338129333933,118.71498107910156,1021400.0,0.0,0.0,0.0,VDE
1384,,2023-09-27,,,,,,,,,,,,,,,,,2107.0,18.290000915527344,19.709999084472656,18.030000686645508,18.219999313354492,0.0,0.0,0.0,,^VIX
1385,,2023-09-28,,,,,,,,,,,,,,,,,688.0,118.41718766934152,119.54769407995474,118.00359426212908,118.83998107910156,398400.0,0.866,0.0,0.0,VDE
1386,,2023-09-28,,,,,,,,,,,,,,,,,2108.0,18.219999313354492,18.770000457763672,17.059999465942383,17.34000015258789,0.0,0.0,0.0,,^VIX
1387,,2023-09-29,,,,,,,,,,,,,,,,,689.0,118.83079129785288,118.83079129785288,116.11025494463811,116.4870834350586,522500.0,0.0,0.0,0.0,VDE
1388,,2023-09-29,,,,,,,,,,,,,,,,,2109.0,16.8700008392334,17.739999771118164,15.829999923706056,17.520000457763672,0.0,0.0,0.0,,^VIX
1389,33.0,2023-10-01,186.91,175.485,4.2,406.683,328.743,184.002,249.119,57.374,142.258,419.322,196.091,271.185,255.192,32.5,311.38,307.671,,,,,,,,,,
1390,,2023-10-02,,,,,,,,,,,,,,,,,690.0,116.39516936803795,116.59737309094014,113.224267748919,114.10660552978516,563300.0,0.0,0.0,0.0,VDE
1391,,2023-10-02,,,,,,,,,,,,,,,,,2110.0,17.309999465942383,18.549999237060547,16.93000030517578,17.610000610351562,0.0,0.0,0.0,,^VIX
1392,,2023-10-03,,,,,,,,,,,,,,,,,691.0,113.72058033993991,114.18931766891464,112.84742856621216,113.98711395263672,515500.0,0.0,0.0,0.0,VDE
1393,,2023-10-03,,,,,,,,,,,,,,,,,2111.0,17.809999465942383,20.479999542236328,17.520000457763672,19.780000686645508,0.0,0.0,0.0,,^VIX
1394,,2023-10-04,,,,,,,,,,,,,,,,,692.0,112.33274789182764,112.4246567714776,109.23536886101772,110.12689971923828,996500.0,0.0,0.0,0.0,VDE
1395,,2023-10-04,,,,,,,,,,,,,,,,,2112.0,20.719999313354492,20.8799991607666,18.299999237060547,18.579999923706055,0.0,0.0,0.0,,^VIX
1396,,2023-10-05,,,,,,,,,,,,,,,,,693.0,108.8217637900104,110.63239727601191,108.80337780872256,109.7041015625,481500.0,0.0,0.0,0.0,VDE
1397,,2023-10-05,,,,,,,,,,,,,,,,,2113.0,18.670000076293945,19.579999923706055,18.260000228881836,18.489999771118164,0.0,0.0,0.0,,^VIX
1398,,2023-10-06,,,,,,,,,,,,,,,,,694.0,109.5386656809898,111.37687117520868,108.4265521984511,110.3566665649414,551700.0,0.0,0.0,0.0,VDE
1399,,2023-10-06,,,,,,,,,,,,,,,,,2114.0,18.729999542236328,19.93000030517578,17.190000534057617,17.450000762939453,0.0,0.0,0.0,,^VIX
1400,,2023-10-09,,,,,,,,,,,,,,,,,695.0,113.55514257189122,114.64887002798196,112.70037677150594,114.29042053222656,513300.0,0.0,0.0,0.0,VDE
1401,,2023-10-09,,,,,,,,,,,,,,,,,2115.0,19.540000915527344,19.600000381469727,17.559999465942383,17.700000762939453,0.0,0.0,0.0,,^VIX
1402,,2023-10-10,,,,,,,,,,,,,,,,,696.0,114.5294049203564,115.10843718247024,113.75735489200648,114.29962921142578,336300.0,0.0,0.0,0.0,VDE
1403,,2023-10-10,,,,,,,,,,,,,,,,,2116.0,17.700000762939453,17.860000610351562,16.510000228881836,17.030000686645508,0.0,0.0,0.0,,^VIX
1404,,2023-10-11,,,,,,,,,,,,,,,,,697.0,112.7095732416938,113.1323596859872,111.57908073052178,113.0220718383789,397800.0,0.0,0.0,0.0,VDE
1405,,2023-10-11,,,,,,,,,,,,,,,,,2117.0,16.950000762939453,17.780000686645508,16.09000015258789,16.09000015258789,0.0,0.0,0.0,,^VIX
1406,,2023-10-12,,,,,,,,,,,,,,,,,698.0,114.2352813274333,114.2352813274333,112.52574965611956,113.0864028930664,295200.0,0.0,0.0,0.0,VDE
1407,,2023-10-12,,,,,,,,,,,,,,,,,2118.0,16.079999923706055,18.079999923706055,15.4399995803833,16.690000534057617,0.0,0.0,0.0,,^VIX
1408,,2023-10-13,,,,,,,,,,,,,,,,,699.0,114.89703791813535,116.14701823191832,114.34557766492468,115.60474395751952,312400.0,0.0,0.0,0.0,VDE
1409,,2023-10-13,,,,,,,,,,,,,,,,,2119.0,16.530000686645508,20.780000686645508,16.5,19.31999969482422,0.0,0.0,0.0,,^VIX
1410,,2023-10-16,,,,,,,,,,,,,,,,,700.0,116.18376159667967,116.51463207737191,115.09002727228734,116.18376159667967,450100.0,0.0,0.0,0.0,VDE
1411,,2023-10-16,,,,,,,,,,,,,,,,,2120.0,19.100000381469727,19.56999969482422,17.139999389648438,17.209999084472656,0.0,0.0,0.0,,^VIX
1412,,2023-10-17,,,,,,,,,,,,,,,,,701.0,115.87127458677398,117.80138881232897,115.87127458677398,117.43374633789062,1075400.0,0.0,0.0,0.0,VDE
1413,,2023-10-17,,,,,,,,,,,,,,,,,2121.0,17.40999984741211,18.540000915527344,16.969999313354492,17.8799991607666,0.0,0.0,0.0,,^VIX
1414,,2023-10-18,,,,,,,,,,,,,,,,,702.0,117.84735001692752,118.93188447766929,117.7094902208652,118.36204528808594,1196200.0,0.0,0.0,0.0,VDE
1415,,2023-10-18,,,,,,,,,,,,,,,,,2122.0,18.36000061035156,20.149999618530273,17.8799991607666,19.219999313354492,0.0,0.0,0.0,,^VIX
1416,,2023-10-19,,,,,,,,,,,,,,,,,703.0,117.92089207406516,119.152486460515,116.88230142200148,118.2701416015625,665700.0,0.0,0.0,0.0,VDE
1417,,2023-10-19,,,,,,,,,,,,,,,,,2123.0,19.729999542236328,21.399999618530273,18.549999237060547,21.399999618530273,0.0,0.0,0.0,,^VIX
1418,,2023-10-20,,,,,,,,,,,,,,,,,704.0,118.09550510417382,118.37122468095924,115.8528923836956,116.21134185791016,988600.0,0.0,0.0,0.0,VDE
1419,,2023-10-20,,,,,,,,,,,,,,,,,2124.0,21.59000015258789,21.829999923706055,20.420000076293945,21.709999084472656,0.0,0.0,0.0,,^VIX
1420,,2023-10-23,,,,,,,,,,,,,,,,,705.0,115.31981963681145,115.54959531728258,113.84925668423554,114.3363800048828,476600.0,0.0,0.0,0.0,VDE
1421,,2023-10-23,,,,,,,,,,,,,,,,,2125.0,21.829999923706055,23.079999923706055,19.479999542236328,20.3700008392334,0.0,0.0,0.0,,^VIX
1422,,2023-10-24,,,,,,,,,,,,,,,,,706.0,114.7223848779402,114.7223848779402,112.9025586663626,112.93013763427734,449800.0,0.0,0.0,0.0,VDE
1423,,2023-10-24,,,,,,,,,,,,,,,,,2126.0,20.030000686645508,20.239999771118164,18.649999618530273,18.969999313354492,0.0,0.0,0.0,,^VIX
1424,,2023-10-25,,,,,,,,,,,,,,,,,707.0,112.8933871826203,113.4724193636336,112.08457231266212,112.64522552490234,483500.0,0.0,0.0,0.0,VDE
1425,,2023-10-25,,,,,,,,,,,,,,,,,2127.0,19.38999938964844,21.239999771118164,18.86000061035156,20.190000534057617,0.0,0.0,0.0,,^VIX
1426,,2023-10-26,,,,,,,,,,,,,,,,,708.0,111.66179376936648,112.29597692573677,110.61401717061416,111.81804656982422,441600.0,0.0,0.0,0.0,VDE
1427,,2023-10-26,,,,,,,,,,,,,,,,,2128.0,21.780000686645508,21.959999084472656,20.219999313354492,20.68000030517578,0.0,0.0,0.0,,^VIX
1428,,2023-10-27,,,,,,,,,,,,,,,,,709.0,111.80885778470817,112.1948792804124,109.12507927333871,109.51110076904295,2760100.0,0.0,0.0,0.0,VDE
1429,,2023-10-27,,,,,,,,,,,,,,,,,2129.0,20.38999938964844,22.06999969482422,19.719999313354492,21.270000457763672,0.0,0.0,0.0,,^VIX
1430,,2023-10-30,,,,,,,,,,,,,,,,,710.0,109.81438427403369,110.65076401304208,108.75741485714036,109.82357025146484,566000.0,0.0,0.0,0.0,VDE
1431,,2023-10-30,,,,,,,,,,,,,,,,,2130.0,21.1299991607666,21.15999984741211,19.549999237060547,19.75,0.0,0.0,0.0,,^VIX
1432,,2023-10-31,,,,,,,,,,,,,,,,,711.0,109.97064959754135,110.43939398117824,108.83096410786918,110.23719024658205,583800.0,0.0,0.0,0.0,VDE
1433,,2023-10-31,,,,,,,,,,,,,,,,,2131.0,19.86000061035156,19.86000061035156,17.969999313354492,18.13999938964844,0.0,0.0,0.0,,^VIX
1434,34.0,2023-11-01,187.062,175.669,4.5,408.838,326.844,187.206,246.497,57.591,141.869,419.322,199.526,271.874,252.856,32.6,311.606,307.051,712.0,110.87135181808162,111.51472789010776,109.83276833230092,109.99820709228516,445600.0,0.0,0.0,0.0,VDE
1435,34.0,2023-11-01,187.062,175.669,4.5,408.838,326.844,187.206,246.497,57.591,141.869,419.322,199.526,271.874,252.856,32.6,311.606,307.051,2132.0,18.020000457763672,18.420000076293945,16.6299991607666,16.8700008392334,0.0,0.0,0.0,,^VIX
1436,,2023-11-02,,,,,,,,,,,,,,,,,713.0,110.26474955427494,113.47241594152088,109.68571037852722,113.32536315917967,547700.0,0.0,0.0,0.0,VDE
1437,,2023-11-02,,,,,,,,,,,,,,,,,2133.0,16.59000015258789,16.6200008392334,15.579999923706056,15.65999984741211,0.0,0.0,0.0,,^VIX
1438,,2023-11-03,,,,,,,,,,,,,,,,,714.0,113.24265757196189,113.55515617699784,111.59746268326144,112.30517578125,357400.0,0.0,0.0,0.0,VDE
1439,,2023-11-03,,,,,,,,,,,,,,,,,2134.0,15.699999809265137,15.829999923706056,14.90999984741211,14.90999984741211,0.0,0.0,0.0,,^VIX
1440,,2023-11-06,,,,,,,,,,,,,,,,,715.0,112.83824442983972,112.87500938224755,110.36586273714282,110.73350524902344,919700.0,0.0,0.0,0.0,VDE
1441,,2023-11-06,,,,,,,,,,,,,,,,,2135.0,15.390000343322754,15.579999923706056,14.84000015258789,14.890000343322754,0.0,0.0,0.0,,^VIX
1442,,2023-11-07,,,,,,,,,,,,,,,,,716.0,109.0883036924757,109.31807937165796,107.69126363621707,108.04971313476562,586200.0,0.0,0.0,0.0,VDE
1443,,2023-11-07,,,,,,,,,,,,,,,,,2136.0,15.100000381469728,15.170000076293944,14.710000038146973,14.8100004196167,0.0,0.0,0.0,,^VIX
1444,,2023-11-08,,,,,,,,,,,,,,,,,717.0,107.58097761145402,108.33464157138808,106.70782580852476,106.74459075927734,620400.0,0.0,0.0,0.0,VDE
1445,,2023-11-08,,,,,,,,,,,,,,,,,2137.0,14.90999984741211,15.09000015258789,14.300000190734863,14.449999809265137,0.0,0.0,0.0,,^VIX
1446,,2023-11-09,,,,,,,,,,,,,,,,,718.0,107.35119502289616,107.82912532754123,106.4320923497967,106.505615234375,674900.0,0.0,0.0,0.0,VDE
1447,,2023-11-09,,,,,,,,,,,,,,,,,2138.0,14.609999656677246,15.56999969482422,14.130000114440918,15.289999961853027,0.0,0.0,0.0,,^VIX
1448,,2023-11-10,,,,,,,,,,,,,,,,,719.0,107.54421258346996,107.87509012780804,106.59753789191282,107.56259155273438,453900.0,0.0,0.0,0.0,VDE
1449,,2023-11-10,,,,,,,,,,,,,,,,,2139.0,15.09000015258789,15.449999809265137,14.15999984741211,14.170000076293944,0.0,0.0,0.0,,^VIX
1450,,2023-11-13,,,,,,,,,,,,,,,,,720.0,107.76479538586968,108.6011822383013,107.42472485045283,108.37140655517578,486500.0,0.0,0.0,0.0,VDE
1451,,2023-11-13,,,,,,,,,,,,,,,,,2140.0,15.15999984741211,15.1899995803833,14.579999923706056,14.760000228881836,0.0,0.0,0.0,,^VIX
1452,,2023-11-14,,,,,,,,,,,,,,,,,721.0,108.91367319077702,109.73167405714123,108.61036760782471,109.4467544555664,552100.0,0.0,0.0,0.0,VDE
1453,,2023-11-14,,,,,,,,,,,,,,,,,2141.0,14.829999923706056,14.859999656677246,13.90999984741211,14.15999984741211,0.0,0.0,0.0,,^VIX
1454,,2023-11-15,,,,,,,,,,,,,,,,,722.0,109.2077921783959,110.59563934138131,109.01478143581346,109.12507629394533,477200.0,0.0,0.0,0.0,VDE
1455,,2023-11-15,,,,,,,,,,,,,,,,,2142.0,14.210000038146973,14.350000381469728,13.970000267028809,14.18000030517578,0.0,0.0,0.0,,^VIX
1456,,2023-11-16,,,,,,,,,,,,,,,,,723.0,108.0680992830638,108.43574177276344,105.79791444728048,106.96517181396484,725100.0,0.0,0.0,0.0,VDE
1457,,2023-11-16,,,,,,,,,,,,,,,,,2143.0,14.119999885559082,14.420000076293944,13.68000030517578,14.31999969482422,0.0,0.0,0.0,,^VIX
1458,,2023-11-17,,,,,,,,,,,,,,,,,724.0,107.9394408856669,109.83279051167176,107.70047218138916,109.1618423461914,482400.0,0.0,0.0,0.0,VDE
1459,,2023-11-17,,,,,,,,,,,,,,,,,2144.0,14.18000030517578,14.1899995803833,13.670000076293944,13.800000190734863,0.0,0.0,0.0,,^VIX
1460,,2023-11-20,,,,,,,,,,,,,,,,,725.0,109.99821768948269,110.30152328070692,109.28131866455078,109.28131866455078,807600.0,0.0,0.0,0.0,VDE
1461,,2023-11-20,,,,,,,,,,,,,,,,,2145.0,14.260000228881836,14.3100004196167,13.390000343322754,13.40999984741211,0.0,0.0,0.0,,^VIX
1462,,2023-11-21,,,,,,,,,,,,,,,,,726.0,108.65633665605206,109.25375489233674,108.06811141139582,109.02397918701172,542800.0,0.0,0.0,0.0,VDE
1463,,2023-11-21,,,,,,,,,,,,,,,,,2146.0,13.449999809265137,14.3100004196167,13.130000114440918,13.350000381469728,0.0,0.0,0.0,,^VIX
1464,,2023-11-22,,,,,,,,,,,,,,,,,727.0,106.83649992858192,109.088305836136,106.202323809871,108.94124603271484,459300.0,0.0,0.0,0.0,VDE
1465,,2023-11-22,,,,,,,,,,,,,,,,,2147.0,13.079999923706056,13.25,12.81999969482422,12.850000381469728,0.0,0.0,0.0,,^VIX
1466,,2023-11-24,,,,,,,,,,,,,,,,,728.0,108.93206065981718,110.3015288792065,108.93206065981718,109.49271392822266,193500.0,0.0,0.0,0.0,VDE
1467,,2023-11-24,,,,,,,,,,,,,,,,,2148.0,13.029999732971191,13.170000076293944,12.449999809265137,12.460000038146973,0.0,0.0,0.0,,^VIX
1468,,2023-11-27,,,,,,,,,,,,,,,,,729.0,108.93206134028932,109.19860199514692,108.0497234891389,108.96882629394533,469700.0,0.0,0.0,0.0,VDE
1469,,2023-11-27,,,,,,,,,,,,,,,,,2149.0,13.140000343322754,13.279999732971191,12.640000343322754,12.6899995803833,0.0,0.0,0.0,,^VIX
1470,,2023-11-28,,,,,,,,,,,,,,,,,730.0,109.14345061706386,109.9798374781736,108.82176605978992,108.95963287353516,438000.0,0.0,0.0,0.0,VDE
1471,,2023-11-28,,,,,,,,,,,,,,,,,2150.0,12.779999732971191,14.300000190734863,12.5600004196167,12.6899995803833,0.0,0.0,0.0,,^VIX
1472,,2023-11-29,,,,,,,,,,,,,,,,,731.0,109.6949041375407,109.7224760961606,107.90265670527695,108.18757629394533,699600.0,0.0,0.0,0.0,VDE
1473,,2023-11-29,,,,,,,,,,,,,,,,,2151.0,12.710000038146973,13.100000381469728,12.479999542236328,12.979999542236328,0.0,0.0,0.0,,^VIX
1474,,2023-11-30,,,,,,,,,,,,,,,,,732.0,109.15264231656636,110.58644033328056,107.67288635841498,108.93205261230467,539500.0,0.0,0.0,0.0,VDE
1475,,2023-11-30,,,,,,,,,,,,,,,,,2152.0,13.06999969482422,13.390000343322754,12.81999969482422,12.920000076293944,0.0,0.0,0.0,,^VIX
1476,35.0,2023-12-01,183.079,175.76,3.1,410.606,327.644,177.712,243.266,57.536,141.267,425.883,205.776,272.421,249.866,32.6,311.907,306.746,733.0,108.74824575021456,110.8346060733134,108.38060321852986,109.59381866455078,553100.0,0.0,0.0,0.0,VDE
1477,35.0,2023-12-01,183.079,175.76,3.1,410.606,327.644,177.712,243.266,57.536,141.267,425.883,205.776,272.421,249.866,32.6,311.907,306.746,2153.0,12.9399995803833,12.960000038146973,12.479999542236328,12.630000114440918,0.0,0.0,0.0,,^VIX
1478,,2023-12-04,,,,,,,,,,,,,,,,,734.0,108.7206758988534,109.6122067765382,108.196787559993,108.83097076416016,545200.0,0.0,0.0,0.0,VDE
1479,,2023-12-04,,,,,,,,,,,,,,,,,2154.0,13.279999732971191,13.699999809265137,12.979999542236328,13.079999923706056,0.0,0.0,0.0,,^VIX
1480,,2023-12-05,,,,,,,,,,,,,,,,,735.0,108.79419766753904,108.96882242595916,106.8089323137717,106.9100341796875,835200.0,0.0,0.0,0.0,VDE
1481,,2023-12-05,,,,,,,,,,,,,,,,,2155.0,13.260000228881836,13.760000228881836,12.8100004196167,12.850000381469728,0.0,0.0,0.0,,^VIX
1482,,2023-12-06,,,,,,,,,,,,,,,,,736.0,106.21151421292667,106.87326933149409,104.75933716073456,104.9891128540039,826200.0,0.0,0.0,0.0,VDE
1483,,2023-12-06,,,,,,,,,,,,,,,,,2156.0,12.779999732971191,13.029999732971191,12.640000343322754,12.970000267028809,0.0,0.0,0.0,,^VIX
1484,,2023-12-07,,,,,,,,,,,,,,,,,737.0,105.57733830696264,106.1104125872849,104.11596124811624,104.4560317993164,918300.0,0.0,0.0,0.0,VDE
1485,,2023-12-07,,,,,,,,,,,,,,,,,2157.0,13.170000076293944,13.279999732971191,12.949999809265137,13.0600004196167,0.0,0.0,0.0,,^VIX
1486,,2023-12-08,,,,,,,,,,,,,,,,,738.0,105.191306176975,106.00012107897123,104.99829544232522,105.69681549072266,1291800.0,0.0,0.0,0.0,VDE
1487,,2023-12-08,,,,,,,,,,,,,,,,,2158.0,13.140000343322754,13.239999771118164,12.350000381469728,12.350000381469728,0.0,0.0,0.0,,^VIX
1488,,2023-12-11,,,,,,,,,,,,,,,,,739.0,105.65085931935738,106.0644597681366,105.18212196115084,105.76115417480467,713800.0,0.0,0.0,0.0,VDE
1489,,2023-12-11,,,,,,,,,,,,,,,,,2159.0,13.050000190734863,13.140000343322754,12.609999656677246,12.630000114440918,0.0,0.0,0.0,,^VIX
1490,,2023-12-12,,,,,,,,,,,,,,,,,740.0,104.63984243825298,104.80528120702655,103.5644939473234,104.19867706298828,667700.0,0.0,0.0,0.0,VDE
1491,,2023-12-12,,,,,,,,,,,,,,,,,2160.0,12.6899995803833,12.739999771118164,11.8100004196167,12.06999969482422,0.0,0.0,0.0,,^VIX
1492,,2023-12-13,,,,,,,,,,,,,,,,,741.0,104.37330396947986,105.73357909778264,103.83103672362364,105.64167022705078,717400.0,0.0,0.0,0.0,VDE
1493,,2023-12-13,,,,,,,,,,,,,,,,,2161.0,12.199999809265137,12.460000038146973,11.81999969482422,12.1899995803833,0.0,0.0,0.0,,^VIX
1494,,2023-12-14,,,,,,,,,,,,,,,,,742.0,106.84569758708314,108.97801574446218,106.84569758708314,108.84014892578124,860700.0,0.0,0.0,0.0,VDE
1495,,2023-12-14,,,,,,,,,,,,,,,,,2162.0,11.960000038146973,12.739999771118164,11.84000015258789,12.479999542236328,0.0,0.0,0.0,,^VIX
1496,,2023-12-15,,,,,,,,,,,,,,,,,743.0,108.18757629394533,108.55521877067036,107.3787684549078,108.18757629394533,611400.0,0.0,0.0,0.0,VDE
1497,,2023-12-15,,,,,,,,,,,,,,,,,2163.0,12.119999885559082,12.539999961853027,12.010000228881836,12.279999732971191,0.0,0.0,0.0,,^VIX
1498,,2023-12-18,,,,,,,,,,,,,,,,,744.0,109.83278480408,110.77026657645489,109.09749975783464,109.21698760986328,526600.0,0.0,0.0,0.0,VDE
1499,,2023-12-18,,,,,,,,,,,,,,,,,2164.0,12.619999885559082,12.640000343322754,12.399999618530272,12.5600004196167,0.0,0.0,0.0,,^VIX
1500,,2023-12-19,,,,,,,,,,,,,,,,,745.0,109.43954529444312,110.57094412874096,109.15205418184073,110.5616683959961,554200.0,1.06,0.0,0.0,VDE
1501,,2023-12-19,,,,,,,,,,,,,,,,,2165.0,12.600000381469728,12.600000381469728,12.329999923706056,12.529999732971191,0.0,0.0,0.0,,^VIX
1502,,2023-12-20,,,,,,,,,,,,,,,,,746.0,110.84916143513274,111.52614847426368,109.2633506219106,109.35608673095705,387500.0,0.0,0.0,0.0,VDE
1503,,2023-12-20,,,,,,,,,,,,,,,,,2166.0,12.630000114440918,13.93000030517578,12.289999961853027,13.670000076293944,0.0,0.0,0.0,,^VIX
1504,,2023-12-21,,,,,,,,,,,,,,,,,747.0,109.5786676685542,110.00525945294014,108.85530899905253,109.97743225097656,424900.0,0.0,0.0,0.0,VDE
1505,,2023-12-21,,,,,,,,,,,,,,,,,2167.0,13.399999618530272,14.489999771118164,13.34000015258789,13.649999618530272,0.0,0.0,0.0,,^VIX
1506,,2023-12-22,,,,,,,,,,,,,,,,,748.0,110.65441403776931,111.16447325304676,110.07943883830308,110.28346252441406,397800.0,0.0,0.0,0.0,VDE
1507,,2023-12-22,,,,,,,,,,,,,,,,,2168.0,13.720000267028809,13.960000038146973,13.0,13.029999732971191,0.0,0.0,0.0,,^VIX
1508,,2023-12-26,,,,,,,,,,,,,,,,,749.0,111.22938883396344,111.8507285482766,110.8213414632209,111.34994506835938,523600.0,0.0,0.0,0.0,VDE
1509,,2023-12-26,,,,,,,,,,,,,,,,,2169.0,13.770000457763672,13.800000190734863,12.960000038146973,12.989999771118164,0.0,0.0,0.0,,^VIX
1510,,2023-12-27,,,,,,,,,,,,,,,,,750.0,111.229378703479,111.63741896174666,110.431835501654,110.70077514648438,588300.0,0.0,0.0,0.0,VDE
1511,,2023-12-27,,,,,,,,,,,,,,,,,2170.0,13.020000457763672,13.039999961853027,12.369999885559082,12.43000030517578,0.0,0.0,0.0,,^VIX
1512,,2023-12-28,,,,,,,,,,,,,,,,,751.0,110.24634640575584,110.68221382320124,109.09640329345817,109.1334991455078,518400.0,0.0,0.0,0.0,VDE
1513,,2023-12-28,,,,,,,,,,,,,,,,,2171.0,12.4399995803833,12.649999618530272,12.380000114440918,12.470000267028809,0.0,0.0,0.0,,^VIX
1514,,2023-12-29,,,,,,,,,,,,,,,,,752.0,109.3838899715472,109.59718935720932,108.53070657951966,108.7625503540039,582700.0,0.0,0.0,0.0,VDE
1515,,2023-12-29,,,,,,,,,,,,,,,,,2172.0,12.550000190734863,13.1899995803833,12.359999656677246,12.449999809265137,0.0,0.0,0.0,,^VIX
1516,36.0,2024-01-01,184.262,177.271,2.9,412.019,334.374,178.925,244.056,57.873,142.186,428.635,209.264,274.112,251.306,32.4,313.623,308.417,,,,,,,,,,
1517,,2024-01-02,,,,,,,,,,,,,,,,,753.0,109.39318332474456,110.86771364714426,109.39318332474456,109.84759521484376,551000.0,0.0,0.0,0.0,VDE
1518,,2024-01-02,,,,,,,,,,,,,,,,,2173.0,13.220000267028809,14.229999542236328,13.100000381469728,13.199999809265137,0.0,0.0,0.0,,^VIX
1519,,2024-01-03,,,,,,,,,,,,,,,,,754.0,109.88469551850577,111.77654194859788,109.30972737011034,111.2850341796875,482100.0,0.0,0.0,0.0,VDE
1520,,2024-01-03,,,,,,,,,,,,,,,,,2174.0,13.350000381469728,14.220000267028809,13.329999923706056,14.039999961853027,0.0,0.0,0.0,,^VIX
1521,,2024-01-04,,,,,,,,,,,,,,,,,755.0,112.15677349182968,112.53699369395864,109.3375516693153,109.51374816894533,813200.0,0.0,0.0,0.0,VDE
1522,,2024-01-04,,,,,,,,,,,,,,,,,2175.0,13.93000030517578,14.199999809265137,13.640000343322754,14.130000114440918,0.0,0.0,0.0,,^VIX
1523,,2024-01-05,,,,,,,,,,,,,,,,,756.0,110.27419302096057,110.38547352139608,109.05005091367742,109.6435775756836,315300.0,0.0,0.0,0.0,VDE
1524,,2024-01-05,,,,,,,,,,,,,,,,,2176.0,14.239999771118164,14.579999923706056,13.289999961853027,13.350000381469728,0.0,0.0,0.0,,^VIX
1525,,2024-01-08,,,,,,,,,,,,,,,,,757.0,107.6868167245485,108.4472641475772,106.25865798855578,108.39161682128906,853800.0,0.0,0.0,0.0,VDE
1526,,2024-01-08,,,,,,,,,,,,,,,,,2177.0,14.0,14.18000030517578,13.020000457763672,13.079999923706056,0.0,0.0,0.0,,^VIX
1527,,2024-01-09,,,,,,,,,,,,,,,,,758.0,108.49362482237416,108.49362482237416,106.36993472314512,106.71306610107422,431600.0,0.0,0.0,0.0,VDE
1528,,2024-01-09,,,,,,,,,,,,,,,,,2178.0,13.199999809265137,13.449999809265137,12.739999771118164,12.760000228881836,0.0,0.0,0.0,,^VIX
1529,,2024-01-10,,,,,,,,,,,,,,,,,759.0,106.8336200115992,106.8336200115992,105.2107134146112,105.62803649902344,637600.0,0.0,0.0,0.0,VDE
1530,,2024-01-10,,,,,,,,,,,,,,,,,2179.0,12.859999656677246,12.949999809265137,12.670000076293944,12.6899995803833,0.0,0.0,0.0,,^VIX
1531,,2024-01-11,,,,,,,,,,,,,,,,,760.0,106.11955373859232,106.42558927954354,105.44256667000134,105.73932647705078,603800.0,0.0,0.0,0.0,VDE
1532,,2024-01-11,,,,,,,,,,,,,,,,,2180.0,12.640000343322754,13.3100004196167,12.350000381469728,12.4399995803833,0.0,0.0,0.0,,^VIX
1533,,2024-01-12,,,,,,,,,,,,,,,,,761.0,107.51989095273146,107.96502711968004,106.49977249657468,107.13966369628906,596800.0,0.0,0.0,0.0,VDE
1534,,2024-01-12,,,,,,,,,,,,,,,,,2181.0,12.65999984741211,13.079999923706056,12.470000267028809,12.699999809265137,0.0,0.0,0.0,,^VIX
1535,,2024-01-16,,,,,,,,,,,,,,,,,762.0,106.74088413036031,107.01909952055108,104.51518223476796,104.60792541503906,669800.0,0.0,0.0,0.0,VDE
1536,,2024-01-16,,,,,,,,,,,,,,,,,2182.0,14.119999885559082,14.350000381469728,13.520000457763672,13.84000015258789,0.0,0.0,0.0,,^VIX
1537,,2024-01-17,,,,,,,,,,,,,,,,,763.0,103.46723858121156,104.67282902918544,103.25393919722464,103.75472259521484,569200.0,0.0,0.0,0.0,VDE
1538,,2024-01-17,,,,,,,,,,,,,,,,,2183.0,14.59000015258789,15.399999618530272,14.380000114440918,14.789999961853027,0.0,0.0,0.0,,^VIX
1539,,2024-01-18,,,,,,,,,,,,,,,,,764.0,103.88456902471196,103.9402163491202,102.48423753682448,103.65272521972656,730600.0,0.0,0.0,0.0,VDE
1540,,2024-01-18,,,,,,,,,,,,,,,,,2184.0,14.850000381469728,14.890000343322754,13.890000343322754,14.130000114440918,0.0,0.0,0.0,,^VIX
1541,,2024-01-19,,,,,,,,,,,,,,,,,765.0,103.75474012271144,103.9865839345407,103.1983163893836,103.9123992919922,505100.0,0.0,0.0,0.0,VDE
1542,,2024-01-19,,,,,,,,,,,,,,,,,2185.0,13.800000190734863,14.579999923706056,13.279999732971191,13.300000190734863,0.0,0.0,0.0,,^VIX
1543,,2024-01-22,,,,,,,,,,,,,,,,,766.0,103.81039164805163,104.6542994780854,103.10558445049294,104.32971954345705,660300.0,0.0,0.0,0.0,VDE
1544,,2024-01-22,,,,,,,,,,,,,,,,,2186.0,13.770000457763672,13.84000015258789,13.170000076293944,13.1899995803833,0.0,0.0,0.0,,^VIX
1545,,2024-01-23,,,,,,,,,,,,,,,,,767.0,104.13495979810646,105.50747110215916,104.03294796229444,104.64501190185548,517600.0,0.0,0.0,0.0,VDE
1546,,2024-01-23,,,,,,,,,,,,,,,,,2187.0,13.199999809265137,13.289999961853027,12.529999732971191,12.550000190734863,0.0,0.0,0.0,,^VIX
1547,,2024-01-24,,,,,,,,,,,,,,,,,768.0,105.22926390940265,106.25865093601502,104.78412070520086,106.1566390991211,713400.0,0.0,0.0,0.0,VDE
1548,,2024-01-24,,,,,,,,,,,,,,,,,2188.0,12.65999984741211,13.18000030517578,12.40999984741211,13.140000343322754,0.0,0.0,0.0,,^VIX
1549,,2024-01-25,,,,,,,,,,,,,,,,,769.0,107.07474383644188,108.326698989242,106.2122845844575,108.28033447265624,528600.0,0.0,0.0,0.0,VDE
1550,,2024-01-25,,,,,,,,,,,,,,,,,2189.0,13.18000030517578,13.579999923706056,13.0600004196167,13.449999809265137,0.0,0.0,0.0,,^VIX
1551,,2024-01-26,,,,,,,,,,,,,,,,,770.0,108.2339501587988,109.1613252852476,107.47350283812324,109.12422943115234,638500.0,0.0,0.0,0.0,VDE
1552,,2024-01-26,,,,,,,,,,,,,,,,,2190.0,13.729999542236328,14.100000381469728,13.199999809265137,13.260000228881836,0.0,0.0,0.0,,^VIX
1553,,2024-01-29,,,,,,,,,,,,,,,,,771.0,108.9202124607364,109.06859588623048,107.8351851942278,109.06859588623048,657100.0,0.0,0.0,0.0,VDE
1554,,2024-01-29,,,,,,,,,,,,,,,,,2191.0,13.979999542236328,15.350000381469728,13.59000015258789,13.600000381469728,0.0,0.0,0.0,,^VIX
1555,,2024-01-30,,,,,,,,,,,,,,,,,772.0,107.92792857843337,110.0979903331563,107.49206815609102,110.08871459960938,1272800.0,0.0,0.0,0.0,VDE
1556,,2024-01-30,,,,,,,,,,,,,,,,,2192.0,13.6899995803833,13.739999771118164,13.229999542236328,13.3100004196167,0.0,0.0,0.0,,^VIX
1557,,2024-01-31,,,,,,,,,,,,,,,,,773.0,110.22781603486484,110.22781603486484,107.9093780517578,107.9093780517578,1508200.0,0.0,0.0,0.0,VDE
1558,,2024-01-31,,,,,,,,,,,,,,,,,2193.0,13.420000076293944,14.609999656677246,13.18000030517578,14.350000381469728,0.0,0.0,0.0,,^VIX
1559,37.0,2024-02-01,184.65,177.934,3.0,413.695,337.766,178.32,248.295,58.044,143.26,428.635,210.58,275.24,254.926,32.2,315.419,310.326,774.0,108.52144725684327,109.09642245161729,106.87072046496075,107.798095703125,778400.0,0.0,0.0,0.0,VDE
1560,37.0,2024-02-01,184.65,177.934,3.0,413.695,337.766,178.32,248.295,58.044,143.26,428.635,210.58,275.24,254.926,32.2,315.419,310.326,2194.0,14.210000038146973,14.630000114440918,13.869999885559082,13.880000114440918,0.0,0.0,0.0,,^VIX
1561,,2024-02-02,,,,,,,,,,,,,,,,,775.0,108.38234665772976,108.59563900038496,106.91709208299908,107.60334777832033,634000.0,0.0,0.0,0.0,VDE
1562,,2024-02-02,,,,,,,,,,,,,,,,,2195.0,13.949999809265137,14.229999542236328,13.390000343322754,13.850000381469728,0.0,0.0,0.0,,^VIX
1563,,2024-02-05,,,,,,,,,,,,,,,,,776.0,107.11183847753186,107.9001060036462,106.13809166124788,107.20457458496094,663600.0,0.0,0.0,0.0,VDE
1564,,2024-02-05,,,,,,,,,,,,,,,,,2196.0,14.369999885559082,14.529999732971191,13.579999923706056,13.670000076293944,0.0,0.0,0.0,,^VIX
1565,,2024-02-06,,,,,,,,,,,,,,,,,777.0,107.6126224311452,108.71620121784665,107.24167092445204,107.78882598876952,522000.0,0.0,0.0,0.0,VDE
1566,,2024-02-06,,,,,,,,,,,,,,,,,2197.0,13.56999969482422,13.779999732971191,12.979999542236328,13.0600004196167,0.0,0.0,0.0,,^VIX
1567,,2024-02-07,,,,,,,,,,,,,,,,,778.0,108.02994445195286,108.48436343365437,107.0840247789136,107.97430419921876,397400.0,0.0,0.0,0.0,VDE
1568,,2024-02-07,,,,,,,,,,,,,,,,,2198.0,13.0600004196167,13.130000114440918,12.8100004196167,12.829999923706056,0.0,0.0,0.0,,^VIX
1569,,2024-02-08,,,,,,,,,,,,,,,,,779.0,107.90936432911089,109.48589912701397,107.89081286543087,109.1334991455078,556200.0,0.0,0.0,0.0,VDE
1570,,2024-02-08,,,,,,,,,,,,,,,,,2199.0,12.949999809265137,13.170000076293944,12.739999771118164,12.789999961853027,0.0,0.0,0.0,,^VIX
1571,,2024-02-09,,,,,,,,,,,,,,,,,780.0,109.13352337108827,109.71776725111305,107.4735207687567,107.58480834960938,431500.0,0.0,0.0,0.0,VDE
1572,,2024-02-09,,,,,,,,,,,,,,,,,2200.0,12.789999961853027,13.010000228881836,12.6899995803833,12.93000030517578,0.0,0.0,0.0,,^VIX
1573,,2024-02-12,,,,,,,,,,,,,,,,,781.0,107.81663830314284,109.161329457768,107.81663830314284,108.80892944335938,571800.0,0.0,0.0,0.0,VDE
1574,,2024-02-12,,,,,,,,,,,,,,,,,2201.0,13.479999542236328,13.9399995803833,13.34000015258789,13.93000030517578,0.0,0.0,0.0,,^VIX
1575,,2024-02-13,,,,,,,,,,,,,,,,,782.0,108.81819760221228,109.114964444958,106.93562716423752,107.64043426513672,720400.0,0.0,0.0,0.0,VDE
1576,,2024-02-13,,,,,,,,,,,,,,,,,2202.0,13.960000038146973,17.940000534057617,13.43000030517578,15.850000381469728,0.0,0.0,0.0,,^VIX
1577,,2024-02-14,,,,,,,,,,,,,,,,,783.0,108.37306837019686,108.76256426306644,106.98200554539577,107.5384292602539,792300.0,0.0,0.0,0.0,VDE
1578,,2024-02-14,,,,,,,,,,,,,,,,,2203.0,15.380000114440918,15.470000267028809,14.220000267028809,14.380000114440918,0.0,0.0,0.0,,^VIX
1579,,2024-02-15,,,,,,,,,,,,,,,,,784.0,107.54771551575864,110.95118119535218,107.54771551575864,110.57096099853516,721800.0,0.0,0.0,0.0,VDE
1580,,2024-02-15,,,,,,,,,,,,,,,,,2204.0,14.270000457763672,14.640000343322754,13.9399995803833,14.010000228881836,0.0,0.0,0.0,,^VIX
1581,,2024-02-16,,,,,,,,,,,,,,,,,785.0,110.79350547584116,111.4890368080404,110.23708182514387,110.61730194091795,543900.0,0.0,0.0,0.0,VDE
1582,,2024-02-16,,,,,,,,,,,,,,,,,2205.0,13.9399995803833,14.710000038146973,13.75,14.239999771118164,0.0,0.0,0.0,,^VIX
1583,,2024-02-20,,,,,,,,,,,,,,,,,786.0,110.5709513228667,110.7193276798832,109.41173229022256,109.58792877197266,515900.0,0.0,0.0,0.0,VDE
1584,,2024-02-20,,,,,,,,,,,,,,,,,2206.0,15.09000015258789,15.90999984741211,15.06999969482422,15.420000076293944,0.0,0.0,0.0,,^VIX
1585,,2024-02-21,,,,,,,,,,,,,,,,,787.0,109.94032854191217,111.94345521734732,109.94032854191217,111.77652740478516,418500.0,0.0,0.0,0.0,VDE
1586,,2024-02-21,,,,,,,,,,,,,,,,,2207.0,15.539999961853027,16.1200008392334,15.220000267028809,15.34000015258789,0.0,0.0,0.0,,^VIX
1587,,2024-02-22,,,,,,,,,,,,,,,,,788.0,110.9140690123951,112.35150335725665,110.60803350795707,111.8785400390625,433900.0,0.0,0.0,0.0,VDE
1588,,2024-02-22,,,,,,,,,,,,,,,,,2208.0,14.279999732971191,14.640000343322754,14.119999885559082,14.539999961853027,0.0,0.0,0.0,,^VIX
1589,,2024-02-23,,,,,,,,,,,,,,,,,789.0,110.886243859771,111.51685923032286,110.07942495066013,111.16445922851562,445000.0,0.0,0.0,0.0,VDE
1590,,2024-02-23,,,,,,,,,,,,,,,,,2209.0,14.3100004196167,14.3100004196167,13.640000343322754,13.75,0.0,0.0,0.0,,^VIX
1591,,2024-02-26,,,,,,,,,,,,,,,,,790.0,111.13662775993517,112.2123862640703,110.46892363617008,111.52613067626952,288400.0,0.0,0.0,0.0,VDE
1592,,2024-02-26,,,,,,,,,,,,,,,,,2210.0,14.170000076293944,14.199999809265137,13.65999984741211,13.739999771118164,0.0,0.0,0.0,,^VIX
1593,,2024-02-27,,,,,,,,,,,,,,,,,791.0,111.6467143065889,112.04548597755075,110.63587860305316,111.11811065673828,370800.0,0.0,0.0,0.0,VDE
1594,,2024-02-27,,,,,,,,,,,,,,,,,2211.0,13.630000114440918,13.75,13.40999984741211,13.43000030517578,0.0,0.0,0.0,,^VIX
1595,,2024-02-28,,,,,,,,,,,,,,,,,792.0,111.25720485526072,112.0918439576689,110.43184148602133,110.8862533569336,572000.0,0.0,0.0,0.0,VDE
1596,,2024-02-28,,,,,,,,,,,,,,,,,2212.0,13.520000457763672,13.899999618530272,13.4399995803833,13.84000015258789,0.0,0.0,0.0,,^VIX
1597,,2024-02-29,,,,,,,,,,,,,,,,,793.0,111.29429880227022,111.85072250255428,110.95116743402797,111.35921478271484,365500.0,0.0,0.0,0.0,VDE
1598,,2024-02-29,,,,,,,,,,,,,,,,,2213.0,14.140000343322754,14.149999618530272,13.300000190734863,13.399999618530272,0.0,0.0,0.0,,^VIX
1599,38.0,2024-03-01,182.824,178.255,2.9,415.219,330.963,172.822,249.516,58.094,143.784,430.57,215.883,275.625,255.095,32.0,317.088,312.332,794.0,112.21238696905938,113.3808815747828,112.1752911160654,112.84300231933594,419000.0,0.0,0.0,0.0,VDE
1600,38.0,2024-03-01,182.824,178.255,2.9,415.219,330.963,172.822,249.516,58.094,143.784,430.57,215.883,275.625,255.095,32.0,317.088,312.332,2214.0,13.34000015258789,13.65999984741211,13.079999923706056,13.109999656677246,0.0,0.0,0.0,,^VIX
1601,,2024-03-04,,,,,,,,,,,,,,,,,795.0,112.89865660505426,113.20469212384056,111.51686951686798,111.572509765625,465700.0,0.0,0.0,0.0,VDE
1602,,2024-03-04,,,,,,,,,,,,,,,,,2215.0,13.489999771118164,13.579999923706056,13.31999969482422,13.489999771118164,0.0,0.0,0.0,,^VIX
1603,,2024-03-05,,,,,,,,,,,,,,,,,796.0,111.41486146772895,113.10268413212312,111.31284962466296,112.32369232177734,432400.0,0.0,0.0,0.0,VDE
1604,,2024-03-05,,,,,,,,,,,,,,,,,2216.0,13.75,15.100000381469728,13.75,14.460000038146973,0.0,0.0,0.0,,^VIX
1605,,2024-03-06,,,,,,,,,,,,,,,,,797.0,113.2881701138654,113.82604241095925,112.44425519419627,112.65755462646484,477200.0,0.0,0.0,0.0,VDE
1606,,2024-03-06,,,,,,,,,,,,,,,,,2217.0,14.270000457763672,14.93000030517578,13.890000343322754,14.5,0.0,0.0,0.0,,^VIX
1607,,2024-03-07,,,,,,,,,,,,,,,,,798.0,112.87083656091431,114.2062591345229,112.8059205788812,113.61273956298828,404800.0,0.0,0.0,0.0,VDE
1608,,2024-03-07,,,,,,,,,,,,,,,,,2218.0,14.979999542236328,14.979999542236328,14.25,14.4399995803833,0.0,0.0,0.0,,^VIX
1609,,2024-03-08,,,,,,,,,,,,,,,,,799.0,113.6498327190262,114.13206470619303,113.3808930640502,113.9836883544922,589900.0,0.0,0.0,0.0,VDE
1610,,2024-03-08,,,,,,,,,,,,,,,,,2219.0,14.220000267028809,15.529999732971191,13.970000267028809,14.739999771118164,0.0,0.0,0.0,,^VIX
1611,,2024-03-11,,,,,,,,,,,,,,,,,800.0,113.79821546788726,115.18927833542362,113.23251600239752,115.14291381835938,337000.0,0.0,0.0,0.0,VDE
1612,,2024-03-11,,,,,,,,,,,,,,,,,2220.0,15.510000228881836,16.040000915527344,15.130000114440918,15.220000267028809,0.0,0.0,0.0,,^VIX
1613,,2024-03-12,,,,,,,,,,,,,,,,,801.0,115.25419969239728,115.41185179332592,114.4102918592466,114.98526000976562,431200.0,0.0,0.0,0.0,VDE
1614,,2024-03-12,,,,,,,,,,,,,,,,,2221.0,14.970000267028809,15.199999809265137,13.8100004196167,13.84000015258789,0.0,0.0,0.0,,^VIX
1615,,2024-03-13,,,,,,,,,,,,,,,,,802.0,115.92189770175167,117.41497231017514,115.92189770175167,116.74726104736328,488800.0,0.0,0.0,0.0,VDE
1616,,2024-03-13,,,,,,,,,,,,,,,,,2222.0,13.890000343322754,14.039999961853027,13.670000076293944,13.75,0.0,0.0,0.0,,^VIX
1617,,2024-03-14,,,,,,,,,,,,,,,,,803.0,117.19240896420196,117.9435806274414,116.73799001269852,117.9435806274414,442200.0,0.0,0.0,0.0,VDE
1618,,2024-03-14,,,,,,,,,,,,,,,,,2223.0,13.619999885559082,15.329999923706056,13.420000076293944,14.399999618530272,0.0,0.0,0.0,,^VIX
1619,,2024-03-15,,,,,,,,,,,,,,,,,804.0,117.86939486355818,119.0842612729212,117.693198374275,118.32380676269533,529100.0,0.0,0.0,0.0,VDE
1620,,2024-03-15,,,,,,,,,,,,,,,,,2224.0,14.329999923706056,15.529999732971191,14.140000343322754,14.40999984741211,0.0,0.0,0.0,,^VIX
1621,,2024-03-18,,,,,,,,,,,,,,,,,805.0,118.77821803960556,119.03788196514184,117.73027952900524,118.71329498291016,367400.0,0.0,0.0,0.0,VDE
1622,,2024-03-18,,,,,,,,,,,,,,,,,2225.0,14.75,14.850000381469728,14.260000228881836,14.329999923706056,0.0,0.0,0.0,,^VIX
1623,,2024-03-19,,,,,,,,,,,,,,,,,806.0,118.63911498278448,120.13218261300094,118.58347473236856,120.10436248779295,369300.0,0.0,0.0,0.0,VDE
1624,,2024-03-19,,,,,,,,,,,,,,,,,2226.0,14.5,14.859999656677246,13.800000190734863,13.81999969482422,0.0,0.0,0.0,,^VIX
1625,,2024-03-20,,,,,,,,,,,,,,,,,807.0,119.39029707354334,120.45677297128844,119.16772191504172,120.07654571533205,511600.0,0.0,0.0,0.0,VDE
1626,,2024-03-20,,,,,,,,,,,,,,,,,2227.0,13.829999923706056,14.170000076293944,13.010000228881836,13.039999961853027,0.0,0.0,0.0,,^VIX
1627,,2024-03-21,,,,,,,,,,,,,,,,,808.0,120.31767384973024,120.93901358888516,119.9096264626736,120.6700668334961,467300.0,0.0,0.0,0.0,VDE
1628,,2024-03-21,,,,,,,,,,,,,,,,,2228.0,12.979999542236328,13.079999923706056,12.399999618530272,12.920000076293944,0.0,0.0,0.0,,^VIX
1629,,2024-03-22,,,,,,,,,,,,,,,,,809.0,120.78775351712189,120.99328723666464,120.15247784243032,120.42340087890624,297100.0,0.956,0.0,0.0,VDE
1630,,2024-03-22,,,,,,,,,,,,,,,,,2229.0,12.920000076293944,13.149999618530272,12.579999923706056,13.0600004196167,0.0,0.0,0.0,,^VIX
1631,,2024-03-25,,,,,,,,,,,,,,,,,810.0,120.70369379011682,122.31992350751176,120.70369379011682,121.45108795166016,375000.0,0.0,0.0,0.0,VDE
1632,,2024-03-25,,,,,,,,,,,,,,,,,2230.0,13.670000076293944,13.670000076293944,13.109999656677246,13.1899995803833,0.0,0.0,0.0,,^VIX
1633,,2024-03-26,,,,,,,,,,,,,,,,,811.0,121.6192442870244,121.89018162036731,120.37671877672048,120.53553771972656,540600.0,0.0,0.0,0.0,VDE
1634,,2024-03-26,,,,,,,,,,,,,,,,,2231.0,13.119999885559082,13.43000030517578,12.84000015258789,13.239999771118164,0.0,0.0,0.0,,^VIX
1635,,2024-03-27,,,,,,,,,,,,,,,,,812.0,120.32999948964031,121.7406954052601,120.04972490726784,121.7126693725586,453800.0,0.0,0.0,0.0,VDE
1636,,2024-03-27,,,,,,,,,,,,,,,,,2232.0,13.130000114440918,13.34000015258789,12.65999984741211,12.779999732971191,0.0,0.0,0.0,,^VIX
1637,,2024-03-28,,,,,,,,,,,,,,,,,813.0,122.37598957815936,123.23548787278804,121.91820726950974,123.03929138183594,475700.0,0.0,0.0,0.0,VDE
1638,,2024-03-28,,,,,,,,,,,,,,,,,2233.0,12.93000030517578,13.100000381469728,12.84000015258789,13.010000228881836,0.0,0.0,0.0,,^VIX
1639,39.0,2024-04-01,183.711,178.846,3.2,416.386,330.135,172.961,251.376,58.245,144.563,426.375,227.333,276.326,256.978,31.9,317.978,313.548,814.0,123.37559504597196,124.1603523527992,122.19845908573112,123.85206604003906,658000.0,0.0,0.0,0.0,VDE
1640,39.0,2024-04-01,183.711,178.846,3.2,416.386,330.135,172.961,251.376,58.245,144.563,426.375,227.333,276.326,256.978,31.9,317.978,313.548,2234.0,13.609999656677246,14.149999618530272,13.550000190734863,13.649999618530272,0.0,0.0,0.0,,^VIX
1641,,2024-04-02,,,,,,,,,,,,,,,,,815.0,124.44998711225692,125.6177858965064,123.85207470493542,125.49633026123048,528700.0,0.0,0.0,0.0,VDE
1642,,2024-04-02,,,,,,,,,,,,,,,,,2235.0,13.739999771118164,15.43000030517578,13.68000030517578,14.609999656677246,0.0,0.0,0.0,,^VIX
1643,,2024-04-03,,,,,,,,,,,,,,,,,816.0,125.9167707679364,126.65482779239542,125.62715886796904,126.4959945678711,616500.0,0.0,0.0,0.0,VDE
1644,,2024-04-03,,,,,,,,,,,,,,,,,2236.0,15.0,15.18000030517578,14.25,14.329999923706056,0.0,0.0,0.0,,^VIX
1645,,2024-04-04,,,,,,,,,,,,,,,,,817.0,126.68282108703752,127.0938742952028,125.87002341858044,126.33714294433594,537700.0,0.0,0.0,0.0,VDE
1646,,2024-04-04,,,,,,,,,,,,,,,,,2237.0,14.289999961853027,16.920000076293945,13.739999771118164,16.350000381469727,0.0,0.0,0.0,,^VIX
1647,,2024-04-05,,,,,,,,,,,,,,,,,818.0,126.77625580092416,128.14958855681664,126.0662391452666,127.7104949951172,427800.0,0.0,0.0,0.0,VDE
1648,,2024-04-05,,,,,,,,,,,,,,,,,2238.0,16.450000762939453,16.75,15.529999732971191,16.030000686645508,0.0,0.0,0.0,,^VIX
1649,,2024-04-08,,,,,,,,,,,,,,,,,819.0,127.82258943679204,128.1215385101211,126.62675037740745,126.93505096435548,737400.0,0.0,0.0,0.0,VDE
1650,,2024-04-08,,,,,,,,,,,,,,,,,2239.0,16.239999771118164,16.5,15.109999656677246,15.1899995803833,0.0,0.0,0.0,,^VIX
1651,,2024-04-09,,,,,,,,,,,,,,,,,820.0,127.35549179590704,127.7572078005322,126.03821113148568,126.87902069091795,551700.0,0.0,0.0,0.0,VDE
1652,,2024-04-09,,,,,,,,,,,,,,,,,2240.0,15.34000015258789,16.6299991607666,14.9399995803833,14.979999542236328,0.0,0.0,0.0,,^VIX
1653,,2024-04-10,,,,,,,,,,,,,,,,,821.0,126.55204762615254,127.74787265531528,126.03821321783448,127.32745361328124,499600.0,0.0,0.0,0.0,VDE
1654,,2024-04-10,,,,,,,,,,,,,,,,,2241.0,15.239999771118164,16.6200008392334,14.59000015258789,15.800000190734863,0.0,0.0,0.0,,^VIX
1655,,2024-04-11,,,,,,,,,,,,,,,,,822.0,127.76655265220184,127.76655265220184,125.46833211700364,127.01917266845705,451800.0,0.0,0.0,0.0,VDE
1656,,2024-04-11,,,,,,,,,,,,,,,,,2242.0,16.020000457763672,17.610000610351562,14.90999984741211,14.90999984741211,0.0,0.0,0.0,,^VIX
1657,,2024-04-12,,,,,,,,,,,,,,,,,823.0,128.01878838688705,128.8502606523971,124.59013244909356,125.20673370361328,884800.0,0.0,0.0,0.0,VDE
1658,,2024-04-12,,,,,,,,,,,,,,,,,2243.0,14.90999984741211,19.200000762939453,14.90999984741211,17.309999465942383,0.0,0.0,0.0,,^VIX
1659,,2024-04-15,,,,,,,,,,,,,,,,,824.0,125.71121461420054,126.31847859980068,123.73996948655036,123.94550323486328,675000.0,0.0,0.0,0.0,VDE
1660,,2024-04-15,,,,,,,,,,,,,,,,,2244.0,16.940000534057617,19.459999084472656,16.260000228881836,19.229999542236328,0.0,0.0,0.0,,^VIX
1661,,2024-04-16,,,,,,,,,,,,,,,,,825.0,123.54380050992096,124.0576206804815,121.87150431059638,122.91786193847656,865300.0,0.0,0.0,0.0,VDE
1662,,2024-04-16,,,,,,,,,,,,,,,,,2245.0,19.489999771118164,19.559999465942383,17.639999389648438,18.399999618530273,0.0,0.0,0.0,,^VIX
1663,,2024-04-17,,,,,,,,,,,,,,,,,826.0,122.66561572498333,123.81472600488333,121.64729836917468,122.35731506347656,400800.0,0.0,0.0,0.0,VDE
1664,,2024-04-17,,,,,,,,,,,,,,,,,2246.0,18.239999771118164,19.11000061035156,17.540000915527344,18.209999084472656,0.0,0.0,0.0,,^VIX
1665,,2024-04-18,,,,,,,,,,,,,,,,,827.0,122.87113646273764,123.23548915943164,121.68464875592056,122.08636474609376,443500.0,0.0,0.0,0.0,VDE
1666,,2024-04-18,,,,,,,,,,,,,,,,,2247.0,17.90999984741211,18.3700008392334,17.209999084472656,18.0,0.0,0.0,0.0,,^VIX
1667,,2024-04-19,,,,,,,,,,,,,,,,,828.0,122.11440904393076,124.30052529585625,122.09572026889865,123.55313110351562,537900.0,0.0,0.0,0.0,VDE
1668,,2024-04-19,,,,,,,,,,,,,,,,,2248.0,21.329999923706055,21.36000061035156,18.170000076293945,18.709999084472656,0.0,0.0,0.0,,^VIX
1669,,2024-04-22,,,,,,,,,,,,,,,,,829.0,122.99256987726444,125.15067413880148,121.95556392237,124.44064331054688,395000.0,0.0,0.0,0.0,VDE
1670,,2024-04-22,,,,,,,,,,,,,,,,,2249.0,18.59000015258789,18.719999313354492,16.690000534057617,16.940000534057617,0.0,0.0,0.0,,^VIX
1671,,2024-04-23,,,,,,,,,,,,,,,,,830.0,123.71193785583684,125.0292183862355,123.12336267090188,124.9171142578125,650500.0,0.0,0.0,0.0,VDE
1672,,2024-04-23,,,,,,,,,,,,,,,,,2250.0,16.719999313354492,16.760000228881836,15.6899995803833,15.6899995803833,0.0,0.0,0.0,,^VIX
1673,,2024-04-24,,,,,,,,,,,,,,,,,831.0,124.35655432240648,125.23474126652734,123.81469398974988,125.09459686279295,643300.0,0.0,0.0,0.0,VDE
1674,,2024-04-24,,,,,,,,,,,,,,,,,2251.0,15.760000228881836,16.3799991607666,15.579999923706056,15.970000267028809,0.0,0.0,0.0,,^VIX
1675,,2024-04-25,,,,,,,,,,,,,,,,,832.0,124.9638180203358,126.0755648403018,123.9735268461885,125.71121215820312,366000.0,0.0,0.0,0.0,VDE
1676,,2024-04-25,,,,,,,,,,,,,,,,,2252.0,16.25,17.549999237060547,15.270000457763672,15.369999885559082,0.0,0.0,0.0,,^VIX
1677,,2024-04-26,,,,,,,,,,,,,,,,,833.0,124.63684515785006,125.16001678728796,123.44102021760403,124.71158599853516,407500.0,0.0,0.0,0.0,VDE
1678,,2024-04-26,,,,,,,,,,,,,,,,,2253.0,15.489999771118164,16.059999465942383,14.920000076293944,15.029999732971191,0.0,0.0,0.0,,^VIX
1679,,2024-04-29,,,,,,,,,,,,,,,,,834.0,124.5714371314084,125.8420028670019,124.36590339069788,125.59910583496094,313100.0,0.0,0.0,0.0,VDE
1680,,2024-04-29,,,,,,,,,,,,,,,,,2254.0,15.369999885559082,15.420000076293944,14.630000114440918,14.670000076293944,0.0,0.0,0.0,,^VIX
1681,,2024-04-30,,,,,,,,,,,,,,,,,835.0,125.02923333124092,125.21607831939892,121.71268133384082,121.78742218017578,594700.0,0.0,0.0,0.0,VDE
1682,,2024-04-30,,,,,,,,,,,,,,,,,2255.0,14.81999969482422,15.899999618530272,14.670000076293944,15.649999618530272,0.0,0.0,0.0,,^VIX
1683,40.0,2024-05-01,187.023,179.153,3.3,417.772,329.435,181.575,248.763,58.195,144.504,426.375,232.147,276.689,255.313,31.8,318.629,314.069,836.0,121.53515530618157,121.9088594815878,119.10613518746776,119.79747009277344,713300.0,0.0,0.0,0.0,VDE
1684,40.0,2024-05-01,187.023,179.153,3.3,417.772,329.435,181.575,248.763,58.195,144.504,426.375,232.147,276.689,255.313,31.8,318.629,314.069,2256.0,15.75,16.219999313354492,14.350000381469728,15.390000343322754,0.0,0.0,0.0,,^VIX
1685,,2024-05-02,,,,,,,,,,,,,,,,,837.0,120.5448673268547,121.21752060474311,119.93761762712406,120.58224487304688,383000.0,0.0,0.0,0.0,VDE
1686,,2024-05-02,,,,,,,,,,,,,,,,,2257.0,15.140000343322754,16.09000015258789,14.600000381469728,14.68000030517578,0.0,0.0,0.0,,^VIX
1687,,2024-05-03,,,,,,,,,,,,,,,,,838.0,120.70369284257607,120.94660414000158,119.23693769239664,120.67566680908205,467900.0,0.0,0.0,0.0,VDE
1688,,2024-05-03,,,,,,,,,,,,,,,,,2258.0,14.510000228881836,14.579999923706056,13.479999542236328,13.489999771118164,0.0,0.0,0.0,,^VIX
1689,,2024-05-06,,,,,,,,,,,,,,,,,839.0,121.19883178428228,122.92717978338952,121.19883178428228,121.69397735595705,636400.0,0.0,0.0,0.0,VDE
1690,,2024-05-06,,,,,,,,,,,,,,,,,2259.0,13.979999542236328,14.020000457763672,13.4399995803833,13.489999771118164,0.0,0.0,0.0,,^VIX
1691,,2024-05-07,,,,,,,,,,,,,,,,,840.0,121.83412716743555,122.58152131516316,121.65661945362253,121.67530822753906,399700.0,0.0,0.0,0.0,VDE
1692,,2024-05-07,,,,,,,,,,,,,,,,,2260.0,13.520000457763672,13.640000343322754,13.15999984741211,13.229999542236328,0.0,0.0,0.0,,^VIX
1693,,2024-05-08,,,,,,,,,,,,,,,,,841.0,121.04937742629124,122.1050580063188,120.8158176312312,121.48845672607422,261300.0,0.0,0.0,0.0,VDE
1694,,2024-05-08,,,,,,,,,,,,,,,,,2261.0,13.239999771118164,13.510000228881836,12.9399995803833,13.0,0.0,0.0,0.0,,^VIX
1695,,2024-05-09,,,,,,,,,,,,,,,,,842.0,121.67530694817944,123.19810700546148,121.67530694817944,123.1607437133789,265800.0,0.0,0.0,0.0,VDE
1696,,2024-05-09,,,,,,,,,,,,,,,,,2262.0,13.079999923706056,13.289999961853027,12.68000030517578,12.6899995803833,0.0,0.0,0.0,,^VIX
1697,,2024-05-10,,,,,,,,,,,,,,,,,843.0,123.51577685925712,123.8801295946088,122.02098836504734,122.35731506347656,271000.0,0.0,0.0,0.0,VDE
1698,,2024-05-10,,,,,,,,,,,,,,,,,2263.0,12.770000457763672,12.960000038146973,12.5,12.550000190734863,0.0,0.0,0.0,,^VIX
1699,,2024-05-13,,,,,,,,,,,,,,,,,844.0,122.6375689409755,123.10468848447164,121.5725369520186,121.98360443115234,906600.0,0.0,0.0,0.0,VDE
1700,,2024-05-13,,,,,,,,,,,,,,,,,2264.0,13.260000228881836,13.65999984741211,13.25,13.600000381469728,0.0,0.0,0.0,,^VIX
1701,,2024-05-14,,,,,,,,,,,,,,,,,845.0,121.88085055317124,122.48810032230271,121.43240547975611,122.40402221679688,410900.0,0.0,0.0,0.0,VDE
1702,,2024-05-14,,,,,,,,,,,,,,,,,2265.0,13.710000038146973,14.029999732971191,13.270000457763672,13.420000076293944,0.0,0.0,0.0,,^VIX
1703,,2024-05-15,,,,,,,,,,,,,,,,,846.0,122.31991784955368,122.8431037171844,120.44210240078138,122.66559600830078,475200.0,0.0,0.0,0.0,VDE
1704,,2024-05-15,,,,,,,,,,,,,,,,,2266.0,13.729999542236328,13.9399995803833,12.380000114440918,12.449999809265137,0.0,0.0,0.0,,^VIX
1705,,2024-05-16,,,,,,,,,,,,,,,,,847.0,122.46006233544767,123.28219730111248,122.03030607920728,122.28255462646484,307100.0,0.0,0.0,0.0,VDE
1706,,2024-05-16,,,,,,,,,,,,,,,,,2267.0,12.520000457763672,12.670000076293944,12.329999923706056,12.420000076293944,0.0,0.0,0.0,,^VIX
1707,,2024-05-17,,,,,,,,,,,,,,,,,848.0,122.6001771649428,124.16035454849552,122.58150264922756,124.0108871459961,324100.0,0.0,0.0,0.0,VDE
1708,,2024-05-17,,,,,,,,,,,,,,,,,2268.0,12.279999732971191,12.479999542236328,11.90999984741211,11.989999771118164,0.0,0.0,0.0,,^VIX
1709,,2024-05-20,,,,,,,,,,,,,,,,,849.0,124.0669611732792,124.32854699316847,123.1514108036668,123.43167114257812,293600.0,0.0,0.0,0.0,VDE
1710,,2024-05-20,,,,,,,,,,,,,,,,,2269.0,12.270000457763672,12.59000015258789,12.06999969482422,12.149999618530272,0.0,0.0,0.0,,^VIX
1711,,2024-05-21,,,,,,,,,,,,,,,,,850.0,123.09535217137017,124.08565770037605,122.777714263853,122.899169921875,354000.0,0.0,0.0,0.0,VDE
1712,,2024-05-21,,,,,,,,,,,,,,,,,2270.0,12.300000190734863,12.5600004196167,11.84000015258789,11.859999656677246,0.0,0.0,0.0,,^VIX
1713,,2024-05-22,,,,,,,,,,,,,,,,,851.0,122.35729233043064,122.3666295892168,120.00300587883444,120.47947692871094,480400.0,0.0,0.0,0.0,VDE
1714,,2024-05-22,,,,,,,,,,,,,,,,,2271.0,12.050000190734863,12.8100004196167,11.779999732971191,12.289999961853027,0.0,0.0,0.0,,^VIX
1715,,2024-05-23,,,,,,,,,,,,,,,,,852.0,121.03068465567404,121.55385629848,119.09680990152587,119.29299926757812,546000.0,0.0,0.0,0.0,VDE
1716,,2024-05-23,,,,,,,,,,,,,,,,,2272.0,11.529999732971191,13.369999885559082,11.520000457763672,12.770000457763672,0.0,0.0,0.0,,^VIX
1717,,2024-05-24,,,,,,,,,,,,,,,,,853.0,119.9749827111358,120.51684309616456,119.18088090696811,119.48918151855467,378500.0,0.0,0.0,0.0,VDE
1718,,2024-05-24,,,,,,,,,,,,,,,,,2273.0,12.859999656677246,12.890000343322754,11.890000343322754,11.93000030517578,0.0,0.0,0.0,,^VIX
1719,,2024-05-28,,,,,,,,,,,,,,,,,854.0,119.98432251383564,121.1054208544114,119.74142547623492,120.8531723022461,499200.0,0.0,0.0,0.0,VDE
1720,,2024-05-28,,,,,,,,,,,,,,,,,2274.0,12.510000228881836,13.4399995803833,12.359999656677246,12.920000076293944,0.0,0.0,0.0,,^VIX
1721,,2024-05-29,,,,,,,,,,,,,,,,,855.0,120.32065168083764,120.48882213758348,118.24664679258446,118.75113677978516,265600.0,0.0,0.0,0.0,VDE
1722,,2024-05-29,,,,,,,,,,,,,,,,,2275.0,13.75,14.31999969482422,13.6899995803833,14.279999732971191,0.0,0.0,0.0,,^VIX
1723,,2024-05-30,,,,,,,,,,,,,,,,,856.0,118.53625642291716,119.53589199151509,118.53625642291716,119.17153930664062,217300.0,0.0,0.0,0.0,VDE
1724,,2024-05-30,,,,,,,,,,,,,,,,,2276.0,14.81999969482422,14.880000114440918,13.670000076293944,14.470000267028809,0.0,0.0,0.0,,^VIX
1725,,2024-05-31,,,,,,,,,,,,,,,,,857.0,119.36773039716132,122.09571407135743,119.3116783302687,121.97425842285156,238400.0,0.0,0.0,0.0,VDE
1726,,2024-05-31,,,,,,,,,,,,,,,,,2277.0,14.5,14.869999885559082,12.84000015258789,12.920000076293944,0.0,0.0,0.0,,^VIX
1727,41.0,2024-06-01,186.97,179.37,3.0,418.82,328.304,182.698,247.72,58.052,145.321,428.91,233.312,277.045,255.914,31.8,319.003,314.175,,,,,,,,,,
1728,,2024-06-03,,,,,,,,,,,,,,,,,858.0,121.65661660812977,121.65661660812977,117.92900459899477,118.6763916015625,371700.0,0.0,0.0,0.0,VDE
1729,,2024-06-03,,,,,,,,,,,,,,,,,2278.0,13.079999923706056,14.3100004196167,13.0,13.109999656677246,0.0,0.0,0.0,,^VIX
1730,,2024-06-04,,,,,,,,,,,,,,,,,859.0,117.66740307645424,117.66740307645424,115.99512148370366,117.32173919677734,380200.0,0.0,0.0,0.0,VDE
1731,,2024-06-04,,,,,,,,,,,,,,,,,2279.0,13.510000228881836,14.079999923706056,13.109999656677246,13.15999984741211,0.0,0.0,0.0,,^VIX
1732,,2024-06-05,,,,,,,,,,,,,,,,,860.0,117.6207036004593,117.75149650367224,116.78923137531471,117.47122192382812,203900.0,0.0,0.0,0.0,VDE
1733,,2024-06-05,,,,,,,,,,,,,,,,,2280.0,13.140000343322754,13.25,12.600000381469728,12.630000114440918,0.0,0.0,0.0,,^VIX
1734,,2024-06-06,,,,,,,,,,,,,,,,,861.0,117.10687892963976,118.05046249027808,116.67712976530925,117.96637725830078,198000.0,0.0,0.0,0.0,VDE
1735,,2024-06-06,,,,,,,,,,,,,,,,,2281.0,12.75,12.979999542236328,12.539999961853027,12.579999923706056,0.0,0.0,0.0,,^VIX
1736,,2024-06-07,,,,,,,,,,,,,,,,,862.0,117.8262389922272,118.73244494070076,116.98542236859728,117.43385314941406,169600.0,0.0,0.0,0.0,VDE
1737,,2024-06-07,,,,,,,,,,,,,,,,,2282.0,12.6899995803833,13.079999923706056,12.109999656677246,12.220000267028809,0.0,0.0,0.0,,^VIX
1738,,2024-06-10,,,,,,,,,,,,,,,,,863.0,117.87294968898732,119.38641965027077,117.70478635995585,118.7978515625,201800.0,0.0,0.0,0.0,VDE
1739,,2024-06-10,,,,,,,,,,,,,,,,,2283.0,13.09000015258789,13.279999732971191,12.619999885559082,12.739999771118164,0.0,0.0,0.0,,^VIX
1740,,2024-06-11,,,,,,,,,,,,,,,,,864.0,118.06913965055378,118.69508528981694,117.24701177538404,118.61100006103516,190200.0,0.0,0.0,0.0,VDE
1741,,2024-06-11,,,,,,,,,,,,,,,,,2284.0,12.850000381469728,13.470000267028809,12.779999732971191,12.850000381469728,0.0,0.0,0.0,,^VIX
1742,,2024-06-12,,,,,,,,,,,,,,,,,865.0,119.67603333020384,119.67603333020384,117.05081663611575,117.56464385986328,257600.0,0.0,0.0,0.0,VDE
1743,,2024-06-12,,,,,,,,,,,,,,,,,2285.0,13.100000381469728,13.149999618530272,11.9399995803833,12.039999961853027,0.0,0.0,0.0,,^VIX
1744,,2024-06-13,,,,,,,,,,,,,,,,,866.0,117.27503818611648,117.42451986990736,115.66814572375957,116.3501434326172,435300.0,0.0,0.0,0.0,VDE
1745,,2024-06-13,,,,,,,,,,,,,,,,,2286.0,12.050000190734863,12.68000030517578,11.880000114440918,11.9399995803833,0.0,0.0,0.0,,^VIX
1746,,2024-06-14,,,,,,,,,,,,,,,,,867.0,116.16327891438328,116.16327891438328,114.77126473931008,115.07022094726562,277200.0,0.0,0.0,0.0,VDE
1747,,2024-06-14,,,,,,,,,,,,,,,,,2287.0,12.220000267028809,13.449999809265137,12.119999885559082,12.65999984741211,0.0,0.0,0.0,,^VIX
1748,,2024-06-17,,,,,,,,,,,,,,,,,868.0,115.07023613587282,115.8643379998518,114.59377929409294,115.40656280517578,254000.0,0.0,0.0,0.0,VDE
1749,,2024-06-17,,,,,,,,,,,,,,,,,2288.0,13.06999969482422,13.289999961853027,12.5,12.75,0.0,0.0,0.0,,^VIX
1750,,2024-06-18,,,,,,,,,,,,,,,,,869.0,116.0324908271804,117.25634886819267,115.80827544384198,116.0605239868164,244700.0,0.0,0.0,0.0,VDE
1751,,2024-06-18,,,,,,,,,,,,,,,,,2289.0,12.699999809265137,12.739999771118164,12.239999771118164,12.300000190734863,0.0,0.0,0.0,,^VIX
1752,,2024-06-20,,,,,,,,,,,,,,,,,870.0,116.3127840310536,118.45219272116324,115.93908691385164,117.8636245727539,285600.0,0.0,0.0,0.0,VDE
1753,,2024-06-20,,,,,,,,,,,,,,,,,2290.0,12.5,13.550000190734863,12.18000030517578,13.279999732971191,0.0,0.0,0.0,,^VIX
1754,,2024-06-21,,,,,,,,,,,,,,,,,871.0,118.30268260576916,118.41479385230346,117.06015014648438,117.06015014648438,242800.0,0.0,0.0,0.0,VDE
1755,,2024-06-21,,,,,,,,,,,,,,,,,2291.0,13.220000267028809,13.779999732971191,12.989999771118164,13.199999809265137,0.0,0.0,0.0,,^VIX
1756,,2024-06-24,,,,,,,,,,,,,,,,,872.0,117.7141166446984,120.63828934211004,117.7141166446984,120.1991958618164,369000.0,0.0,0.0,0.0,VDE
1757,,2024-06-24,,,,,,,,,,,,,,,,,2292.0,13.850000381469728,13.880000114440918,13.149999618530272,13.329999923706056,0.0,0.0,0.0,,^VIX
1758,,2024-06-25,,,,,,,,,,,,,,,,,873.0,120.18985086394208,120.44209940478396,119.36772304686586,120.4327621459961,254700.0,0.0,0.0,0.0,VDE
1759,,2024-06-25,,,,,,,,,,,,,,,,,2293.0,13.479999542236328,13.520000457763672,12.84000015258789,12.84000015258789,0.0,0.0,0.0,,^VIX
1760,,2024-06-26,,,,,,,,,,,,,,,,,874.0,120.4047439178946,120.4047439178946,118.74179227535257,119.42378997802734,472400.0,0.0,0.0,0.0,VDE
1761,,2024-06-26,,,,,,,,,,,,,,,,,2294.0,12.8100004196167,13.239999771118164,12.369999885559082,12.550000190734863,0.0,0.0,0.0,,^VIX
1762,,2024-06-27,,,,,,,,,,,,,,,,,875.0,119.95629773950724,120.12446819450116,119.00337696984104,119.6573486328125,291700.0,0.0,0.0,0.0,VDE
1763,,2024-06-27,,,,,,,,,,,,,,,,,2295.0,12.6899995803833,12.770000457763672,12.210000038146973,12.239999771118164,0.0,0.0,0.0,,^VIX
1764,,2024-06-28,,,,,,,,,,,,,,,,,876.0,120.57784721089726,121.11432692246828,119.7872307910916,120.06959533691406,339100.0,0.948,0.0,0.0,VDE
1765,,2024-06-28,,,,,,,,,,,,,,,,,2296.0,12.239999771118164,12.760000228881836,11.869999885559082,12.4399995803833,0.0,0.0,0.0,,^VIX
1766,42.0,2024-07-01,191.387,179.377,2.9,420.577,325.556,190.065,249.847,57.453,145.264,429.801,236.466,277.493,257.321,31.8,319.214,314.54,877.0,120.86961803178104,121.41551898783842,119.45780967145734,120.0601806640625,302900.0,0.0,0.0,0.0,VDE
1767,42.0,2024-07-01,191.387,179.377,2.9,420.577,325.556,190.065,249.847,57.453,145.264,429.801,236.466,277.493,257.321,31.8,319.214,314.54,2297.0,12.979999542236328,13.260000228881836,12.100000381469728,12.220000267028809,0.0,0.0,0.0,,^VIX
1768,,2024-07-02,,,,,,,,,,,,,,,,,878.0,121.22728734089462,121.27435049446404,119.45781617062288,120.18254852294922,338700.0,0.0,0.0,0.0,VDE
1769,,2024-07-02,,,,,,,,,,,,,,,,,2298.0,12.670000076293944,12.880000114440918,11.850000381469728,12.029999732971191,0.0,0.0,0.0,,^VIX
1770,,2024-07-03,,,,,,,,,,,,,,,,,879.0,120.23900858372316,121.3119823324306,120.14488946522448,120.73784637451172,176600.0,0.0,0.0,0.0,VDE
1771,,2024-07-03,,,,,,,,,,,,,,,,,2299.0,12.130000114440918,12.229999542236328,11.949999809265137,12.09000015258789,0.0,0.0,0.0,,^VIX
1772,,2024-07-05,,,,,,,,,,,,,,,,,880.0,120.568448573465,120.5872623459248,118.290725460721,118.73309326171876,256400.0,0.0,0.0,0.0,VDE
1773,,2024-07-05,,,,,,,,,,,,,,,,,2300.0,12.369999885559082,12.609999656677246,11.84000015258789,12.479999542236328,0.0,0.0,0.0,,^VIX
1774,,2024-07-08,,,,,,,,,,,,,,,,,881.0,118.0271873056818,119.20369434186118,117.79188589844593,118.2530746459961,267800.0,0.0,0.0,0.0,VDE
1775,,2024-07-08,,,,,,,,,,,,,,,,,2301.0,12.90999984741211,12.90999984741211,12.3100004196167,12.369999885559082,0.0,0.0,0.0,,^VIX
1776,,2024-07-09,,,,,,,,,,,,,,,,,882.0,117.20832687569036,118.44130385761528,116.8506713490938,117.18009185791016,220500.0,0.0,0.0,0.0,VDE
1777,,2024-07-09,,,,,,,,,,,,,,,,,2302.0,12.479999542236328,12.609999656677246,12.350000381469728,12.510000228881836,0.0,0.0,0.0,,^VIX
1778,,2024-07-10,,,,,,,,,,,,,,,,,883.0,117.16127293822572,118.08365037890808,116.78478927269413,117.970703125,281000.0,0.0,0.0,0.0,VDE
1779,,2024-07-10,,,,,,,,,,,,,,,,,2303.0,12.510000228881836,12.920000076293944,12.390000343322754,12.850000381469728,0.0,0.0,0.0,,^VIX
1780,,2024-07-11,,,,,,,,,,,,,,,,,884.0,117.99895400878142,119.60841479607689,117.46246707968294,119.48605346679688,266600.0,0.0,0.0,0.0,VDE
1781,,2024-07-11,,,,,,,,,,,,,,,,,2304.0,12.880000114440918,13.329999923706056,12.229999542236328,12.920000076293944,0.0,0.0,0.0,,^VIX
1782,,2024-07-12,,,,,,,,,,,,,,,,,885.0,120.19194507233118,120.42724645828392,119.0342662747076,119.83428955078124,310500.0,0.0,0.0,0.0,VDE
1783,,2024-07-12,,,,,,,,,,,,,,,,,2305.0,12.869999885559082,12.890000343322754,12.109999656677246,12.460000038146973,0.0,0.0,0.0,,^VIX
1784,,2024-07-15,,,,,,,,,,,,,,,,,886.0,120.68138529514256,122.74262789311857,120.18254746733604,121.81082916259766,378900.0,0.0,0.0,0.0,VDE
1785,,2024-07-15,,,,,,,,,,,,,,,,,2306.0,12.779999732971191,13.260000228881836,12.75,13.119999885559082,0.0,0.0,0.0,,^VIX
1786,,2024-07-16,,,,,,,,,,,,,,,,,887.0,121.2931655286084,122.4226237793939,120.6249175706072,122.30026245117188,325100.0,0.0,0.0,0.0,VDE
1787,,2024-07-16,,,,,,,,,,,,,,,,,2307.0,13.380000114440918,13.470000267028809,12.949999809265137,13.1899995803833,0.0,0.0,0.0,,^VIX
1788,,2024-07-17,,,,,,,,,,,,,,,,,888.0,122.74264024484587,124.24856076577582,122.42263374983494,123.25088500976562,240700.0,0.0,0.0,0.0,VDE
1789,,2024-07-17,,,,,,,,,,,,,,,,,2308.0,13.600000381469728,14.880000114440918,13.539999961853027,14.479999542236328,0.0,0.0,0.0,,^VIX
1790,,2024-07-18,,,,,,,,,,,,,,,,,889.0,123.24145293883664,124.71913813540276,122.7143801461339,123.3543930053711,299600.0,0.0,0.0,0.0,VDE
1791,,2024-07-18,,,,,,,,,,,,,,,,,2309.0,14.270000457763672,16.43000030517578,14.079999923706056,15.93000030517578,0.0,0.0,0.0,,^VIX
1792,,2024-07-19,,,,,,,,,,,,,,,,,890.0,123.09086333486744,123.80617439809863,121.7449462629343,121.98965454101562,195400.0,0.0,0.0,0.0,VDE
1793,,2024-07-19,,,,,,,,,,,,,,,,,2310.0,16.440000534057617,17.190000534057617,10.619999885559082,16.520000457763672,0.0,0.0,0.0,,^VIX
1794,,2024-07-22,,,,,,,,,,,,,,,,,891.0,121.51905031575318,122.00848122777288,120.6343147922912,121.3684539794922,318700.0,0.0,0.0,0.0,VDE
1795,,2024-07-22,,,,,,,,,,,,,,,,,2311.0,16.790000915527344,16.889999389648438,14.75,14.90999984741211,0.0,0.0,0.0,,^VIX
1796,,2024-07-23,,,,,,,,,,,,,,,,,892.0,121.00138429413468,121.05785432977544,119.31662548284224,119.5707550048828,239200.0,0.0,0.0,0.0,VDE
1797,,2024-07-23,,,,,,,,,,,,,,,,,2312.0,15.210000038146973,15.350000381469728,13.899999618530272,14.720000267028809,0.0,0.0,0.0,,^VIX
1798,,2024-07-24,,,,,,,,,,,,,,,,,893.0,119.91900827223049,120.5778493162148,118.70485219332036,119.36369323730467,575000.0,0.0,0.0,0.0,VDE
1799,,2024-07-24,,,,,,,,,,,,,,,,,2313.0,15.350000381469728,18.459999084472656,15.18000030517578,18.040000915527344,0.0,0.0,0.0,,^VIX
1800,,2024-07-25,,,,,,,,,,,,,,,,,894.0,119.18486551740077,121.6602337220802,118.8648590522122,121.08609771728516,328400.0,0.0,0.0,0.0,VDE
1801,,2024-07-25,,,,,,,,,,,,,,,,,2314.0,18.40999984741211,19.36000061035156,16.420000076293945,18.459999084472656,0.0,0.0,0.0,,^VIX
1802,,2024-07-26,,,,,,,,,,,,,,,,,895.0,121.07668693131332,122.12142571420168,120.54961409700164,121.603759765625,255500.0,0.0,0.0,0.0,VDE
1803,,2024-07-26,,,,,,,,,,,,,,,,,2315.0,17.969999313354492,18.049999237060547,16.3700008392334,16.389999389648438,0.0,0.0,0.0,,^VIX
1804,,2024-07-29,,,,,,,,,,,,,,,,,896.0,121.67905395757678,121.7825871439066,119.58957646012588,120.48371887207033,282100.0,0.0,0.0,0.0,VDE
1805,,2024-07-29,,,,,,,,,,,,,,,,,2316.0,16.59000015258789,17.209999084472656,16.229999542236328,16.600000381469727,0.0,0.0,0.0,,^VIX
1806,,2024-07-30,,,,,,,,,,,,,,,,,897.0,120.54021147095102,122.62967474890822,120.54021147095102,122.29084014892578,512300.0,0.0,0.0,0.0,VDE
1807,,2024-07-30,,,,,,,,,,,,,,,,,2317.0,16.639999389648438,18.31999969482422,16.260000228881836,17.690000534057617,0.0,0.0,0.0,,^VIX
1808,,2024-07-31,,,,,,,,,,,,,,,,,898.0,123.72145908129596,124.1167636646338,122.91202178351196,122.98731994628906,344900.0,0.0,0.0,0.0,VDE
1809,,2024-07-31,,,,,,,,,,,,,,,,,2318.0,16.65999984741211,16.770000457763672,15.710000038146973,16.360000610351562,0.0,0.0,0.0,,^VIX
1810,43.0,2024-08-01,185.349,179.846,2.8,422.223,324.65,176.722,249.168,57.484,145.589,429.801,239.277,278.028,255.463,31.8,320.017,314.796,899.0,122.9967429879953,123.39206198491874,119.00604036817737,119.71194458007812,697200.0,0.0,0.0,0.0,VDE
1811,43.0,2024-08-01,185.349,179.846,2.8,422.223,324.65,176.722,249.168,57.484,145.589,429.801,239.277,278.028,255.463,31.8,320.017,314.796,2319.0,16.200000762939453,19.479999542236328,15.949999809265137,18.59000015258789,0.0,0.0,0.0,,^VIX
1812,,2024-08-02,,,,,,,,,,,,,,,,,900.0,118.8554300079782,118.8554300079782,115.16590615222673,116.1541748046875,685900.0,0.0,0.0,0.0,VDE
1813,,2024-08-02,,,,,,,,,,,,,,,,,2320.0,20.520000457763672,29.65999984741211,20.010000228881836,23.38999938964844,0.0,0.0,0.0,,^VIX
1814,,2024-08-05,,,,,,,,,,,,,,,,,901.0,113.02937716953848,114.45059963758304,112.03170153041216,113.69763946533205,800200.0,0.0,0.0,0.0,VDE
1815,,2024-08-05,,,,,,,,,,,,,,,,,2321.0,23.38999938964844,65.7300033569336,23.38999938964844,38.56999969482422,0.0,0.0,0.0,,^VIX
1816,,2024-08-06,,,,,,,,,,,,,,,,,902.0,114.0646937577994,115.39178974287532,113.52820692454269,114.14939880371094,424200.0,0.0,0.0,0.0,VDE
1817,,2024-08-06,,,,,,,,,,,,,,,,,2322.0,33.709999084472656,34.77000045776367,24.020000457763672,27.709999084472656,0.0,0.0,0.0,,^VIX
1818,,2024-08-07,,,,,,,,,,,,,,,,,903.0,115.8059424626752,116.70008494568268,114.57296537580972,114.68590545654295,366700.0,0.0,0.0,0.0,VDE
1819,,2024-08-07,,,,,,,,,,,,,,,,,2323.0,24.770000457763672,29.760000228881836,21.969999313354492,27.850000381469727,0.0,0.0,0.0,,^VIX
1820,,2024-08-08,,,,,,,,,,,,,,,,,904.0,115.2129851334945,117.33069781052308,115.20357106652,117.2177505493164,198400.0,0.0,0.0,0.0,VDE
1821,,2024-08-08,,,,,,,,,,,,,,,,,2324.0,28.34000015258789,29.469999313354492,23.36000061035156,23.790000915527344,0.0,0.0,0.0,,^VIX
1822,,2024-08-09,,,,,,,,,,,,,,,,,905.0,117.17068569303156,117.82953393592182,116.3235991983607,117.33069610595705,173500.0,0.0,0.0,0.0,VDE
1823,,2024-08-09,,,,,,,,,,,,,,,,,2325.0,23.780000686645508,24.520000457763672,20.260000228881836,20.3700008392334,0.0,0.0,0.0,,^VIX
1824,,2024-08-12,,,,,,,,,,,,,,,,,906.0,118.12130676714357,118.67661464299592,117.49070071736338,118.11189270019533,295200.0,0.0,0.0,0.0,VDE
1825,,2024-08-12,,,,,,,,,,,,,,,,,2326.0,20.790000915527344,21.190000534057617,18.88999938964844,20.709999084472656,0.0,0.0,0.0,,^VIX
1826,,2024-08-13,,,,,,,,,,,,,,,,,907.0,117.33068714352652,117.33068714352652,116.47418664744262,117.01067352294922,307100.0,0.0,0.0,0.0,VDE
1827,,2024-08-13,,,,,,,,,,,,,,,,,2327.0,20.059999465942383,20.790000915527344,17.950000762939453,18.1200008392334,0.0,0.0,0.0,,^VIX
1828,,2024-08-14,,,,,,,,,,,,,,,,,908.0,117.26479549499096,118.10247503704774,116.7941927221288,117.60363006591795,311500.0,0.0,0.0,0.0,VDE
1829,,2024-08-14,,,,,,,,,,,,,,,,,2328.0,18.40999984741211,18.489999771118164,16.1200008392334,16.190000534057617,0.0,0.0,0.0,,^VIX
1830,,2024-08-15,,,,,,,,,,,,,,,,,909.0,118.33778079387032,119.53310872152088,118.30953859455968,119.17545318603516,197100.0,0.0,0.0,0.0,VDE
1831,,2024-08-15,,,,,,,,,,,,,,,,,2329.0,16.270000457763672,16.68000030517578,14.770000457763672,15.229999542236328,0.0,0.0,0.0,,^VIX
1832,,2024-08-16,,,,,,,,,,,,,,,,,910.0,118.30013475737272,119.29781040052964,118.30013475737272,119.09074401855467,178600.0,0.0,0.0,0.0,VDE
1833,,2024-08-16,,,,,,,,,,,,,,,,,2330.0,15.289999961853027,15.760000228881836,14.649999618530272,14.800000190734863,0.0,0.0,0.0,,^VIX
1834,,2024-08-19,,,,,,,,,,,,,,,,,911.0,119.1660400974637,120.85079178122646,119.1660400974637,119.79664611816406,194300.0,0.0,0.0,0.0,VDE
1835,,2024-08-19,,,,,,,,,,,,,,,,,2331.0,15.9399995803833,16.06999969482422,14.460000038146973,14.649999618530272,0.0,0.0,0.0,,^VIX
1836,,2024-08-20,,,,,,,,,,,,,,,,,912.0,119.61781242096563,119.61781242096563,116.57772245172788,116.76596069335938,301400.0,0.0,0.0,0.0,VDE
1837,,2024-08-20,,,,,,,,,,,,,,,,,2332.0,14.890000343322754,15.93000030517578,14.779999732971191,15.880000114440918,0.0,0.0,0.0,,^VIX
1838,,2024-08-21,,,,,,,,,,,,,,,,,913.0,117.44362786292056,117.92364470602604,116.5118363752216,116.72830963134766,680500.0,0.0,0.0,0.0,VDE
1839,,2024-08-21,,,,,,,,,,,,,,,,,2333.0,16.25,17.170000076293945,15.920000076293944,16.270000457763672,0.0,0.0,0.0,,^VIX
1840,,2024-08-22,,,,,,,,,,,,,,,,,914.0,116.94480209342684,117.54717313537736,116.59655341758732,116.963623046875,190000.0,0.0,0.0,0.0,VDE
1841,,2024-08-22,,,,,,,,,,,,,,,,,2334.0,16.270000457763672,18.059999465942383,15.760000228881836,17.549999237060547,0.0,0.0,0.0,,^VIX
1842,,2024-08-23,,,,,,,,,,,,,,,,,915.0,117.65070076382692,119.10957232562994,117.56599570607484,118.94015502929688,235800.0,0.0,0.0,0.0,VDE
1843,,2024-08-23,,,,,,,,,,,,,,,,,2335.0,17.1200008392334,17.209999084472656,15.609999656677246,15.859999656677246,0.0,0.0,0.0,,^VIX
1844,,2024-08-26,,,,,,,,,,,,,,,,,916.0,120.18254198435422,121.18021759445114,119.26957142907898,120.0601806640625,213300.0,0.0,0.0,0.0,VDE
1845,,2024-08-26,,,,,,,,,,,,,,,,,2336.0,16.270000457763672,16.670000076293945,15.8100004196167,16.149999618530273,0.0,0.0,0.0,,^VIX
1846,,2024-08-27,,,,,,,,,,,,,,,,,917.0,119.97547792511295,120.3143125125974,118.71425869818104,118.9119110107422,205100.0,0.0,0.0,0.0,VDE
1847,,2024-08-27,,,,,,,,,,,,,,,,,2337.0,16.209999084472656,16.809999465942383,15.369999885559082,15.43000030517578,0.0,0.0,0.0,,^VIX
1848,,2024-08-28,,,,,,,,,,,,,,,,,918.0,118.28130159510498,118.72366935945648,117.59422555412256,118.0930633544922,659800.0,0.0,0.0,0.0,VDE
1849,,2024-08-28,,,,,,,,,,,,,,,,,2338.0,15.510000228881836,17.889999389648438,15.460000038146973,17.110000610351562,0.0,0.0,0.0,,^VIX
1850,,2024-08-29,,,,,,,,,,,,,,,,,919.0,118.77074141266584,120.17313579858693,117.80130075726974,119.6178207397461,152300.0,0.0,0.0,0.0,VDE
1851,,2024-08-29,,,,,,,,,,,,,,,,,2339.0,16.540000915527344,16.56999969482422,15.1899995803833,15.649999618530272,0.0,0.0,0.0,,^VIX
1852,,2024-08-30,,,,,,,,,,,,,,,,,920.0,118.5072062717635,119.9848988479661,118.23425577286886,119.93783569335938,160600.0,0.0,0.0,0.0,VDE
1853,,2024-08-30,,,,,,,,,,,,,,,,,2340.0,15.670000076293944,16.040000915527344,14.779999732971191,15.0,0.0,0.0,0.0,,^VIX
1854,44.0,2024-09-01,182.892,179.93,2.7,423.821,324.1,172.163,246.339,57.533,145.671,429.801,235.703,278.389,252.682,31.7,321.109,315.301,,,,,,,,,,
1855,,2024-09-03,,,,,,,,,,,,,,,,,921.0,118.12130134391836,118.12130134391836,116.06947287397809,116.66242980957033,363300.0,0.0,0.0,0.0,VDE
1856,,2024-09-03,,,,,,,,,,,,,,,,,2341.0,15.760000228881836,21.989999771118164,15.710000038146973,20.719999313354492,0.0,0.0,0.0,,^VIX
1857,,2024-09-04,,,,,,,,,,,,,,,,,922.0,116.70007590363868,117.45304322738892,114.7988438233708,114.95884704589844,258300.0,0.0,0.0,0.0,VDE
1858,,2024-09-04,,,,,,,,,,,,,,,,,2342.0,23.200000762939453,23.309999465942383,19.34000015258789,21.31999969482422,0.0,0.0,0.0,,^VIX
1859,,2024-09-05,,,,,,,,,,,,,,,,,923.0,115.83415808123262,115.83415808123262,114.0458662339182,114.1588134765625,946800.0,0.0,0.0,0.0,VDE
1860,,2024-09-05,,,,,,,,,,,,,,,,,2343.0,20.75,21.530000686645508,19.209999084472656,19.899999618530273,0.0,0.0,0.0,,^VIX
1861,,2024-09-06,,,,,,,,,,,,,,,,,924.0,114.43178009879422,115.17533339441836,112.28583245108348,112.68113708496094,953800.0,0.0,0.0,0.0,VDE
1862,,2024-09-06,,,,,,,,,,,,,,,,,2344.0,21.979999542236328,23.760000228881836,18.829999923706055,22.3799991607666,0.0,0.0,0.0,,^VIX
1863,,2024-09-09,,,,,,,,,,,,,,,,,925.0,112.9446711300306,114.32824450030608,112.73760475069294,113.23644256591795,561300.0,0.0,0.0,0.0,VDE
1864,,2024-09-09,,,,,,,,,,,,,,,,,2345.0,21.31999969482422,21.40999984741211,19.290000915527344,19.450000762939453,0.0,0.0,0.0,,^VIX
1865,,2024-09-10,,,,,,,,,,,,,,,,,926.0,113.39646043879397,113.56587774387458,110.43166119029766,111.28815460205078,543000.0,0.0,0.0,0.0,VDE
1866,,2024-09-10,,,,,,,,,,,,,,,,,2346.0,19.86000061035156,20.739999771118164,18.899999618530273,19.079999923706055,0.0,0.0,0.0,,^VIX
1867,,2024-09-11,,,,,,,,,,,,,,,,,927.0,111.344616464035,111.37285148084848,108.71865218795816,110.5351791381836,416600.0,0.0,0.0,0.0,VDE
1868,,2024-09-11,,,,,,,,,,,,,,,,,2347.0,19.40999984741211,21.40999984741211,17.549999237060547,17.690000534057617,0.0,0.0,0.0,,^VIX
1869,,2024-09-12,,,,,,,,,,,,,,,,,928.0,111.0246155284805,112.03170526784528,110.21517811020648,111.53286743164062,1084300.0,0.0,0.0,0.0,VDE
1870,,2024-09-12,,,,,,,,,,,,,,,,,2348.0,17.6200008392334,18.59000015258789,16.889999389648438,17.06999969482422,0.0,0.0,0.0,,^VIX
1871,,2024-09-13,,,,,,,,,,,,,,,,,929.0,112.0787807771508,113.10469158269196,111.92818441257783,112.21996307373048,222300.0,0.0,0.0,0.0,VDE
1872,,2024-09-13,,,,,,,,,,,,,,,,,2349.0,17.030000686645508,17.18000030517578,16.229999542236328,16.559999465942383,0.0,0.0,0.0,,^VIX
1873,,2024-09-16,,,,,,,,,,,,,,,,,930.0,113.12350499378678,114.1964788187992,112.75643537895776,113.73528289794922,304800.0,0.0,0.0,0.0,VDE
1874,,2024-09-16,,,,,,,,,,,,,,,,,2350.0,17.15999984741211,17.690000534057617,16.90999984741211,17.139999389648438,0.0,0.0,0.0,,^VIX
1875,,2024-09-17,,,,,,,,,,,,,,,,,931.0,113.76351833335735,115.48591904635305,113.6693920329336,115.3917999267578,234300.0,0.0,0.0,0.0,VDE
1876,,2024-09-17,,,,,,,,,,,,,,,,,2351.0,17.15999984741211,18.079999923706055,16.670000076293945,17.610000610351562,0.0,0.0,0.0,,^VIX
1877,,2024-09-18,,,,,,,,,,,,,,,,,932.0,115.1659128852797,116.9730258369116,115.0906147170879,115.54239654541016,264600.0,0.0,0.0,0.0,VDE
1878,,2024-09-18,,,,,,,,,,,,,,,,,2352.0,17.579999923706055,19.38999938964844,17.110000610351562,18.229999542236328,0.0,0.0,0.0,,^VIX
1879,,2024-09-19,,,,,,,,,,,,,,,,,933.0,117.40598655128896,118.2907221283606,116.38007587645392,117.02950286865234,290000.0,0.0,0.0,0.0,VDE
1880,,2024-09-19,,,,,,,,,,,,,,,,,2353.0,17.209999084472656,17.270000457763672,16.209999084472656,16.329999923706055,0.0,0.0,0.0,,^VIX
1881,,2024-09-20,,,,,,,,,,,,,,,,,934.0,116.56829847824412,117.18008348279378,115.60827203819036,116.8694839477539,205000.0,0.0,0.0,0.0,VDE
1882,,2024-09-20,,,,,,,,,,,,,,,,,2354.0,16.350000381469727,16.68000030517578,15.8100004196167,16.149999618530273,0.0,0.0,0.0,,^VIX
1883,,2024-09-23,,,,,,,,,,,,,,,,,935.0,117.08598227664032,118.91191632318233,116.6624354329482,118.26248931884766,343400.0,0.0,0.0,0.0,VDE
1884,,2024-09-23,,,,,,,,,,,,,,,,,2355.0,16.709999084472656,16.950000762939453,15.75,15.890000343322754,0.0,0.0,0.0,,^VIX
1885,,2024-09-24,,,,,,,,,,,,,,,,,936.0,119.52369159303204,119.78722799988358,117.88599593557696,117.92364501953124,389000.0,0.0,0.0,0.0,VDE
1886,,2024-09-24,,,,,,,,,,,,,,,,,2356.0,15.869999885559082,16.670000076293945,15.270000457763672,15.390000343322754,0.0,0.0,0.0,,^VIX
1887,,2024-09-25,,,,,,,,,,,,,,,,,937.0,117.72599455404216,117.92364686226944,115.3635665600002,115.57063293457033,326700.0,0.0,0.0,0.0,VDE
1888,,2024-09-25,,,,,,,,,,,,,,,,,2357.0,15.81999969482422,15.81999969482422,15.170000076293944,15.40999984741211,0.0,0.0,0.0,,^VIX
1889,,2024-09-26,,,,,,,,,,,,,,,,,938.0,113.25526719148344,114.68589648859208,112.8881975961454,113.16114807128906,468200.0,0.0,0.0,0.0,VDE
1890,,2024-09-26,,,,,,,,,,,,,,,,,2358.0,15.0600004196167,15.829999923706056,14.899999618530272,15.369999885559082,0.0,0.0,0.0,,^VIX
1891,,2024-09-27,,,,,,,,,,,,,,,,,939.0,113.97014223380296,115.76472276742528,113.92267088950796,115.58432006835938,488000.0,1.052,0.0,0.0,VDE
1892,,2024-09-27,,,,,,,,,,,,,,,,,2359.0,15.640000343322754,16.969999313354492,15.199999809265137,16.959999084472656,0.0,0.0,0.0,,^VIX
1893,,2024-09-30,,,,,,,,,,,,,,,,,940.0,115.35641493462882,116.63825695356157,114.8057025059282,116.28694152832033,425300.0,0.0,0.0,0.0,VDE
1894,,2024-09-30,,,,,,,,,,,,,,,,,2360.0,17.010000228881836,17.790000915527344,16.469999313354492,16.729999542236328,0.0,0.0,0.0,,^VIX
1895,45.0,2024-10-01,180.186,180.182,2.7,425.381,325.428,165.925,247.216,57.992,146.291,432.642,234.942,278.508,253.081,31.7,321.758,315.664,941.0,115.46086419540929,119.26841615169604,115.11903868468846,118.8221435546875,853800.0,0.0,0.0,0.0,VDE
1896,45.0,2024-10-01,180.186,180.182,2.7,425.381,325.428,165.925,247.216,57.992,146.291,432.642,234.942,278.508,253.081,31.7,321.758,315.664,2361.0,16.959999084472656,20.729999542236328,16.610000610351562,19.260000228881836,0.0,0.0,0.0,,^VIX
1897,,2024-10-02,,,,,,,,,,,,,,,,,942.0,120.67369935592224,120.82562503358062,118.82215043580489,120.13247680664062,551000.0,0.0,0.0,0.0,VDE
1898,,2024-10-02,,,,,,,,,,,,,,,,,2362.0,19.649999618530273,20.36000061035156,18.579999923706055,18.899999618530273,0.0,0.0,0.0,,^VIX
1899,,2024-10-03,,,,,,,,,,,,,,,,,943.0,120.59774150110673,122.43030329927907,119.61024634747974,122.3068618774414,576200.0,0.0,0.0,0.0,VDE
1900,,2024-10-03,,,,,,,,,,,,,,,,,2363.0,19.6299991607666,20.75,19.15999984741211,20.489999771118164,0.0,0.0,0.0,,^VIX
1901,,2024-10-04,,,,,,,,,,,,,,,,,944.0,123.3608267625764,123.87357230983072,122.27838164867646,123.48426818847656,382800.0,0.0,0.0,0.0,VDE
1902,,2024-10-04,,,,,,,,,,,,,,,,,2364.0,20.479999542236328,20.479999542236328,18.479999542236328,19.209999084472656,0.0,0.0,0.0,,^VIX
1903,,2024-10-07,,,,,,,,,,,,,,,,,945.0,123.87356232347076,124.81357160360554,123.50325256405392,124.01598358154295,337100.0,0.0,0.0,0.0,VDE
1904,,2024-10-07,,,,,,,,,,,,,,,,,2365.0,20.760000228881836,23.030000686645508,20.649999618530273,22.63999938964844,0.0,0.0,0.0,,^VIX
1905,,2024-10-08,,,,,,,,,,,,,,,,,946.0,122.55373531741596,122.55373531741596,120.17044675303376,120.8161163330078,907500.0,0.0,0.0,0.0,VDE
1906,,2024-10-08,,,,,,,,,,,,,,,,,2366.0,22.920000076293945,23.13999938964844,21.13999938964844,21.420000076293945,0.0,0.0,0.0,,^VIX
1907,,2024-10-09,,,,,,,,,,,,,,,,,947.0,119.87611527491826,121.64221149335724,119.64823399505316,121.30988311767578,384600.0,0.0,0.0,0.0,VDE
1908,,2024-10-09,,,,,,,,,,,,,,,,,2367.0,21.979999542236328,22.010000228881836,20.709999084472656,20.86000061035156,0.0,0.0,0.0,,^VIX
1909,,2024-10-10,,,,,,,,,,,,,,,,,948.0,122.0979740903191,122.81010942880307,121.29088882221362,122.24040985107422,199200.0,0.0,0.0,0.0,VDE
1910,,2024-10-10,,,,,,,,,,,,,,,,,2368.0,20.90999984741211,21.38999938964844,20.63999938964844,20.93000030517578,0.0,0.0,0.0,,^VIX
1911,,2024-10-11,,,,,,,,,,,,,,,,,949.0,122.26888420046708,123.53173917035242,121.94603852863436,123.1044464111328,225000.0,0.0,0.0,0.0,VDE
1912,,2024-10-11,,,,,,,,,,,,,,,,,2369.0,20.8700008392334,21.15999984741211,20.13999938964844,20.459999084472656,0.0,0.0,0.0,,^VIX
1913,,2024-10-14,,,,,,,,,,,,,,,,,950.0,122.30685916970658,123.0379887861722,121.9840279842026,122.72464752197266,431100.0,0.0,0.0,0.0,VDE
1914,,2024-10-14,,,,,,,,,,,,,,,,,2370.0,20.86000061035156,20.86000061035156,19.690000534057617,19.700000762939453,0.0,0.0,0.0,,^VIX
1915,,2024-10-15,,,,,,,,,,,,,,,,,951.0,119.63872610070776,120.26540861941068,118.84113807059272,118.87911224365234,532300.0,0.0,0.0,0.0,VDE
1916,,2024-10-15,,,,,,,,,,,,,,,,,2371.0,19.61000061035156,20.88999938964844,19.440000534057617,20.63999938964844,0.0,0.0,0.0,,^VIX
1917,,2024-10-16,,,,,,,,,,,,,,,,,952.0,119.38236824590508,119.9615649748934,119.35387674796114,119.59125518798828,211300.0,0.0,0.0,0.0,VDE
1918,,2024-10-16,,,,,,,,,,,,,,,,,2372.0,20.770000457763672,21.010000228881836,19.450000762939453,19.579999923706055,0.0,0.0,0.0,,^VIX
1919,,2024-10-17,,,,,,,,,,,,,,,,,953.0,119.65771660572044,120.50279048683934,119.42033817413584,120.16096496582033,250800.0,0.0,0.0,0.0,VDE
1920,,2024-10-17,,,,,,,,,,,,,,,,,2373.0,19.549999237060547,19.649999618530273,18.8799991607666,19.11000061035156,0.0,0.0,0.0,,^VIX
1921,,2024-10-18,,,,,,,,,,,,,,,,,954.0,119.93307842160516,120.17995402288012,118.86013050117228,119.62923431396484,236600.0,0.0,0.0,0.0,VDE
1922,,2024-10-18,,,,,,,,,,,,,,,,,2374.0,19.299999237060547,19.31999969482422,17.989999771118164,18.030000686645508,0.0,0.0,0.0,,^VIX
1923,,2024-10-21,,,,,,,,,,,,,,,,,955.0,120.4838016346446,120.78764575112189,119.0405438924314,119.3253936767578,539700.0,0.0,0.0,0.0,VDE
1924,,2024-10-21,,,,,,,,,,,,,,,,,2375.0,18.780000686645508,19.34000015258789,18.36000061035156,18.3700008392334,0.0,0.0,0.0,,^VIX
1925,,2024-10-22,,,,,,,,,,,,,,,,,956.0,119.62923481205117,120.06601026583924,119.11649651998296,119.4678192138672,343500.0,0.0,0.0,0.0,VDE
1926,,2024-10-22,,,,,,,,,,,,,,,,,2376.0,18.790000915527344,19.440000534057617,18.049999237060547,18.200000762939453,0.0,0.0,0.0,,^VIX
1927,,2024-10-23,,,,,,,,,,,,,,,,,957.0,119.06902201163332,119.5342817063454,118.0245583678202,118.84114074707033,245400.0,0.0,0.0,0.0,VDE
1928,,2024-10-23,,,,,,,,,,,,,,,,,2377.0,18.209999084472656,20.469999313354492,18.18000030517578,19.239999771118164,0.0,0.0,0.0,,^VIX
1929,,2024-10-24,,,,,,,,,,,,,,,,,958.0,119.10700734420053,119.43933570848824,118.0435493342648,118.86962890625,198100.0,0.0,0.0,0.0,VDE
1930,,2024-10-24,,,,,,,,,,,,,,,,,2378.0,18.8700008392334,20.239999771118164,18.6299991607666,19.079999923706055,0.0,0.0,0.0,,^VIX
1931,,2024-10-25,,,,,,,,,,,,,,,,,959.0,119.55327410406012,119.91408670413423,118.62274748546992,118.99305725097656,221000.0,0.0,0.0,0.0,VDE
1932,,2024-10-25,,,,,,,,,,,,,,,,,2379.0,19.219999313354492,20.510000228881836,18.229999542236328,20.329999923706055,0.0,0.0,0.0,,^VIX
1933,,2024-10-28,,,,,,,,,,,,,,,,,960.0,116.419878867943,118.2144592358415,116.3439160310273,118.13849639892578,311300.0,0.0,0.0,0.0,VDE
1934,,2024-10-28,,,,,,,,,,,,,,,,,2380.0,19.11000061035156,19.8799991607666,18.90999984741211,19.799999237060547,0.0,0.0,0.0,,^VIX
1935,,2024-10-29,,,,,,,,,,,,,,,,,961.0,117.83465526164063,117.9960708609886,116.25846619914492,116.5718002319336,228600.0,0.0,0.0,0.0,VDE
1936,,2024-10-29,,,,,,,,,,,,,,,,,2381.0,19.75,20.530000686645508,19.059999465942383,19.34000015258789,0.0,0.0,0.0,,^VIX
1937,,2024-10-30,,,,,,,,,,,,,,,,,962.0,116.90413218223642,117.74919881615882,116.55280949681342,116.81867218017578,256500.0,0.0,0.0,0.0,VDE
1938,,2024-10-30,,,,,,,,,,,,,,,,,2382.0,19.329999923706055,20.440000534057617,19.299999237060547,20.350000381469727,0.0,0.0,0.0,,^VIX
1939,,2024-10-31,,,,,,,,,,,,,,,,,963.0,117.4738357591809,118.44233654272638,117.21746300421486,117.39787292480467,239400.0,0.0,0.0,0.0,VDE
1940,,2024-10-31,,,,,,,,,,,,,,,,,2383.0,21.440000534057617,23.420000076293945,21.1200008392334,23.15999984741211,0.0,0.0,0.0,,^VIX
1941,46.0,2024-11-01,177.704,180.597,2.6,426.651,326.929,160.349,246.636,58.925,145.994,432.642,233.858,278.639,253.211,31.7,321.947,315.493,964.0,118.7461810921956,119.35386928111056,116.40088109237642,116.52432250976562,251800.0,0.0,0.0,0.0,VDE
1942,46.0,2024-11-01,177.704,180.597,2.6,426.651,326.929,160.349,246.636,58.925,145.994,432.642,233.858,278.639,253.211,31.7,321.947,315.493,2384.0,22.959999084472656,23.09000015258789,21.15999984741211,21.8799991607666,0.0,0.0,0.0,,^VIX
1943,,2024-11-04,,,,,,,,,,,,,,,,,965.0,117.36938640990412,118.8696197609416,117.25544216053684,118.64173126220705,197400.0,0.0,0.0,0.0,VDE
1944,,2024-11-04,,,,,,,,,,,,,,,,,2385.0,22.5,23.06999969482422,21.729999542236328,21.979999542236328,0.0,0.0,0.0,,^VIX
1945,,2024-11-05,,,,,,,,,,,,,,,,,966.0,119.1070065983592,119.75267623531006,118.68921823203364,119.4678192138672,180900.0,0.0,0.0,0.0,VDE
1946,,2024-11-05,,,,,,,,,,,,,,,,,2386.0,21.979999542236328,22.059999465942383,20.200000762939453,20.489999771118164,0.0,0.0,0.0,,^VIX
1947,,2024-11-06,,,,,,,,,,,,,,,,,967.0,123.047484975286,125.19339535061049,122.28787106778432,124.35781860351562,1082300.0,0.0,0.0,0.0,VDE
1948,,2024-11-06,,,,,,,,,,,,,,,,,2387.0,16.059999465942383,16.81999969482422,15.4399995803833,16.270000457763672,0.0,0.0,0.0,,^VIX
1949,,2024-11-07,,,,,,,,,,,,,,,,,968.0,124.40528106769132,124.40528106769132,122.9430219497688,124.02546691894533,602500.0,0.0,0.0,0.0,VDE
1950,,2024-11-07,,,,,,,,,,,,,,,,,2388.0,15.859999656677246,15.859999656677246,15.130000114440918,15.199999809265137,0.0,0.0,0.0,,^VIX
1951,,2024-11-08,,,,,,,,,,,,,,,,,969.0,123.91154764358252,124.82308724253664,123.46527501023616,124.6426773071289,615500.0,0.0,0.0,0.0,VDE
1952,,2024-11-08,,,,,,,,,,,,,,,,,2389.0,15.130000114440918,15.329999923706056,14.65999984741211,14.9399995803833,0.0,0.0,0.0,,^VIX
1953,,2024-11-11,,,,,,,,,,,,,,,,,970.0,124.8230832045508,125.78208687048948,124.1679164028142,125.60167694091795,363500.0,0.0,0.0,0.0,VDE
1954,,2024-11-11,,,,,,,,,,,,,,,,,2390.0,15.329999923706056,15.5600004196167,14.890000343322754,14.970000267028809,0.0,0.0,0.0,,^VIX
1955,,2024-11-12,,,,,,,,,,,,,,,,,971.0,125.90551935295468,126.34228753081074,124.71862725682362,124.82307434082033,350800.0,0.0,0.0,0.0,VDE
1956,,2024-11-12,,,,,,,,,,,,,,,,,2391.0,15.09000015258789,15.369999885559082,14.6899995803833,14.710000038146973,0.0,0.0,0.0,,^VIX
1957,,2024-11-13,,,,,,,,,,,,,,,,,972.0,125.21235438185649,126.0669253189136,123.6741469789526,125.4687271118164,513700.0,0.0,0.0,0.0,VDE
1958,,2024-11-13,,,,,,,,,,,,,,,,,2392.0,15.09000015258789,15.260000228881836,13.770000457763672,14.020000457763672,0.0,0.0,0.0,,^VIX
1959,,2024-11-14,,,,,,,,,,,,,,,,,973.0,126.15238237653465,126.41824503578914,125.06044748948426,125.990966796875,298700.0,0.0,0.0,0.0,VDE
1960,,2024-11-14,,,,,,,,,,,,,,,,,2393.0,14.170000076293944,14.31999969482422,13.59000015258789,14.3100004196167,0.0,0.0,0.0,,^VIX
1961,,2024-11-15,,,,,,,,,,,,,,,,,974.0,125.82958213263292,126.9025229537994,125.06996813880484,125.3927993774414,286000.0,0.0,0.0,0.0,VDE
1962,,2024-11-15,,,,,,,,,,,,,,,,,2394.0,15.020000457763672,17.549999237060547,14.5600004196167,16.139999389648438,0.0,0.0,0.0,,^VIX
1963,,2024-11-18,,,,,,,,,,,,,,,,,975.0,126.36129509109756,127.47222447077873,126.01946955208562,127.16837310791016,258500.0,0.0,0.0,0.0,VDE
1964,,2024-11-18,,,,,,,,,,,,,,,,,2395.0,16.600000381469727,17.0,15.350000381469728,15.579999923706056,0.0,0.0,0.0,,^VIX
1965,,2024-11-19,,,,,,,,,,,,,,,,,976.0,126.32331518752146,127.13989767132578,125.81058408765894,126.57019805908205,215000.0,0.0,0.0,0.0,VDE
1966,,2024-11-19,,,,,,,,,,,,,,,,,2396.0,15.4399995803833,17.93000030517578,15.369999885559082,16.350000381469727,0.0,0.0,0.0,,^VIX
1967,,2024-11-20,,,,,,,,,,,,,,,,,977.0,126.95952281806018,127.92801666259766,126.69364556974156,127.92801666259766,216800.0,0.0,0.0,0.0,VDE
1968,,2024-11-20,,,,,,,,,,,,,,,,,2397.0,16.190000534057617,18.790000915527344,16.040000915527344,17.15999984741211,0.0,0.0,0.0,,^VIX
1969,,2024-11-21,,,,,,,,,,,,,,,,,978.0,128.55467487578792,129.9409714210556,128.25083798887167,129.2288360595703,370100.0,0.0,0.0,0.0,VDE
1970,,2024-11-21,,,,,,,,,,,,,,,,,2398.0,17.100000381469727,17.989999771118164,15.729999542236328,16.8700008392334,0.0,0.0,0.0,,^VIX
1971,,2024-11-22,,,,,,,,,,,,,,,,,979.0,129.38074522699108,130.425216202806,129.08639826701528,129.87449645996094,247400.0,0.0,0.0,0.0,VDE
1972,,2024-11-22,,,,,,,,,,,,,,,,,2399.0,16.670000076293945,17.559999465942383,15.239999771118164,15.239999771118164,0.0,0.0,0.0,,^VIX
1973,,2024-11-25,,,,,,,,,,,,,,,,,980.0,129.9029872470028,130.4727013512643,127.06395011363594,127.23485565185548,488700.0,0.0,0.0,0.0,VDE
1974,,2024-11-25,,,,,,,,,,,,,,,,,2400.0,15.229999542236328,15.720000267028809,14.539999961853027,14.600000381469728,0.0,0.0,0.0,,^VIX
1975,,2024-11-26,,,,,,,,,,,,,,,,,981.0,127.56716932401272,127.56716932401272,126.54169280601208,126.91200256347656,234500.0,0.0,0.0,0.0,VDE
1976,,2024-11-26,,,,,,,,,,,,,,,,,2401.0,14.949999809265137,15.029999732971191,13.880000114440918,14.100000381469728,0.0,0.0,0.0,,^VIX
1977,,2024-11-27,,,,,,,,,,,,,,,,,982.0,127.13041062753946,128.03244590034174,126.76010080024456,126.92151641845705,235600.0,0.0,0.0,0.0,VDE
1978,,2024-11-27,,,,,,,,,,,,,,,,,2402.0,14.279999732971191,15.130000114440918,13.960000038146973,14.100000381469728,0.0,0.0,0.0,,^VIX
1979,,2024-11-29,,,,,,,,,,,,,,,,,983.0,127.19687438376138,127.6716312813758,127.0734329540838,127.40575408935548,95400.0,0.0,0.0,0.0,VDE
1980,,2024-11-29,,,,,,,,,,,,,,,,,2403.0,14.0,14.149999618530272,13.489999771118164,13.510000228881836,0.0,0.0,0.0,,^VIX
1981,47.0,2024-12-01,182.528,180.993,2.8,428.151,324.621,171.718,246.083,58.817,146.189,432.642,229.038,279.076,253.423,31.7,322.007,315.605,,,,,,,,,,
1982,,2024-12-02,,,,,,,,,,,,,,,,,984.0,127.3772685134643,127.57667278330372,125.0794468914544,126.19037628173828,334300.0,0.0,0.0,0.0,VDE
1983,,2024-12-02,,,,,,,,,,,,,,,,,2404.0,14.079999923706056,14.100000381469728,13.300000190734863,13.34000015258789,0.0,0.0,0.0,,^VIX
1984,,2024-12-03,,,,,,,,,,,,,,,,,985.0,126.88354911629352,127.23486462859648,125.7156365690014,126.25686645507812,214200.0,0.0,0.0,0.0,VDE
1985,,2024-12-03,,,,,,,,,,,,,,,,,2405.0,13.380000114440918,13.770000457763672,13.1899995803833,13.300000190734863,0.0,0.0,0.0,,^VIX
1986,,2024-12-04,,,,,,,,,,,,,,,,,986.0,126.1903529635618,126.1903529635618,122.54422417867538,123.34181213378906,324900.0,0.0,0.0,0.0,VDE
1987,,2024-12-04,,,,,,,,,,,,,,,,,2406.0,13.15999984741211,13.609999656677246,12.890000343322754,13.449999809265137,0.0,0.0,0.0,,^VIX
1988,,2024-12-05,,,,,,,,,,,,,,,,,987.0,123.82609149310302,124.59519531169882,123.32285036517167,123.74063873291016,270200.0,0.0,0.0,0.0,VDE
1989,,2024-12-05,,,,,,,,,,,,,,,,,2407.0,13.460000038146973,13.699999809265137,13.260000228881836,13.539999961853027,0.0,0.0,0.0,,^VIX
1990,,2024-12-06,,,,,,,,,,,,,,,,,988.0,123.38931198890285,123.51275341577583,121.21493182214012,121.5187759399414,478500.0,0.0,0.0,0.0,VDE
1991,,2024-12-06,,,,,,,,,,,,,,,,,2408.0,13.619999885559082,13.739999771118164,12.699999809265137,12.770000457763672,0.0,0.0,0.0,,^VIX
1992,,2024-12-09,,,,,,,,,,,,,,,,,989.0,122.46828704130684,122.9715282010568,121.13897350393542,121.22442626953124,336000.0,0.0,0.0,0.0,VDE
1993,,2024-12-09,,,,,,,,,,,,,,,,,2409.0,13.359999656677246,14.229999542236328,13.350000381469728,14.1899995803833,0.0,0.0,0.0,,^VIX
1994,,2024-12-10,,,,,,,,,,,,,,,,,990.0,121.78463134504068,122.11696696106075,120.42683360369703,120.58824920654295,327000.0,0.0,0.0,0.0,VDE
1995,,2024-12-10,,,,,,,,,,,,,,,,,2410.0,14.300000190734863,14.539999961853027,13.859999656677246,14.18000030517578,0.0,0.0,0.0,,^VIX
1996,,2024-12-11,,,,,,,,,,,,,,,,,991.0,120.7686590636508,121.48079439315096,120.27490784510351,121.08199310302734,725600.0,0.0,0.0,0.0,VDE
1997,,2024-12-11,,,,,,,,,,,,,,,,,2411.0,14.420000076293944,14.43000030517578,13.520000457763672,13.579999923706056,0.0,0.0,0.0,,^VIX
1998,,2024-12-12,,,,,,,,,,,,,,,,,992.0,120.9965331818907,120.9965331818907,119.92358529017606,120.20843505859376,600400.0,0.0,0.0,0.0,VDE
1999,,2024-12-12,,,,,,,,,,,,,,,,,2412.0,13.729999542236328,13.949999809265137,13.390000343322754,13.920000076293944,0.0,0.0,0.0,,^VIX
2000,,2024-12-13,,,,,,,,,,,,,,,,,993.0,120.28439211613718,120.28439211613718,119.06901577649226,119.34437561035156,379900.0,0.0,0.0,0.0,VDE
2001,,2024-12-13,,,,,,,,,,,,,,,,,2413.0,13.56999969482422,14.25,13.239999771118164,13.8100004196167,0.0,0.0,0.0,,^VIX
2002,,2024-12-16,,,,,,,,,,,,,,,,,994.0,118.97407403128572,118.97407403128572,116.73322103454744,116.88513946533205,550300.0,0.0,0.0,0.0,VDE
2003,,2024-12-16,,,,,,,,,,,,,,,,,2414.0,14.369999885559082,14.6899995803833,13.989999771118164,14.6899995803833,0.0,0.0,0.0,,^VIX
2004,,2024-12-17,,,,,,,,,,,,,,,,,995.0,115.84068086942106,116.2014934969985,114.7772228305712,115.93563079833984,525100.0,0.0,0.0,0.0,VDE
2005,,2024-12-17,,,,,,,,,,,,,,,,,2415.0,14.979999542236328,15.9399995803833,14.779999732971191,15.869999885559082,0.0,0.0,0.0,,^VIX
2006,,2024-12-18,,,,,,,,,,,,,,,,,996.0,115.78823412187472,116.3241997907698,112.65855971475676,112.68727111816406,755900.0,0.966,0.0,0.0,VDE
2007,,2024-12-18,,,,,,,,,,,,,,,,,2416.0,15.56999969482422,28.31999969482422,14.81999969482422,27.6200008392334,0.0,0.0,0.0,,^VIX
2008,,2024-12-19,,,,,,,,,,,,,,,,,997.0,113.83578149158828,114.13247573758336,111.53877423018336,111.66319274902344,1747700.0,0.0,0.0,0.0,VDE
2009,,2024-12-19,,,,,,,,,,,,,,,,,2417.0,21.61000061035156,24.1200008392334,20.15999984741211,24.09000015258789,0.0,0.0,0.0,,^VIX
2010,,2024-12-20,,,,,,,,,,,,,,,,,998.0,111.46220255955548,113.00311115961352,111.27078833551712,112.68727111816406,679200.0,0.0,0.0,0.0,VDE
2011,,2024-12-20,,,,,,,,,,,,,,,,,2418.0,24.13999938964844,26.510000228881836,17.81999969482422,18.36000061035156,0.0,0.0,0.0,,^VIX
2012,,2024-12-23,,,,,,,,,,,,,,,,,999.0,112.37143010642158,113.59649857484617,111.73017716893156,113.3763656616211,487800.0,0.0,0.0,0.0,VDE
2013,,2024-12-23,,,,,,,,,,,,,,,,,2419.0,18.09000015258789,20.020000457763672,16.739999771118164,16.780000686645508,0.0,0.0,0.0,,^VIX
2014,,2024-12-24,,,,,,,,,,,,,,,,,1000.0,113.70179112121366,114.44831684512108,112.8404124774802,114.24732971191406,307200.0,0.0,0.0,0.0,VDE
2015,,2024-12-24,,,,,,,,,,,,,,,,,2420.0,16.969999313354492,17.040000915527344,14.270000457763672,14.270000457763672,0.0,0.0,0.0,,^VIX
2016,,2024-12-26,,,,,,,,,,,,,,,,,1001.0,114.25689532664612,114.3908867488012,113.414662487102,114.13247680664062,568300.0,0.0,0.0,0.0,VDE
2017,,2024-12-26,,,,,,,,,,,,,,,,,2421.0,14.989999771118164,15.93000030517578,14.550000190734863,14.729999542236328,0.0,0.0,0.0,,^VIX
2018,,2024-12-27,,,,,,,,,,,,,,,,,1002.0,114.055911838919,115.31926478960742,113.58694184638676,114.15161895751952,590400.0,0.0,0.0,0.0,VDE
2019,,2024-12-27,,,,,,,,,,,,,,,,,2422.0,15.380000114440918,18.450000762939453,15.289999961853027,15.949999809265137,0.0,0.0,0.0,,^VIX
2020,,2024-12-30,,,,,,,,,,,,,,,,,1003.0,114.29518687274364,115.16613847390283,113.37638536177528,114.51531982421876,669300.0,0.0,0.0,0.0,VDE
2021,,2024-12-30,,,,,,,,,,,,,,,,,2423.0,17.209999084472656,19.219999313354492,16.440000534057617,17.399999618530273,0.0,0.0,0.0,,^VIX
2022,,2024-12-31,,,,,,,,,,,,,,,,,1004.0,114.83116159032755,116.29550174821011,114.63974004231274,116.10408020019533,647000.0,0.0,0.0,0.0,VDE
2023,,2024-12-31,,,,,,,,,,,,,,,,,2424.0,17.389999389648438,17.809999465942383,16.68000030517578,17.350000381469727,0.0,0.0,0.0,,^VIX
2024,48.0,2025-01-01,188.648,182.103,3.3,429.506,326.249,181.652,248.662,58.261,147.604,433.246,221.905,280.272,257.36,31.5,323.842,317.671,,,,,,,,,,
2025,,2025-01-02,,,,,,,,,,,,,,,,,1005.0,116.87932112331669,118.28623112285467,116.67833398052554,117.51099395751952,897400.0,0.0,0.0,0.0,VDE
2026,,2025-01-02,,,,,,,,,,,,,,,,,2425.0,17.209999084472656,19.5,16.959999084472656,17.93000030517578,0.0,0.0,0.0,,^VIX
2027,,2025-01-03,,,,,,,,,,,,,,,,,1006.0,118.29579724040646,118.86048162994238,117.68326294456108,118.51593017578124,514900.0,0.0,0.0,0.0,VDE
2028,,2025-01-03,,,,,,,,,,,,,,,,,2426.0,17.65999984741211,17.940000534057617,16.110000610351562,16.1299991607666,0.0,0.0,0.0,,^VIX
2029,,2025-01-06,,,,,,,,,,,,,,,,,1007.0,119.23375457802643,120.08556038345452,117.83641014100972,118.1043930053711,497600.0,0.0,0.0,0.0,VDE
2030,,2025-01-06,,,,,,,,,,,,,,,,,2427.0,16.770000457763672,16.8700008392334,15.710000038146973,16.040000915527344,0.0,0.0,0.0,,^VIX
2031,,2025-01-07,,,,,,,,,,,,,,,,,1008.0,118.84134269872108,120.01856145218387,118.19052405899882,119.20503997802734,644400.0,0.0,0.0,0.0,VDE
2032,,2025-01-07,,,,,,,,,,,,,,,,,2428.0,16.479999542236328,18.899999618530273,15.789999961853027,17.81999969482422,0.0,0.0,0.0,,^VIX
2033,,2025-01-08,,,,,,,,,,,,,,,,,1009.0,118.42022990971388,119.300747098166,118.15223975054631,119.20503997802734,382700.0,0.0,0.0,0.0,VDE
2034,,2025-01-08,,,,,,,,,,,,,,,,,2429.0,17.90999984741211,19.5,17.3700008392334,17.700000762939453,0.0,0.0,0.0,,^VIX
2035,,2025-01-10,,,,,,,,,,,,,,,,,1010.0,120.77465736649158,122.124144524306,119.15718005560755,119.65486145019533,594700.0,0.0,0.0,0.0,VDE
2036,,2025-01-10,,,,,,,,,,,,,,,,,2430.0,18.290000915527344,20.309999465942383,18.049999237060547,19.540000915527344,0.0,0.0,0.0,,^VIX
2037,,2025-01-13,,,,,,,,,,,,,,,,,1011.0,120.27696407400296,122.7462470537596,120.27696407400296,122.21028137207033,660900.0,0.0,0.0,0.0,VDE
2038,,2025-01-13,,,,,,,,,,,,,,,,,2431.0,21.18000030517578,22.040000915527344,19.149999618530273,19.190000534057617,0.0,0.0,0.0,,^VIX
2039,,2025-01-14,,,,,,,,,,,,,,,,,1012.0,121.86573403020148,123.61720275878906,121.77002691266892,123.61720275878906,470400.0,0.0,0.0,0.0,VDE
2040,,2025-01-14,,,,,,,,,,,,,,,,,2432.0,18.790000915527344,19.65999984741211,18.239999771118164,18.709999084472656,0.0,0.0,0.0,,^VIX
2041,,2025-01-15,,,,,,,,,,,,,,,,,1013.0,124.37329024469236,125.7132190565676,123.96175038225331,125.36866760253906,468500.0,0.0,0.0,0.0,VDE
2042,,2025-01-15,,,,,,,,,,,,,,,,,2433.0,19.079999923706055,19.13999938964844,15.960000038146973,16.1200008392334,0.0,0.0,0.0,,^VIX
2043,,2025-01-16,,,,,,,,,,,,,,,,,1014.0,124.83269018432904,126.41189046990723,124.83269018432904,126.19176483154295,421700.0,0.0,0.0,0.0,VDE
2044,,2025-01-16,,,,,,,,,,,,,,,,,2434.0,15.869999885559082,16.600000381469727,15.640000343322754,16.600000381469727,0.0,0.0,0.0,,^VIX
2045,,2025-01-17,,,,,,,,,,,,,,,,,1015.0,126.29704145073752,127.46467262504684,125.9333441940367,127.0626983642578,442400.0,0.0,0.0,0.0,VDE
2046,,2025-01-17,,,,,,,,,,,,,,,,,2435.0,16.190000534057617,16.229999542236328,15.529999732971191,15.970000267028809,0.0,0.0,0.0,,^VIX
2047,,2025-01-21,,,,,,,,,,,,,,,,,1016.0,126.83300987757453,127.04356991454182,125.81850130162464,126.26831817626952,1354700.0,0.0,0.0,0.0,VDE
2048,,2025-01-21,,,,,,,,,,,,,,,,,2436.0,16.290000915527344,16.290000915527344,14.93000030517578,15.0600004196167,0.0,0.0,0.0,,^VIX
2049,,2025-01-22,,,,,,,,,,,,,,,,,1017.0,126.03863564387784,126.0577814496435,124.00003814697266,124.00003814697266,571400.0,0.0,0.0,0.0,VDE
2050,,2025-01-22,,,,,,,,,,,,,,,,,2437.0,14.890000343322754,15.289999961853027,14.59000015258789,15.100000381469728,0.0,0.0,0.0,,^VIX
2051,,2025-01-23,,,,,,,,,,,,,,,,,1018.0,124.94755762755705,125.40695473537548,123.79905755602552,124.45943450927734,611500.0,0.0,0.0,0.0,VDE
2052,,2025-01-23,,,,,,,,,,,,,,,,,2438.0,15.279999732971191,15.390000343322754,14.59000015258789,15.020000457763672,0.0,0.0,0.0,,^VIX
2053,,2025-01-24,,,,,,,,,,,,,,,,,1019.0,124.7561412400722,125.16768112868073,123.14822948437,123.330078125,513000.0,0.0,0.0,0.0,VDE
2054,,2025-01-24,,,,,,,,,,,,,,,,,2439.0,15.020000457763672,15.15999984741211,14.579999923706056,14.850000381469728,0.0,0.0,0.0,,^VIX
2055,,2025-01-27,,,,,,,,,,,,,,,,,1020.0,122.77494947498654,123.02378649357333,120.90863532566452,121.66473388671876,551300.0,0.0,0.0,0.0,VDE
2056,,2025-01-27,,,,,,,,,,,,,,,,,2440.0,18.829999923706055,22.510000228881836,17.56999969482422,17.899999618530273,0.0,0.0,0.0,,^VIX
2057,,2025-01-28,,,,,,,,,,,,,,,,,1021.0,122.12414539494608,122.41127405286085,119.9994137719352,120.62152099609376,260200.0,0.0,0.0,0.0,VDE
2058,,2025-01-28,,,,,,,,,,,,,,,,,2441.0,18.290000915527344,18.38999938964844,16.25,16.40999984741211,0.0,0.0,0.0,,^VIX
2059,,2025-01-29,,,,,,,,,,,,,,,,,1022.0,120.32482835419236,121.5498970140478,120.200402526498,120.8607940673828,240600.0,0.0,0.0,0.0,VDE
2060,,2025-01-29,,,,,,,,,,,,,,,,,2442.0,16.420000076293945,18.079999923706055,16.170000076293945,16.559999465942383,0.0,0.0,0.0,,^VIX
2061,,2025-01-30,,,,,,,,,,,,,,,,,1023.0,121.80830455219343,122.21028613109884,120.81294176229112,121.38719177246094,258900.0,0.0,0.0,0.0,VDE
2062,,2025-01-30,,,,,,,,,,,,,,,,,2443.0,15.93000030517578,16.420000076293945,15.31999969482422,15.84000015258789,0.0,0.0,0.0,,^VIX
2063,,2025-01-31,,,,,,,,,,,,,,,,,1024.0,121.4350451850592,121.4350451850592,117.97039921925456,118.32451629638672,428800.0,0.0,0.0,0.0,VDE
2064,,2025-01-31,,,,,,,,,,,,,,,,,2444.0,15.449999809265137,17.09000015258789,14.899999618530272,16.43000030517578,0.0,0.0,0.0,,^VIX
2065,49.0,2025-02-01,187.867,182.478,4.3,430.603,329.203,179.387,250.31,58.059,148.169,433.246,219.741,281.178,259.498,31.3,325.252,319.082,,,,,,,,,,
2066,,2025-02-03,,,,,,,,,,,,,,,,,1025.0,118.10438628733904,119.3103164103547,117.08030479850412,118.7647705078125,499100.0,0.0,0.0,0.0,VDE
2067,,2025-02-03,,,,,,,,,,,,,,,,,2445.0,20.36000061035156,20.420000076293945,17.65999984741211,18.6200008392334,0.0,0.0,0.0,,^VIX
2068,,2025-02-04,,,,,,,,,,,,,,,,,1026.0,118.12351832556205,121.47331836018472,118.12351832556205,121.31061553955078,385300.0,0.0,0.0,0.0,VDE
2069,,2025-02-04,,,,,,,,,,,,,,,,,2446.0,18.780000686645508,19.11000061035156,16.780000686645508,17.209999084472656,0.0,0.0,0.0,,^VIX
2070,,2025-02-05,,,,,,,,,,,,,,,,,1027.0,121.32975965744735,121.74130682997354,120.67894104280096,121.49246978759766,555100.0,0.0,0.0,0.0,VDE
2071,,2025-02-05,,,,,,,,,,,,,,,,,2447.0,17.540000915527344,17.75,15.770000457763672,15.770000457763672,0.0,0.0,0.0,,^VIX
2072,,2025-02-06,,,,,,,,,,,,,,,,,1028.0,122.1911488011324,122.35385164326786,118.5350811436952,119.19547271728516,371200.0,0.0,0.0,0.0,VDE
2073,,2025-02-06,,,,,,,,,,,,,,,,,2448.0,15.880000114440918,16.149999618530273,14.989999771118164,15.5,0.0,0.0,0.0,,^VIX
2074,,2025-02-07,,,,,,,,,,,,,,,,,1029.0,119.6357236869408,120.17168939242306,119.06147367364048,119.118896484375,190300.0,0.0,0.0,0.0,VDE
2075,,2025-02-07,,,,,,,,,,,,,,,,,2449.0,15.380000114440918,16.65999984741211,14.789999961853027,16.540000915527344,0.0,0.0,0.0,,^VIX
2076,,2025-02-10,,,,,,,,,,,,,,,,,1030.0,120.2961122073454,122.07629231540842,120.2674008026968,121.83702087402344,376300.0,0.0,0.0,0.0,VDE
2077,,2025-02-10,,,,,,,,,,,,,,,,,2450.0,16.579999923706055,16.610000610351562,15.699999809265137,15.8100004196167,0.0,0.0,0.0,,^VIX
2078,,2025-02-11,,,,,,,,,,,,,,,,,1031.0,122.52612436409603,123.59805575322204,121.70303001774003,122.6505355834961,358800.0,0.0,0.0,0.0,VDE
2079,,2025-02-11,,,,,,,,,,,,,,,,,2451.0,16.1299991607666,16.420000076293945,15.75,16.020000457763672,0.0,0.0,0.0,,^VIX
2080,,2025-02-12,,,,,,,,,,,,,,,,,1032.0,121.92316550216393,122.439992735939,119.42517085657715,119.61659240722656,292000.0,0.0,0.0,0.0,VDE
2081,,2025-02-12,,,,,,,,,,,,,,,,,2452.0,15.90999984741211,17.18000030517578,15.640000343322754,15.890000343322754,0.0,0.0,0.0,,^VIX
2082,,2025-02-13,,,,,,,,,,,,,,,,,1033.0,119.4443099241342,120.7172284797092,118.71692267667342,120.3918228149414,585200.0,0.0,0.0,0.0,VDE
2083,,2025-02-13,,,,,,,,,,,,,,,,,2453.0,15.970000267028809,16.329999923706055,14.979999542236328,15.100000381469728,0.0,0.0,0.0,,^VIX
2084,,2025-02-14,,,,,,,,,,,,,,,,,1034.0,121.06178685309528,122.59312274929744,120.83208829416134,120.88951110839844,229400.0,0.0,0.0,0.0,VDE
2085,,2025-02-14,,,,,,,,,,,,,,,,,2454.0,15.079999923706056,15.420000076293944,14.739999771118164,14.770000457763672,0.0,0.0,0.0,,^VIX
2086,,2025-02-18,,,,,,,,,,,,,,,,,1035.0,121.37762333348876,123.25351066341764,120.74595048966891,122.4112777709961,260600.0,0.0,0.0,0.0,VDE
2087,,2025-02-18,,,,,,,,,,,,,,,,,2455.0,15.56999969482422,16.030000686645508,15.350000381469728,15.350000381469728,0.0,0.0,0.0,,^VIX
2088,,2025-02-19,,,,,,,,,,,,,,,,,1036.0,122.80367604807375,124.42115337863122,122.80367604807375,123.20565032958984,184600.0,0.0,0.0,0.0,VDE
2089,,2025-02-19,,,,,,,,,,,,,,,,,2456.0,15.140000343322754,15.960000038146973,15.050000190734863,15.270000457763672,0.0,0.0,0.0,,^VIX
2090,,2025-02-20,,,,,,,,,,,,,,,,,1037.0,123.2056570694279,124.46901739813516,122.55484570298192,124.27760314941406,627600.0,0.0,0.0,0.0,VDE
2091,,2025-02-20,,,,,,,,,,,,,,,,,2457.0,15.609999656677246,16.6299991607666,15.119999885559082,15.65999984741211,0.0,0.0,0.0,,^VIX
2092,,2025-02-21,,,,,,,,,,,,,,,,,1038.0,123.6172050670684,123.7990537051654,121.37762050466488,121.54989624023438,244300.0,0.0,0.0,0.0,VDE
2093,,2025-02-21,,,,,,,,,,,,,,,,,2458.0,15.630000114440918,19.030000686645508,15.279999732971191,18.209999084472656,0.0,0.0,0.0,,^VIX
2094,,2025-02-24,,,,,,,,,,,,,,,,,1039.0,121.76045463243896,122.11457169931728,120.76508454064748,121.46376037597656,246000.0,0.0,0.0,0.0,VDE
2095,,2025-02-24,,,,,,,,,,,,,,,,,2459.0,18.079999923706055,20.239999771118164,17.309999465942383,18.979999542236328,0.0,0.0,0.0,,^VIX
2096,,2025-02-25,,,,,,,,,,,,,,,,,1040.0,121.32975989848812,121.90401720230544,118.6307783180895,119.5687255859375,262700.0,0.0,0.0,0.0,VDE
2097,,2025-02-25,,,,,,,,,,,,,,,,,2460.0,19.09000015258789,21.479999542236328,18.850000381469727,19.43000030517578,0.0,0.0,0.0,,^VIX
2098,,2025-02-26,,,,,,,,,,,,,,,,,1041.0,119.8558566313982,120.10469367923778,118.42022794715491,119.118896484375,283500.0,0.0,0.0,0.0,VDE
2099,,2025-02-26,,,,,,,,,,,,,,,,,2461.0,18.959999084472656,20.059999465942383,17.829999923706055,19.100000381469727,0.0,0.0,0.0,,^VIX
2100,,2025-02-27,,,,,,,,,,,,,,,,,1042.0,119.54959708517212,120.7842314065106,119.03276984968863,119.3103256225586,208800.0,0.0,0.0,0.0,VDE
2101,,2025-02-27,,,,,,,,,,,,,,,,,2462.0,18.25,21.469999313354492,17.670000076293945,21.1299991607666,0.0,0.0,0.0,,^VIX
2102,,2025-02-28,,,,,,,,,,,,,,,,,1043.0,118.93704169599734,121.21491043044976,118.20008888907635,121.16705322265624,383500.0,0.0,0.0,0.0,VDE
2103,,2025-02-28,,,,,,,,,,,,,,,,,2463.0,21.209999084472656,22.399999618530273,19.049999237060547,19.6299991607666,0.0,0.0,0.0,,^VIX
2104,50.0,2025-03-01,181.628,183.009,5.0,431.798,334.983,165.826,249.728,58.414,148.319,437.231,216.731,281.809,258.525,31.3,325.933,319.799,,,,,,,,,,
2105,,2025-03-03,,,,,,,,,,,,,,,,,1044.0,121.54032551086698,122.21985556276758,115.64468069193424,116.59219360351562,501700.0,0.0,0.0,0.0,VDE
2106,,2025-03-03,,,,,,,,,,,,,,,,,2464.0,19.829999923706055,24.309999465942383,19.25,22.780000686645508,0.0,0.0,0.0,,^VIX
2107,,2025-03-04,,,,,,,,,,,,,,,,,1045.0,114.9077272748412,117.44400629204672,113.44338706130353,115.66382598876952,536600.0,0.0,0.0,0.0,VDE
2108,,2025-03-04,,,,,,,,,,,,,,,,,2465.0,22.959999084472656,26.350000381469727,21.709999084472656,23.510000228881836,0.0,0.0,0.0,,^VIX
2109,,2025-03-05,,,,,,,,,,,,,,,,,1046.0,114.24733173290174,114.4961687772828,111.76847577552904,114.0271987915039,488500.0,0.0,0.0,0.0,VDE
2110,,2025-03-05,,,,,,,,,,,,,,,,,2466.0,23.030000686645508,24.84000015258789,21.3700008392334,21.93000030517578,0.0,0.0,0.0,,^VIX
2111,,2025-03-06,,,,,,,,,,,,,,,,,1047.0,113.4433758618975,114.86943162359344,112.55328579813076,114.18033599853516,395500.0,0.0,0.0,0.0,VDE
2112,,2025-03-06,,,,,,,,,,,,,,,,,2467.0,22.600000381469727,25.920000076293945,22.38999938964844,24.8700008392334,0.0,0.0,0.0,,^VIX
2113,,2025-03-07,,,,,,,,,,,,,,,,,1048.0,114.66843834950954,116.8505926336952,114.66843834950954,116.03707122802734,358500.0,0.0,0.0,0.0,VDE
2114,,2025-03-07,,,,,,,,,,,,,,,,,2468.0,24.850000381469727,26.559999465942383,23.09000015258789,23.3700008392334,0.0,0.0,0.0,,^VIX
2115,,2025-03-10,,,,,,,,,,,,,,,,,1049.0,116.3337740502274,118.1618040076768,115.56810254116904,116.58261108398438,639900.0,0.0,0.0,0.0,VDE
2116,,2025-03-10,,,,,,,,,,,,,,,,,2469.0,24.700000762939453,29.559999465942383,24.68000030517578,27.86000061035156,0.0,0.0,0.0,,^VIX
2117,,2025-03-11,,,,,,,,,,,,,,,,,1050.0,116.8506083552151,117.70242148270314,115.27142253844268,115.9222412109375,891700.0,0.0,0.0,0.0,VDE
2118,,2025-03-11,,,,,,,,,,,,,,,,,2470.0,27.940000534057617,29.56999969482422,26.18000030517578,26.920000076293945,0.0,0.0,0.0,,^VIX
2119,,2025-03-12,,,,,,,,,,,,,,,,,1051.0,116.18065237805236,117.5397125516516,115.6542522323696,116.50606536865234,431400.0,0.0,0.0,0.0,VDE
2120,,2025-03-12,,,,,,,,,,,,,,,,,2471.0,26.8799991607666,26.90999984741211,23.88999938964844,24.229999542236328,0.0,0.0,0.0,,^VIX
2121,,2025-03-13,,,,,,,,,,,,,,,,,1052.0,116.02750998028388,117.6928371593138,114.93642549528096,115.6733856201172,310200.0,0.0,0.0,0.0,VDE
2122,,2025-03-13,,,,,,,,,,,,,,,,,2472.0,24.920000076293945,26.1299991607666,23.459999084472656,24.65999984741211,0.0,0.0,0.0,,^VIX
2123,,2025-03-14,,,,,,,,,,,,,,,,,1053.0,116.22850062480587,119.21460361506551,115.8839491563936,119.04232788085938,324200.0,0.0,0.0,0.0,VDE
2124,,2025-03-14,,,,,,,,,,,,,,,,,2473.0,24.350000381469727,24.36000061035156,21.479999542236328,21.770000457763672,0.0,0.0,0.0,,^VIX
2125,,2025-03-17,,,,,,,,,,,,,,,,,1054.0,119.11890175387038,121.54990064296798,119.08061744435877,121.07135772705078,307900.0,0.0,0.0,0.0,VDE
2126,,2025-03-17,,,,,,,,,,,,,,,,,2474.0,22.88999938964844,22.950000762939453,20.31999969482422,20.510000228881836,0.0,0.0,0.0,,^VIX
2127,,2025-03-18,,,,,,,,,,,,,,,,,1055.0,121.75088174177198,121.99015318784149,120.4109601833857,121.38719177246094,214300.0,0.0,0.0,0.0,VDE
2128,,2025-03-18,,,,,,,,,,,,,,,,,2475.0,20.829999923706055,22.56999969482422,20.40999984741211,21.700000762939453,0.0,0.0,0.0,,^VIX
2129,,2025-03-19,,,,,,,,,,,,,,,,,1056.0,121.54989759054746,123.95217771069504,121.54989759054746,123.4449234008789,157300.0,0.0,0.0,0.0,VDE
2130,,2025-03-19,,,,,,,,,,,,,,,,,2476.0,21.84000015258789,22.100000381469727,19.420000076293945,19.899999618530273,0.0,0.0,0.0,,^VIX
2131,,2025-03-20,,,,,,,,,,,,,,,,,1057.0,122.69839527782663,124.22973838242405,122.24857109048514,123.81818389892578,195900.0,0.0,0.0,0.0,VDE
2132,,2025-03-20,,,,,,,,,,,,,,,,,2477.0,19.520000457763672,21.170000076293945,19.299999237060547,19.799999237060547,0.0,0.0,0.0,,^VIX
2133,,2025-03-21,,,,,,,,,,,,,,,,,1058.0,123.4736298980176,123.6937701399184,122.26770708556175,122.88024139404295,187400.0,0.0,0.0,0.0,VDE
2134,,2025-03-21,,,,,,,,,,,,,,,,,2478.0,20.020000457763672,21.13999938964844,19.149999618530273,19.280000686645508,0.0,0.0,0.0,,^VIX
2135,,2025-03-24,,,,,,,,,,,,,,,,,1059.0,123.46407563466668,125.06240726443735,123.46407563466668,124.40201568603516,218200.0,0.0,0.0,0.0,VDE
2136,,2025-03-24,,,,,,,,,,,,,,,,,2479.0,19.1299991607666,19.13999938964844,17.459999084472656,17.479999542236328,0.0,0.0,0.0,,^VIX
2137,,2025-03-25,,,,,,,,,,,,,,,,,1060.0,125.03737268093474,125.86652076327007,124.53602356544872,124.8156280517578,181700.0,0.949,0.0,0.0,VDE
2138,,2025-03-25,,,,,,,,,,,,,,,,,2480.0,17.579999923706055,17.770000457763672,17.020000457763672,17.149999618530273,0.0,0.0,0.0,,^VIX
2139,,2025-03-26,,,,,,,,,,,,,,,,,1061.0,125.9918448154684,126.9656204566138,125.31696027447336,125.57727813720705,262000.0,0.0,0.0,0.0,VDE
2140,,2025-03-26,,,,,,,,,,,,,,,,,2481.0,17.229999542236328,19.06999969482422,16.969999313354492,18.329999923706055,0.0,0.0,0.0,,^VIX
2141,,2025-03-27,,,,,,,,,,,,,,,,,1062.0,125.28804001046872,125.6929707425264,123.8900617116406,124.39141082763672,281100.0,0.0,0.0,0.0,VDE
2142,,2025-03-27,,,,,,,,,,,,,,,,,2482.0,18.36000061035156,19.280000686645508,17.950000762939453,18.690000534057617,0.0,0.0,0.0,,^VIX
2143,,2025-03-28,,,,,,,,,,,,,,,,,1063.0,124.34319843051834,124.6806480542247,123.03198788420546,123.79364013671876,160700.0,0.0,0.0,0.0,VDE
2144,,2025-03-28,,,,,,,,,,,,,,,,,2483.0,19.079999923706055,22.18000030517578,18.920000076293945,21.649999618530273,0.0,0.0,0.0,,^VIX
2145,,2025-03-31,,,,,,,,,,,,,,,,,1064.0,123.37907314590106,125.63512203688944,123.21517366695365,125.05665588378906,318900.0,0.0,0.0,0.0,VDE
2146,,2025-03-31,,,,,,,,,,,,,,,,,2484.0,24.11000061035156,24.799999237060547,21.670000076293945,22.280000686645508,0.0,0.0,0.0,,^VIX
2147,51.0,2025-04-01,185.71,184.389,6.5,432.956,337.18,175.089,250.465,58.312,148.009,438.942,220.088,282.518,258.392,31.2,326.815,320.795,1065.0,124.7288604862598,125.78940398937388,123.66833169452735,125.67371368408205,259900.0,0.0,0.0,0.0,VDE
2148,51.0,2025-04-01,185.71,184.389,6.5,432.956,337.18,175.089,250.465,58.312,148.009,438.942,220.088,282.518,258.392,31.2,326.815,320.795,2485.0,22.059999465942383,23.520000457763672,21.579999923706055,21.770000457763672,0.0,0.0,0.0,,^VIX
2149,,2025-04-02,,,,,,,,,,,,,,,,,1066.0,124.59386408033274,126.09789665950942,124.37211945939757,125.87615203857422,227800.0,0.0,0.0,0.0,VDE
2150,,2025-04-02,,,,,,,,,,,,,,,,,2486.0,22.299999237060547,23.65999984741211,20.68000030517578,21.510000228881836,0.0,0.0,0.0,,^VIX
2151,,2025-04-03,,,,,,,,,,,,,,,,,1067.0,119.79252813422455,120.78557568148524,115.97459411621094,115.97459411621094,642600.0,0.0,0.0,0.0,VDE
2152,,2025-04-03,,,,,,,,,,,,,,,,,2487.0,26.3799991607666,30.020000457763672,24.93000030517578,30.020000457763672,0.0,0.0,0.0,,^VIX
2153,,2025-04-04,,,,,,,,,,,,,,,,,1068.0,111.88671322441654,112.8508382591614,105.0317836389254,105.45599365234376,1846600.0,0.0,0.0,0.0,VDE
2154,,2025-04-04,,,,,,,,,,,,,,,,,2488.0,30.1200008392334,45.61000061035156,29.989999771118164,45.310001373291016,0.0,0.0,0.0,,^VIX
2155,,2025-04-07,,,,,,,,,,,,,,,,,1069.0,101.54164171716263,108.80150157657748,100.06653168748902,104.62683868408205,3087700.0,0.0,0.0,0.0,VDE
2156,,2025-04-07,,,,,,,,,,,,,,,,,2489.0,60.130001068115234,60.130001068115234,38.58000183105469,46.97999954223633,0.0,0.0,0.0,,^VIX
2157,,2025-04-08,,,,,,,,,,,,,,,,,1070.0,107.76023813758614,108.35799823085158,100.39432440110576,102.07190704345705,1359800.0,0.0,0.0,0.0,VDE
2158,,2025-04-08,,,,,,,,,,,,,,,,,2490.0,44.040000915527344,57.52000045776367,36.47999954223633,52.33000183105469,0.0,0.0,0.0,,^VIX
2159,,2025-04-09,,,,,,,,,,,,,,,,,1071.0,99.91226514277166,111.2310972637666,99.37235752879478,110.10306549072266,1277800.0,0.0,0.0,0.0,VDE
2160,,2025-04-09,,,,,,,,,,,,,,,,,2491.0,50.97999954223633,57.959999084472656,31.899999618530273,33.619998931884766,0.0,0.0,0.0,,^VIX
2161,,2025-04-10,,,,,,,,,,,,,,,,,1072.0,107.25890315888108,107.25890315888108,100.8667572411462,102.88177490234376,1020500.0,0.0,0.0,0.0,VDE
2162,,2025-04-10,,,,,,,,,,,,,,,,,2492.0,34.439998626708984,54.869998931884766,34.439998626708984,40.720001220703125,0.0,0.0,0.0,,^VIX
2163,,2025-04-11,,,,,,,,,,,,,,,,,1073.0,103.32527350400866,106.37191200582524,101.43558940462584,105.6102523803711,971100.0,0.0,0.0,0.0,VDE
2164,,2025-04-11,,,,,,,,,,,,,,,,,2493.0,40.79999923706055,46.119998931884766,36.849998474121094,37.560001373291016,0.0,0.0,0.0,,^VIX
2165,,2025-04-14,,,,,,,,,,,,,,,,,1074.0,107.95307602475955,107.9819985974735,104.89680157982166,106.02482604980467,1069300.0,0.0,0.0,0.0,VDE
2166,,2025-04-14,,,,,,,,,,,,,,,,,2494.0,34.7599983215332,35.16999816894531,29.75,30.88999938964844,0.0,0.0,0.0,,^VIX
2167,,2025-04-15,,,,,,,,,,,,,,,,,1075.0,105.90913345055716,107.7216932210372,105.77415653433292,105.88021087646484,415100.0,0.0,0.0,0.0,VDE
2168,,2025-04-15,,,,,,,,,,,,,,,,,2495.0,30.010000228881836,31.450000762939453,28.290000915527344,30.1200008392334,0.0,0.0,0.0,,^VIX
2169,,2025-04-16,,,,,,,,,,,,,,,,,1076.0,106.4201044279105,108.56046289516894,106.29477083823556,106.81539916992188,436200.0,0.0,0.0,0.0,VDE
2170,,2025-04-16,,,,,,,,,,,,,,,,,2496.0,33.2400016784668,34.959999084472656,29.479999542236328,32.63999938964844,0.0,0.0,0.0,,^VIX
2171,,2025-04-17,,,,,,,,,,,,,,,,,1077.0,107.72168538986124,110.9707818086569,107.72168538986124,109.3606948852539,523200.0,0.0,0.0,0.0,VDE
2172,,2025-04-17,,,,,,,,,,,,,,,,,2497.0,30.790000915527344,32.54999923706055,29.56999969482422,29.649999618530273,0.0,0.0,0.0,,^VIX
2173,,2025-04-21,,,,,,,,,,,,,,,,,1078.0,107.9434388666714,107.9434388666714,105.29209500001616,106.38155364990234,329500.0,0.0,0.0,0.0,VDE
2174,,2025-04-21,,,,,,,,,,,,,,,,,2498.0,32.75,35.75,31.790000915527344,33.81999969482422,0.0,0.0,0.0,,^VIX
2175,,2025-04-22,,,,,,,,,,,,,,,,,1079.0,107.91451011203247,109.87168265914733,107.32639328138252,109.0811004638672,356400.0,0.0,0.0,0.0,VDE
2176,,2025-04-22,,,,,,,,,,,,,,,,,2499.0,32.61000061035156,32.68000030517578,30.079999923706055,30.56999969482422,0.0,0.0,0.0,,^VIX
2177,,2025-04-23,,,,,,,,,,,,,,,,,1080.0,110.3248335571162,111.17326098222443,108.18447469565083,108.82080078125,387100.0,0.0,0.0,0.0,VDE
2178,,2025-04-23,,,,,,,,,,,,,,,,,2500.0,28.75,30.290000915527344,27.11000061035156,28.450000762939453,0.0,0.0,0.0,,^VIX
2179,,2025-04-24,,,,,,,,,,,,,,,,,1081.0,109.688499182244,110.95150794757072,108.97504873423526,110.53693389892578,204700.0,0.0,0.0,0.0,VDE
2180,,2025-04-24,,,,,,,,,,,,,,,,,2501.0,28.690000534057617,29.65999984741211,26.36000061035156,26.469999313354492,0.0,0.0,0.0,,^VIX
2181,,2025-04-25,,,,,,,,,,,,,,,,,1082.0,109.68850626809268,110.61407281075329,109.35106396383648,110.51765441894533,220400.0,0.0,0.0,0.0,VDE
2182,,2025-04-25,,,,,,,,,,,,,,,,,2502.0,26.219999313354492,27.200000762939453,24.84000015258789,24.84000015258789,0.0,0.0,0.0,,^VIX
2183,,2025-04-28,,,,,,,,,,,,,,,,,1083.0,110.34410257401936,111.64567719991688,110.34410257401936,111.29859161376952,192400.0,0.0,0.0,0.0,VDE
2184,,2025-04-28,,,,,,,,,,,,,,,,,2503.0,25.75,26.93000030517578,24.700000762939453,25.149999618530273,0.0,0.0,0.0,,^VIX
2185,,2025-04-29,,,,,,,,,,,,,,,,,1084.0,110.47908696965376,111.4432120285628,109.97774517552487,110.86473846435548,268100.0,0.0,0.0,0.0,VDE
2186,,2025-04-29,,,,,,,,,,,,,,,,,2504.0,24.760000228881836,25.989999771118164,23.760000228881836,24.170000076293945,0.0,0.0,0.0,,^VIX
2187,,2025-04-30,,,,,,,,,,,,,,,,,1085.0,109.30286248218972,109.30286248218972,106.69972036433695,107.90487670898438,510900.0,0.0,0.0,0.0,VDE
2188,,2025-04-30,,,,,,,,,,,,,,,,,2505.0,24.350000381469727,28.170000076293945,24.229999542236328,24.700000762939453,0.0,0.0,0.0,,^VIX
2189,52.0,2025-05-01,187.171,185.22,6.6,433.698,344.056,178.512,251.354,58.318,148.427,438.942,222.199,283.003,258.678,31.1,327.509,321.465,1086.0,107.26855512343688,109.98738747023064,107.26855512343688,108.6086883544922,456900.0,0.0,0.0,0.0,VDE
2190,52.0,2025-05-01,187.171,185.22,6.6,433.698,344.056,178.512,251.354,58.318,148.427,438.942,222.199,283.003,258.678,31.1,327.509,321.465,2506.0,23.940000534057617,25.18000030517578,23.299999237060547,24.600000381469727,0.0,0.0,0.0,,^VIX
2191,,2025-05-02,,,,,,,,,,,,,,,,,1087.0,109.9295338439871,110.72011608270113,108.0687722222262,110.29590606689452,467700.0,0.0,0.0,0.0,VDE
2192,,2025-05-02,,,,,,,,,,,,,,,,,2507.0,23.6299991607666,24.31999969482422,22.34000015258789,22.68000030517578,0.0,0.0,0.0,,^VIX
2193,,2025-05-05,,,,,,,,,,,,,,,,,1088.0,108.84006924864732,108.9654028489719,107.7409673513704,108.21338653564452,371400.0,0.0,0.0,0.0,VDE
2194,,2025-05-05,,,,,,,,,,,,,,,,,2508.0,24.25,24.6299991607666,22.809999465942383,23.63999938964844,0.0,0.0,0.0,,^VIX
2195,,2025-05-06,,,,,,,,,,,,,,,,,1089.0,108.74365293871185,109.38961488358254,107.77952799806084,108.3387222290039,339000.0,0.0,0.0,0.0,VDE
2196,,2025-05-06,,,,,,,,,,,,,,,,,2509.0,23.969999313354492,25.11000061035156,23.899999618530273,24.760000228881836,0.0,0.0,0.0,,^VIX
2197,,2025-05-07,,,,,,,,,,,,,,,,,1090.0,108.8207800830966,109.06181130803468,107.67346909857076,108.52189636230467,249200.0,0.0,0.0,0.0,VDE
2198,,2025-05-07,,,,,,,,,,,,,,,,,2510.0,24.559999465942383,25.6200008392334,23.290000915527344,23.549999237060547,0.0,0.0,0.0,,^VIX
2199,,2025-05-08,,,,,,,,,,,,,,,,,1091.0,109.48604107546156,111.481779684885,109.44747518980958,110.08380126953124,435300.0,0.0,0.0,0.0,VDE
2200,,2025-05-08,,,,,,,,,,,,,,,,,2511.0,22.84000015258789,23.61000061035156,21.8799991607666,22.479999542236328,0.0,0.0,0.0,,^VIX
2201,,2025-05-09,,,,,,,,,,,,,,,,,1092.0,111.62638820526944,111.6360315145933,110.2862550811557,111.17324829101562,225400.0,0.0,0.0,0.0,VDE
2202,,2025-05-09,,,,,,,,,,,,,,,,,2512.0,22.399999618530273,22.81999969482422,21.829999923706055,21.899999618530273,0.0,0.0,0.0,,^VIX
2203,,2025-05-12,,,,,,,,,,,,,,,,,1093.0,115.01047144530564,115.82033290973416,113.23647763094937,113.93064880371094,380100.0,0.0,0.0,0.0,VDE
2204,,2025-05-12,,,,,,,,,,,,,,,,,2513.0,19.84000015258789,20.440000534057617,18.13999938964844,18.38999938964844,0.0,0.0,0.0,,^VIX
2205,,2025-05-13,,,,,,,,,,,,,,,,,1094.0,114.52841597237054,116.54343380318006,114.1427644798849,115.6371612548828,714000.0,0.0,0.0,0.0,VDE
2206,,2025-05-13,,,,,,,,,,,,,,,,,2514.0,18.690000534057617,18.850000381469727,17.649999618530273,18.219999313354492,0.0,0.0,0.0,,^VIX
2207,,2025-05-14,,,,,,,,,,,,,,,,,1095.0,115.000838529981,115.40576929879444,114.4898534137606,114.96227264404295,407300.0,0.0,0.0,0.0,VDE
2208,,2025-05-14,,,,,,,,,,,,,,,,,2515.0,18.100000381469727,18.81999969482422,18.059999465942383,18.6200008392334,0.0,0.0,0.0,,^VIX
2209,,2025-05-15,,,,,,,,,,,,,,,,,1096.0,113.46787388537764,115.30934881498824,113.2171993251624,115.2997055053711,289400.0,0.0,0.0,0.0,VDE
2210,,2025-05-15,,,,,,,,,,,,,,,,,2516.0,19.190000534057617,19.3799991607666,17.770000457763672,17.829999923706055,0.0,0.0,0.0,,^VIX
2211,,2025-05-16,,,,,,,,,,,,,,,,,1097.0,115.3672045282561,115.66608093349618,113.92101698441282,115.03939819335938,297500.0,0.0,0.0,0.0,VDE
2212,,2025-05-16,,,,,,,,,,,,,,,,,2517.0,17.959999084472656,17.959999084472656,17.149999618530273,17.239999771118164,0.0,0.0,0.0,,^VIX
2213,,2025-05-19,,,,,,,,,,,,,,,,,1098.0,114.10419385431214,114.12348047376484,112.76406067426396,113.62213134765624,371000.0,0.0,0.0,0.0,VDE
2214,,2025-05-19,,,,,,,,,,,,,,,,,2518.0,19.84000015258789,19.920000076293945,17.920000076293945,18.13999938964844,0.0,0.0,0.0,,^VIX
2215,,2025-05-20,,,,,,,,,,,,,,,,,1099.0,113.5835703960303,113.68962474055448,112.50375504187916,112.59052276611328,229100.0,0.0,0.0,0.0,VDE
2216,,2025-05-20,,,,,,,,,,,,,,,,,2519.0,18.459999084472656,18.68000030517578,17.700000762939453,18.09000015258789,0.0,0.0,0.0,,^VIX
2217,,2025-05-21,,,,,,,,,,,,,,,,,1100.0,111.99277195873472,112.09881894948047,110.47908853336024,110.51765441894533,316600.0,0.0,0.0,0.0,VDE
2218,,2025-05-21,,,,,,,,,,,,,,,,,2520.0,18.770000457763672,21.049999237060547,17.770000457763672,20.8700008392334,0.0,0.0,0.0,,^VIX
2219,,2025-05-22,,,,,,,,,,,,,,,,,1101.0,109.90060016346771,110.65261644189547,108.6761647226899,110.09342956542967,362600.0,0.0,0.0,0.0,VDE
2220,,2025-05-22,,,,,,,,,,,,,,,,,2521.0,20.6200008392334,22.06999969482422,19.63999938964844,20.280000686645508,0.0,0.0,0.0,,^VIX
2221,,2025-05-23,,,,,,,,,,,,,,,,,1102.0,109.13894776506042,110.7586780697856,109.13894776506042,110.5080108642578,305600.0,0.0,0.0,0.0,VDE
2222,,2025-05-23,,,,,,,,,,,,,,,,,2522.0,20.13999938964844,25.530000686645508,19.829999923706055,22.290000915527344,0.0,0.0,0.0,,^VIX
2223,,2025-05-27,,,,,,,,,,,,,,,,,1103.0,111.17324792915043,111.72279886778465,110.42123162951307,111.58782196044922,410000.0,0.0,0.0,0.0,VDE
2224,,2025-05-27,,,,,,,,,,,,,,,,,2523.0,20.6299991607666,21.010000228881836,18.950000762939453,18.959999084472656,0.0,0.0,0.0,,^VIX
2225,,2025-05-28,,,,,,,,,,,,,,,,,1104.0,112.17593872313576,112.52302430058911,110.00665754189713,110.26697540283205,697200.0,0.0,0.0,0.0,VDE
2226,,2025-05-28,,,,,,,,,,,,,,,,,2524.0,19.209999084472656,19.43000030517578,18.68000030517578,19.309999465942383,0.0,0.0,0.0,,^VIX
2227,,2025-05-29,,,,,,,,,,,,,,,,,1105.0,110.575499375513,110.9997093766043,109.77527385456273,110.96114349365234,606200.0,0.0,0.0,0.0,VDE
2228,,2025-05-29,,,,,,,,,,,,,,,,,2525.0,18.25,20.200000762939453,18.11000061035156,19.18000030517578,0.0,0.0,0.0,,^VIX
2229,,2025-05-30,,,,,,,,,,,,,,,,,1106.0,110.20912770481148,110.60442249023644,109.167878282772,110.11271667480467,524500.0,0.0,0.0,0.0,VDE
2230,,2025-05-30,,,,,,,,,,,,,,,,,2526.0,19.61000061035156,20.549999237060547,18.56999969482422,18.56999969482422,0.0,0.0,0.0,,^VIX
2231,53.0,2025-06-01,183.558,185.675,5.0,434.594,338.652,168.388,252.015,57.596,148.838,438.942,223.495,283.267,260.491,31.0,328.364,322.561,,,,,,,,,,
2232,,2025-06-02,,,,,,,,,,,,,,,,,1107.0,111.9927581795839,112.28199125235,110.25733032022872,111.47212982177734,1299300.0,0.0,0.0,0.0,VDE
2233,,2025-06-02,,,,,,,,,,,,,,,,,2527.0,19.809999465942383,20.450000762939453,18.36000061035156,18.36000061035156,0.0,0.0,0.0,,^VIX
2234,,2025-06-03,,,,,,,,,,,,,,,,,1108.0,111.54925072825571,113.67997328260964,110.63333499302928,113.01472473144533,360500.0,0.0,0.0,0.0,VDE
2235,,2025-06-03,,,,,,,,,,,,,,,,,2528.0,18.829999923706055,19.209999084472656,17.639999389648438,17.690000534057617,0.0,0.0,0.0,,^VIX
2236,,2025-06-04,,,,,,,,,,,,,,,,,1109.0,112.91831497877186,113.80530815316276,110.7393905671686,110.91293334960938,473800.0,0.0,0.0,0.0,VDE
2237,,2025-06-04,,,,,,,,,,,,,,,,,2529.0,17.68000030517578,18.06999969482422,17.40999984741211,17.610000610351562,0.0,0.0,0.0,,^VIX
2238,,2025-06-05,,,,,,,,,,,,,,,,,1110.0,111.81921869414042,111.81921869414042,110.53693070219563,110.7972412109375,329200.0,0.0,0.0,0.0,VDE
2239,,2025-06-05,,,,,,,,,,,,,,,,,2530.0,17.68000030517578,18.799999237060547,17.079999923706055,18.479999542236328,0.0,0.0,0.0,,^VIX
2240,,2025-06-06,,,,,,,,,,,,,,,,,1111.0,111.8674196265138,113.25576194376582,111.8674196265138,112.9279556274414,314600.0,0.0,0.0,0.0,VDE
2241,,2025-06-06,,,,,,,,,,,,,,,,,2531.0,18.15999984741211,18.350000381469727,16.649999618530273,16.770000457763672,0.0,0.0,0.0,,^VIX
2242,,2025-06-09,,,,,,,,,,,,,,,,,1112.0,113.28468039116804,114.26808459295394,112.46517566373156,113.1304168701172,847900.0,0.0,0.0,0.0,VDE
2243,,2025-06-09,,,,,,,,,,,,,,,,,2532.0,17.690000534057617,17.719999313354492,16.81999969482422,17.15999984741211,0.0,0.0,0.0,,^VIX
2244,,2025-06-10,,,,,,,,,,,,,,,,,1113.0,114.12347384290923,115.78176259067516,114.12347384290923,114.99118041992188,1347100.0,0.0,0.0,0.0,VDE
2245,,2025-06-10,,,,,,,,,,,,,,,,,2533.0,17.5,17.989999771118164,16.68000030517578,16.950000762939453,0.0,0.0,0.0,,^VIX
2246,,2025-06-11,,,,,,,,,,,,,,,,,1114.0,115.88782543364115,117.04477988075828,114.81764606401067,116.77482604980467,645200.0,0.0,0.0,0.0,VDE
2247,,2025-06-11,,,,,,,,,,,,,,,,,2534.0,17.040000915527344,18.09000015258789,16.229999542236328,17.260000228881836,0.0,0.0,0.0,,^VIX
2248,,2025-06-12,,,,,,,,,,,,,,,,,1115.0,116.24454684931784,117.23759438732704,115.37683290883272,117.21831512451172,450400.0,0.0,0.0,0.0,VDE
2249,,2025-06-12,,,,,,,,,,,,,,,,,2535.0,17.8700008392334,18.8700008392334,17.43000030517578,18.020000457763672,0.0,0.0,0.0,,^VIX
2250,,2025-06-13,,,,,,,,,,,,,,,,,1116.0,119.5418511268411,119.95642515177413,117.68108966921471,119.32010650634766,3219400.0,0.0,0.0,0.0,VDE
2251,,2025-06-13,,,,,,,,,,,,,,,,,2536.0,21.760000228881836,22.0,18.8799991607666,20.81999969482422,0.0,0.0,0.0,,^VIX
2252,,2025-06-16,,,,,,,,,,,,,,,,,1117.0,119.1465664208842,120.25531161555226,118.1245889434135,119.04051208496094,683300.0,0.0,0.0,0.0,VDE
2253,,2025-06-16,,,,,,,,,,,,,,,,,2537.0,19.780000686645508,20.219999313354492,18.670000076293945,19.11000061035156,0.0,0.0,0.0,,^VIX
2254,,2025-06-17,,,,,,,,,,,,,,,,,1118.0,120.06248636999892,121.06517726351274,119.33939261218808,120.15889739990234,612400.0,0.0,0.0,0.0,VDE
2255,,2025-06-17,,,,,,,,,,,,,,,,,2538.0,20.530000686645508,21.790000915527344,19.549999237060547,21.600000381469727,0.0,0.0,0.0,,^VIX
2256,,2025-06-18,,,,,,,,,,,,,,,,,1119.0,120.64095485761509,121.171226533433,119.1754881396024,119.43579864501952,515200.0,0.0,0.0,0.0,VDE
2257,,2025-06-18,,,,,,,,,,,,,,,,,2539.0,20.899999618530273,21.579999923706055,19.59000015258789,20.13999938964844,0.0,0.0,0.0,,^VIX
2258,,2025-06-20,,,,,,,,,,,,,,,,,1120.0,120.04321224901516,120.78558530233434,119.62863818254876,120.4481430053711,424100.0,0.0,0.0,0.0,VDE
2259,,2025-06-20,,,,,,,,,,,,,,,,,2540.0,20.739999771118164,21.06999969482422,19.11000061035156,20.6200008392334,0.0,0.0,0.0,,^VIX
2260,,2025-06-23,,,,,,,,,,,,,,,,,1121.0,121.9714524630717,121.99073172603912,116.89050973329074,117.27616119384766,1211600.0,0.0,0.0,0.0,VDE
2261,,2025-06-23,,,,,,,,,,,,,,,,,2541.0,21.149999618530273,22.510000228881836,19.81999969482422,19.829999923706055,0.0,0.0,0.0,,^VIX
2262,,2025-06-24,,,,,,,,,,,,,,,,,1122.0,115.56967120979316,117.11226980288126,115.45397355692768,115.99388122558594,718700.0,0.0,0.0,0.0,VDE
2263,,2025-06-24,,,,,,,,,,,,,,,,,2542.0,18.190000534057617,18.719999313354492,17.329999923706055,17.479999542236328,0.0,0.0,0.0,,^VIX
2264,,2025-06-25,,,,,,,,,,,,,,,,,1123.0,115.781768961794,116.1095752902707,115.04903925002743,115.34791564941406,2390200.0,0.0,0.0,0.0,VDE
2265,,2025-06-25,,,,,,,,,,,,,,,,,2543.0,17.280000686645508,17.510000228881836,16.68000030517578,16.760000228881836,0.0,0.0,0.0,,^VIX
2266,,2025-06-26,,,,,,,,,,,,,,,,,1124.0,115.6326171390632,117.26507791286066,115.35082247658292,116.97356414794922,315300.0,0.933,0.0,0.0,VDE
2267,,2025-06-26,,,,,,,,,,,,,,,,,2544.0,16.670000076293945,16.780000686645508,16.110000610351562,16.59000015258789,0.0,0.0,0.0,,^VIX
2268,,2025-06-27,,,,,,,,,,,,,,,,,1125.0,117.0221653663457,117.0221653663457,115.69092989713862,116.40027618408205,369600.0,0.0,0.0,0.0,VDE
2269,,2025-06-27,,,,,,,,,,,,,,,,,2545.0,16.309999465942383,17.290000915527344,16.1200008392334,16.31999969482422,0.0,0.0,0.0,,^VIX
2270,,2025-06-30,,,,,,,,,,,,,,,,,1126.0,115.9921551085413,116.49743725556888,115.4382848606346,115.74922943115234,1649000.0,0.0,0.0,0.0,VDE
2271,,2025-06-30,,,,,,,,,,,,,,,,,2546.0,17.190000534057617,17.43000030517578,16.549999237060547,16.729999542236328,0.0,0.0,0.0,,^VIX
2272,54.0,2025-07-01,189.746,186.373,4.5,435.489,338.6,180.906,253.645,57.566,149.898,440.55,224.831,283.475,262.358,31.0,328.98,323.048,1127.0,115.99216546922192,117.0999060639812,114.82611766549893,116.54603576660156,343800.0,0.0,0.0,0.0,VDE
2273,54.0,2025-07-01,189.746,186.373,4.5,435.489,338.6,180.906,253.645,57.566,149.898,440.55,224.831,283.475,262.358,31.0,328.98,323.048,2547.0,16.979999542236328,17.479999542236328,16.510000228881836,16.829999923706055,0.0,0.0,0.0,,^VIX
2274,,2025-07-02,,,,,,,,,,,,,,,,,1128.0,117.391399642407,118.8100846806196,116.24479017131692,118.5282974243164,510200.0,0.0,0.0,0.0,VDE
2275,,2025-07-02,,,,,,,,,,,,,,,,,2548.0,16.75,17.3700008392334,16.540000915527344,16.639999389648438,0.0,0.0,0.0,,^VIX
2276,,2025-07-03,,,,,,,,,,,,,,,,,1129.0,118.3728225644266,119.02386159389414,118.15904678436186,118.76150512695312,218000.0,0.0,0.0,0.0,VDE
2277,,2025-07-03,,,,,,,,,,,,,,,,,2549.0,16.649999618530273,16.829999923706055,16.139999389648438,16.3799991607666,0.0,0.0,0.0,,^VIX
2278,,2025-07-07,,,,,,,,,,,,,,,,,1130.0,118.04244469596227,118.67404550645146,116.38082659114296,117.5371551513672,284900.0,0.0,0.0,0.0,VDE
2279,,2025-07-07,,,,,,,,,,,,,,,,,2550.0,17.829999923706055,18.5,17.510000228881836,17.790000915527344,0.0,0.0,0.0,,^VIX
2280,,2025-07-08,,,,,,,,,,,,,,,,,1131.0,117.41083879715384,121.0741547072519,117.41083879715384,120.5980224609375,331300.0,0.0,0.0,0.0,VDE
2281,,2025-07-08,,,,,,,,,,,,,,,,,2551.0,17.40999984741211,17.440000534057617,16.540000915527344,16.809999465942383,0.0,0.0,0.0,,^VIX
2282,,2025-07-09,,,,,,,,,,,,,,,,,1132.0,120.42311355307794,120.753488906137,119.62631765119669,119.91783142089844,380200.0,0.0,0.0,0.0,VDE
2283,,2025-07-09,,,,,,,,,,,,,,,,,2552.0,16.760000228881836,16.760000228881836,15.760000228881836,15.9399995803833,0.0,0.0,0.0,,^VIX
2284,,2025-07-10,,,,,,,,,,,,,,,,,1133.0,119.59717572441052,120.97699184411458,118.88782945808175,120.89925384521484,277700.0,0.0,0.0,0.0,VDE
2285,,2025-07-10,,,,,,,,,,,,,,,,,2553.0,16.229999542236328,16.239999771118164,15.699999809265137,15.779999732971191,0.0,0.0,0.0,,^VIX
2286,,2025-07-11,,,,,,,,,,,,,,,,,1134.0,120.63689742846634,121.9584137564338,120.36482184567956,121.55029296875,333400.0,0.0,0.0,0.0,VDE
2287,,2025-07-11,,,,,,,,,,,,,,,,,2554.0,16.40999984741211,17.239999771118164,15.979999542236328,16.399999618530273,0.0,0.0,0.0,,^VIX
2288,,2025-07-14,,,,,,,,,,,,,,,,,1135.0,121.28793221031246,121.28793221031246,119.72349025097652,120.29679870605467,344000.0,0.0,0.0,0.0,VDE
2289,,2025-07-14,,,,,,,,,,,,,,,,,2555.0,17.729999542236328,17.850000381469727,16.90999984741211,17.200000762939453,0.0,0.0,0.0,,^VIX
2290,,2025-07-15,,,,,,,,,,,,,,,,,1136.0,120.17047281026386,120.50085558790576,118.4019741680727,118.46028137207033,265700.0,0.0,0.0,0.0,VDE
2291,,2025-07-15,,,,,,,,,,,,,,,,,2556.0,16.889999389648438,17.389999389648438,16.559999465942383,17.3799991607666,0.0,0.0,0.0,,^VIX
2292,,2025-07-16,,,,,,,,,,,,,,,,,1137.0,118.50885947938428,118.90726114176292,116.94441755148851,117.3428192138672,271300.0,0.0,0.0,0.0,VDE
2293,,2025-07-16,,,,,,,,,,,,,,,,,2557.0,17.65999984741211,19.479999542236328,16.690000534057617,17.15999984741211,0.0,0.0,0.0,,^VIX
2294,,2025-07-17,,,,,,,,,,,,,,,,,1138.0,116.8375356852692,118.35339700478865,116.5557410003169,118.18820190429688,314300.0,0.0,0.0,0.0,VDE
2295,,2025-07-17,,,,,,,,,,,,,,,,,2558.0,17.15999984741211,17.3700008392334,16.479999542236328,16.520000457763672,0.0,0.0,0.0,,^VIX
2296,,2025-07-18,,,,,,,,,,,,,,,,,1139.0,119.20848782602364,119.73320817493588,117.04158753774745,117.4691390991211,621700.0,0.0,0.0,0.0,VDE
2297,,2025-07-18,,,,,,,,,,,,,,,,,2559.0,16.43000030517578,16.809999465942383,16.280000686645508,16.40999984741211,0.0,0.0,0.0,,^VIX
2298,,2025-07-21,,,,,,,,,,,,,,,,,1140.0,117.44970265803596,117.5760213344102,115.68120412128164,115.87554168701172,476500.0,0.0,0.0,0.0,VDE
2299,,2025-07-21,,,,,,,,,,,,,,,,,2560.0,16.8700008392334,16.989999771118164,16.299999237060547,16.649999618530273,0.0,0.0,0.0,,^VIX
2300,,2025-07-22,,,,,,,,,,,,,,,,,1141.0,115.7978065690443,117.0804538098016,115.7978065690443,116.5654525756836,451300.0,0.0,0.0,0.0,VDE
2301,,2025-07-22,,,,,,,,,,,,,,,,,2561.0,16.75,17.479999542236328,16.43000030517578,16.5,0.0,0.0,0.0,,^VIX
2302,,2025-07-23,,,,,,,,,,,,,,,,,1142.0,116.9541321918777,118.46998596191406,116.78894451970768,118.46998596191406,368700.0,0.0,0.0,0.0,VDE
2303,,2025-07-23,,,,,,,,,,,,,,,,,2562.0,16.229999542236328,16.31999969482422,15.31999969482422,15.369999885559082,0.0,0.0,0.0,,^VIX
2304,,2025-07-24,,,,,,,,,,,,,,,,,1143.0,118.0910239844434,119.470839992928,117.62461085564723,119.35424041748048,337700.0,0.0,0.0,0.0,VDE
2305,,2025-07-24,,,,,,,,,,,,,,,,,2563.0,15.390000343322754,15.539999961853027,14.949999809265137,15.390000343322754,0.0,0.0,0.0,,^VIX
2306,,2025-07-25,,,,,,,,,,,,,,,,,1144.0,119.42225633792717,119.5582941149017,118.32422760641464,118.7712173461914,253700.0,0.0,0.0,0.0,VDE
2307,,2025-07-25,,,,,,,,,,,,,,,,,2564.0,15.329999923706056,15.390000343322754,14.920000076293944,14.93000030517578,0.0,0.0,0.0,,^VIX
2308,,2025-07-28,,,,,,,,,,,,,,,,,1145.0,119.75263664788152,120.51056355490876,119.7137676509182,120.24820709228516,293200.0,0.0,0.0,0.0,VDE
2309,,2025-07-28,,,,,,,,,,,,,,,,,2565.0,15.149999618530272,15.539999961853027,15.0,15.029999732971191,0.0,0.0,0.0,,^VIX
2310,,2025-07-29,,,,,,,,,,,,,,,,,1146.0,120.49113332646178,121.40453622561242,120.0441509795485,121.33651733398438,361800.0,0.0,0.0,0.0,VDE
2311,,2025-07-29,,,,,,,,,,,,,,,,,2566.0,14.949999809265137,16.1200008392334,14.699999809265137,15.979999542236328,0.0,0.0,0.0,,^VIX
2312,,2025-07-30,,,,,,,,,,,,,,,,,1147.0,120.51056902440136,120.66604501931114,118.85867735275404,119.67491149902344,300600.0,0.0,0.0,0.0,VDE
2313,,2025-07-30,,,,,,,,,,,,,,,,,2567.0,15.869999885559082,17.270000457763672,15.4399995803833,15.479999542236328,0.0,0.0,0.0,,^VIX
2314,,2025-07-31,,,,,,,,,,,,,,,,,1148.0,118.52829893802794,120.28707845760488,118.52829893802794,118.98499298095705,277500.0,0.0,0.0,0.0,VDE
2315,,2025-07-31,,,,,,,,,,,,,,,,,2568.0,14.989999771118164,17.170000076293945,14.739999771118164,16.719999313354492,0.0,0.0,0.0,,^VIX
2316,55.0,2025-08-01,191.057,187.38,4.8,436.981,341.458,182.33,253.694,59.626,149.466,440.55,226.231,283.643,262.11,30.9,329.97,323.976,1149.0,118.63517289977108,118.8683868733354,116.1184665964548,116.73063659667967,476900.0,0.0,0.0,0.0,VDE
2317,55.0,2025-08-01,191.057,187.38,4.8,436.981,341.458,182.33,253.694,59.626,149.466,440.55,226.231,283.643,262.11,30.9,329.97,323.976,2569.0,17.399999618530273,21.899999618530273,17.389999389648438,20.3799991607666,0.0,0.0,0.0,,^VIX
2318,,2025-08-04,,,,,,,,,,,,,,,,,1150.0,116.40027886444818,117.35254345330944,115.92414657001756,116.54603576660156,490300.0,0.0,0.0,0.0,VDE
2319,,2025-08-04,,,,,,,,,,,,,,,,,2570.0,19.559999465942383,19.579999923706055,17.479999542236328,17.520000457763672,0.0,0.0,0.0,,^VIX
2320,,2025-08-05,,,,,,,,,,,,,,,,,1151.0,116.6334829795777,116.97357746836748,115.19536702312276,116.83753967285156,538600.0,0.0,0.0,0.0,VDE
2321,,2025-08-05,,,,,,,,,,,,,,,,,2571.0,17.209999084472656,18.940000534057617,17.110000610351562,17.850000381469727,0.0,0.0,0.0,,^VIX
2322,,2025-08-06,,,,,,,,,,,,,,,,,1152.0,117.5760249722323,118.35339008621033,115.56460070933012,115.81724548339844,463800.0,0.0,0.0,0.0,VDE
2323,,2025-08-06,,,,,,,,,,,,,,,,,2572.0,17.219999313354492,17.8799991607666,16.559999465942383,16.770000457763672,0.0,0.0,0.0,,^VIX
2324,,2025-08-07,,,,,,,,,,,,,,,,,1153.0,116.54602490086202,117.85782207093384,115.14677063225032,115.31195831298828,477700.0,0.0,0.0,0.0,VDE
2325,,2025-08-07,,,,,,,,,,,,,,,,,2573.0,16.40999984741211,17.639999389648438,15.979999542236328,16.56999969482422,0.0,0.0,0.0,,^VIX
2326,,2025-08-08,,,,,,,,,,,,,,,,,1154.0,115.88526281200464,117.12904104679306,115.34110427415742,115.90469360351562,563800.0,0.0,0.0,0.0,VDE
2327,,2025-08-08,,,,,,,,,,,,,,,,,2574.0,16.479999542236328,16.520000457763672,15.149999618530272,15.149999618530272,0.0,0.0,0.0,,^VIX
2328,,2025-08-11,,,,,,,,,,,,,,,,,1155.0,116.06988001811033,116.72092643595526,114.82610179682922,115.02044677734376,364100.0,0.0,0.0,0.0,VDE
2329,,2025-08-11,,,,,,,,,,,,,,,,,2575.0,15.8100004196167,16.360000610351562,15.520000457763672,16.25,0.0,0.0,0.0,,^VIX
2330,,2025-08-12,,,,,,,,,,,,,,,,,1156.0,115.33139473974867,116.63347278689822,115.0204501752426,115.7200698852539,447700.0,0.0,0.0,0.0,VDE
2331,,2025-08-12,,,,,,,,,,,,,,,,,2576.0,16.09000015258789,16.559999465942383,14.65999984741211,14.729999542236328,0.0,0.0,0.0,,^VIX
2332,,2025-08-13,,,,,,,,,,,,,,,,,1157.0,115.81724930886818,116.95413970947266,115.33139794995994,116.95413970947266,382600.0,0.0,0.0,0.0,VDE
2333,,2025-08-13,,,,,,,,,,,,,,,,,2577.0,14.619999885559082,14.8100004196167,14.300000190734863,14.489999771118164,0.0,0.0,0.0,,^VIX
2334,,2025-08-14,,,,,,,,,,,,,,,,,1158.0,116.73063599958472,116.96384997195612,115.61318388935882,116.82781219482422,322600.0,0.0,0.0,0.0,VDE
2335,,2025-08-14,,,,,,,,,,,,,,,,,2578.0,14.65999984741211,15.390000343322754,14.56999969482422,14.829999923706056,0.0,0.0,0.0,,^VIX
2336,,2025-08-15,,,,,,,,,,,,,,,,,1159.0,116.72092849242684,117.954987633049,116.3419650406254,116.6723403930664,586700.0,0.0,0.0,0.0,VDE
2337,,2025-08-15,,,,,,,,,,,,,,,,,2579.0,14.43000030517578,15.18000030517578,14.399999618530272,15.09000015258789,0.0,0.0,0.0,,^VIX
2338,,2025-08-18,,,,,,,,,,,,,,,,,1160.0,116.186492247475,116.57517481253416,115.3119583294677,116.06988525390624,398700.0,0.0,0.0,0.0,VDE
2339,,2025-08-18,,,,,,,,,,,,,,,,,2580.0,15.729999542236328,15.949999809265137,14.949999809265137,14.989999771118164,0.0,0.0,0.0,,^VIX
2340,,2025-08-19,,,,,,,,,,,,,,,,,1161.0,115.47715039916832,116.61404824253952,115.26338202308924,115.91442108154295,424400.0,0.0,0.0,0.0,VDE
2341,,2025-08-19,,,,,,,,,,,,,,,,,2581.0,15.229999542236328,15.90999984741211,14.760000228881836,15.56999969482422,0.0,0.0,0.0,,^VIX
2342,,2025-08-20,,,,,,,,,,,,,,,,,1162.0,116.08932414347493,117.39140221856492,116.06988593768062,116.94441986083984,336400.0,0.0,0.0,0.0,VDE
2343,,2025-08-20,,,,,,,,,,,,,,,,,2582.0,15.949999809265137,17.190000534057617,15.56999969482422,15.6899995803833,0.0,0.0,0.0,,^VIX
2344,,2025-08-21,,,,,,,,,,,,,,,,,1163.0,116.71121269949354,118.01329076804213,116.4585679199605,117.79952239990234,236300.0,0.0,0.0,0.0,VDE
2345,,2025-08-21,,,,,,,,,,,,,,,,,2583.0,15.720000267028809,17.239999771118164,15.649999618530272,16.600000381469727,0.0,0.0,0.0,,^VIX
2346,,2025-08-22,,,,,,,,,,,,,,,,,1164.0,117.95499014908268,120.55915368138356,117.95499014908268,120.27735900878906,449900.0,0.0,0.0,0.0,VDE
2347,,2025-08-22,,,,,,,,,,,,,,,,,2584.0,16.809999465942383,16.829999923706055,14.210000038146973,14.220000267028809,0.0,0.0,0.0,,^VIX
2348,,2025-08-25,,,,,,,,,,,,,,,,,1165.0,120.14131743599587,120.80207554764252,119.70405420022364,120.65631866455078,578400.0,0.0,0.0,0.0,VDE
2349,,2025-08-25,,,,,,,,,,,,,,,,,2585.0,15.050000190734863,15.1899995803833,14.239999771118164,14.789999961853027,0.0,0.0,0.0,,^VIX
2350,,2025-08-26,,,,,,,,,,,,,,,,,1166.0,120.4134015086737,120.60774650436768,119.4611369770356,120.4522705078125,326700.0,0.0,0.0,0.0,VDE
2351,,2025-08-26,,,,,,,,,,,,,,,,,2586.0,15.75,15.75,14.619999885559082,14.619999885559082,0.0,0.0,0.0,,^VIX
2352,,2025-08-27,,,,,,,,,,,,,,,,,1167.0,120.2870713554638,122.27905733029591,120.2870713554638,121.80292510986328,439100.0,0.0,0.0,0.0,VDE
2353,,2025-08-27,,,,,,,,,,,,,,,,,2587.0,14.65999984741211,15.229999542236328,14.65999984741211,14.850000381469728,0.0,0.0,0.0,,^VIX
2354,,2025-08-28,,,,,,,,,,,,,,,,,1168.0,121.96812512208848,122.9398278657471,121.14217927267936,122.73577117919922,410100.0,0.0,0.0,0.0,VDE
2355,,2025-08-28,,,,,,,,,,,,,,,,,2588.0,14.420000076293944,14.6899995803833,14.119999885559082,14.43000030517578,0.0,0.0,0.0,,^VIX
2356,,2025-08-29,,,,,,,,,,,,,,,,,1169.0,122.9203910947066,123.6685989089938,122.67746542060638,123.29935455322266,337600.0,0.0,0.0,0.0,VDE
2357,,2025-08-29,,,,,,,,,,,,,,,,,2589.0,14.3100004196167,15.970000267028809,14.3100004196167,15.359999656677246,0.0,0.0,0.0,,^VIX
2358,56.0,2025-09-01,192.514,188.334,4.7,438.212,341.005,186.058,254.624,59.754,150.1,440.55,222.355,284.218,262.054,30.8,330.804,324.8,,,,,,,,,,
2359,,2025-09-02,,,,,,,,,,,,,,,,,1170.0,122.84264939130172,123.68803338051062,122.08472249715037,123.57142639160156,479300.0,0.0,0.0,0.0,VDE
2360,,2025-09-02,,,,,,,,,,,,,,,,,2590.0,16.649999618530273,19.3799991607666,16.549999237060547,17.170000076293945,0.0,0.0,0.0,,^VIX
2361,,2025-09-03,,,,,,,,,,,,,,,,,1171.0,122.76492565786326,123.7074785405559,120.57859440302096,120.9575653076172,410100.0,0.0,0.0,0.0,VDE
2362,,2025-09-03,,,,,,,,,,,,,,,,,2591.0,17.399999618530273,17.56999969482422,16.34000015258789,16.350000381469727,0.0,0.0,0.0,,^VIX
2363,,2025-09-04,,,,,,,,,,,,,,,,,1172.0,120.96726098301482,122.27905807955251,120.4911287596647,121.8126449584961,265800.0,0.0,0.0,0.0,VDE
2364,,2025-09-04,,,,,,,,,,,,,,,,,2592.0,16.219999313354492,16.350000381469727,15.279999732971191,15.300000190734863,0.0,0.0,0.0,,^VIX
2365,,2025-09-05,,,,,,,,,,,,,,,,,1173.0,120.83123051942876,121.29765108222284,118.98499388751983,119.5388641357422,660400.0,0.0,0.0,0.0,VDE
2366,,2025-09-05,,,,,,,,,,,,,,,,,2593.0,15.229999542236328,16.920000076293945,14.739999771118164,15.18000030517578,0.0,0.0,0.0,,^VIX
2367,,2025-09-08,,,,,,,,,,,,,,,,,1174.0,119.97612885028558,120.47169928363265,118.23678019587388,119.23763275146484,440000.0,0.0,0.0,0.0,VDE
2368,,2025-09-08,,,,,,,,,,,,,,,,,2594.0,15.579999923706056,15.649999618530272,14.989999771118164,15.109999656677246,0.0,0.0,0.0,,^VIX
2369,,2025-09-09,,,,,,,,,,,,,,,,,1175.0,119.85952556598389,121.53085538225172,119.76235677949224,119.83037567138672,719700.0,0.0,0.0,0.0,VDE
2370,,2025-09-09,,,,,,,,,,,,,,,,,2595.0,15.020000457763672,15.81999969482422,14.970000267028809,15.039999961853027,0.0,0.0,0.0,,^VIX
2371,,2025-09-10,,,,,,,,,,,,,,,,,1176.0,120.09272778292822,121.95840251805222,119.94697831522572,121.92925262451172,437100.0,0.0,0.0,0.0,VDE
2372,,2025-09-10,,,,,,,,,,,,,,,,,2596.0,14.979999542236328,15.630000114440918,14.630000114440918,15.350000381469728,0.0,0.0,0.0,,^VIX
2373,,2025-09-11,,,,,,,,,,,,,,,,,1177.0,121.06443653389574,122.11387723519906,120.56887349175528,121.90982055664062,471200.0,0.0,0.0,0.0,VDE
2374,,2025-09-11,,,,,,,,,,,,,,,,,2597.0,15.1899995803833,15.239999771118164,14.649999618530272,14.710000038146973,0.0,0.0,0.0,,^VIX
2375,,2025-09-12,,,,,,,,,,,,,,,,,1178.0,122.3082157942588,122.9203857977502,121.15188726304994,121.17131805419922,466400.0,0.0,0.0,0.0,VDE
2376,,2025-09-12,,,,,,,,,,,,,,,,,2598.0,14.619999885559082,14.970000267028809,14.40999984741211,14.760000228881836,0.0,0.0,0.0,,^VIX
2377,,2025-09-15,,,,,,,,,,,,,,,,,1179.0,121.33652610422796,121.64747069036036,120.60774903546428,120.81180572509766,410600.0,0.0,0.0,0.0,VDE
2378,,2025-09-15,,,,,,,,,,,,,,,,,2599.0,15.140000343322754,15.84000015258789,14.920000076293944,15.6899995803833,0.0,0.0,0.0,,^VIX
2379,,2025-09-16,,,,,,,,,,,,,,,,,1180.0,121.13246470445182,123.16331983195668,121.13246470445182,122.91067504882812,647500.0,0.0,0.0,0.0,VDE
2380,,2025-09-16,,,,,,,,,,,,,,,,,2600.0,15.600000381469728,16.3799991607666,15.4399995803833,16.360000610351562,0.0,0.0,0.0,,^VIX
2381,,2025-09-17,,,,,,,,,,,,,,,,,1181.0,122.75520557560834,124.04757196380324,122.2887850111872,123.11473083496094,335400.0,0.0,0.0,0.0,VDE
2382,,2025-09-17,,,,,,,,,,,,,,,,,2601.0,16.420000076293945,16.75,15.260000228881836,15.720000267028809,0.0,0.0,0.0,,^VIX
2383,,2025-09-18,,,,,,,,,,,,,,,,,1182.0,123.25076959355889,123.40624558742628,121.84180361327704,122.80378723144533,342800.0,0.0,0.0,0.0,VDE
2384,,2025-09-18,,,,,,,,,,,,,,,,,2602.0,14.93000030517578,15.800000190734863,14.329999923706056,15.699999809265137,0.0,0.0,0.0,,^VIX
2385,,2025-09-19,,,,,,,,,,,,,,,,,1183.0,122.5705828422752,122.5705828422752,120.79236505156535,121.10330963134766,388200.0,0.0,0.0,0.0,VDE
2386,,2025-09-19,,,,,,,,,,,,,,,,,2603.0,15.760000228881836,16.1299991607666,15.289999961853027,15.449999809265137,0.0,0.0,0.0,,^VIX
2387,,2025-09-22,,,,,,,,,,,,,,,,,1184.0,120.6077397172232,121.67661118612746,120.27735694988732,121.11302185058594,399000.0,0.0,0.0,0.0,VDE
2388,,2025-09-22,,,,,,,,,,,,,,,,,2604.0,16.139999389648438,16.350000381469727,15.779999732971191,16.100000381469727,0.0,0.0,0.0,,^VIX
2389,,2025-09-23,,,,,,,,,,,,,,,,,1185.0,121.8223697166348,124.69860880836092,121.66689372672911,123.29935455322266,571300.0,0.0,0.0,0.0,VDE
2390,,2025-09-23,,,,,,,,,,,,,,,,,2605.0,16.100000381469727,17.06999969482422,15.949999809265137,16.639999389648438,0.0,0.0,0.0,,^VIX
2391,,2025-09-24,,,,,,,,,,,,,,,,,1186.0,124.1612487128878,126.01236205022757,124.09268951316352,124.81746673583984,328600.0,1.0,0.0,0.0,VDE
2392,,2025-09-24,,,,,,,,,,,,,,,,,2606.0,16.56999969482422,17.209999084472656,16.18000030517578,16.18000030517578,0.0,0.0,0.0,,^VIX
2393,,2025-09-25,,,,,,,,,,,,,,,,,1187.0,124.73910416081551,125.96338085250665,124.347334124996,125.8654327392578,680100.0,0.0,0.0,0.0,VDE
2394,,2025-09-25,,,,,,,,,,,,,,,,,2607.0,16.549999237060547,17.739999771118164,16.31999969482422,16.739999771118164,0.0,0.0,0.0,,^VIX
2395,,2025-09-26,,,,,,,,,,,,,,,,,1188.0,126.05153202293351,128.2258487408659,126.05153202293351,126.9819793701172,733800.0,0.0,0.0,0.0,VDE
2396,,2025-09-26,,,,,,,,,,,,,,,,,2608.0,16.889999389648438,17.049999237060547,15.289999961853027,15.289999961853027,0.0,0.0,0.0,,^VIX
2397,,2025-09-29,,,,,,,,,,,,,,,,,1189.0,126.18864793812904,126.33557011307737,123.9163906187562,124.5823974609375,531400.0,0.0,0.0,0.0,VDE
2398,,2025-09-29,,,,,,,,,,,,,,,,,2609.0,15.84000015258789,16.290000915527344,15.739999771118164,16.1200008392334,0.0,0.0,0.0,,^VIX
2399,,2025-09-30,,,,,,,,,,,,,,,,,1190.0,123.48544765104204,123.7792695774839,122.33952644589556,123.2699737548828,670400.0,0.0,0.0,0.0,VDE
2400,,2025-09-30,,,,,,,,,,,,,,,,,2610.0,16.489999771118164,16.700000762939453,16.020000457763672,16.280000686645508,0.0,0.0,0.0,,^VIX
2401,57.0,2025-10-01,191.949,189.281,4.6,,340.3,184.899,253.308,60.114,150.439,458.356,215.803,284.516,260.591,,,,1191.0,122.70191128688111,123.86742513920672,122.62355578183237,123.45606994628906,312800.0,0.0,0.0,0.0,VDE
2402,57.0,2025-10-01,191.949,189.281,4.6,,340.3,184.899,253.308,60.114,150.439,458.356,215.803,284.516,260.591,,,,2611.0,17.280000686645508,17.280000686645508,15.979999542236328,16.290000915527344,0.0,0.0,0.0,,^VIX
2403,,2025-10-02,,,,,,,,,,,,,,,,,1192.0,123.15244895713889,124.17104814467524,122.0652905681526,122.1534423828125,405400.0,0.0,0.0,0.0,VDE
2404,,2025-10-02,,,,,,,,,,,,,,,,,2612.0,16.1200008392334,16.920000076293945,15.93000030517578,16.6299991607666,0.0,0.0,0.0,,^VIX
2405,,2025-10-03,,,,,,,,,,,,,,,,,1193.0,122.82924311467978,123.65195351567932,122.74109130177705,122.98594665527344,357400.0,0.0,0.0,0.0,VDE
2406,,2025-10-03,,,,,,,,,,,,,,,,,2613.0,16.350000381469727,17.059999465942383,16.200000762939453,16.649999618530273,0.0,0.0,0.0,,^VIX
2407,,2025-10-06,,,,,,,,,,,,,,,,,1194.0,123.52463385276674,124.28858137512644,123.17204153900188,123.59319305419922,241000.0,0.0,0.0,0.0,VDE
2408,,2025-10-06,,,,,,,,,,,,,,,,,2614.0,16.739999771118164,17.09000015258789,16.290000915527344,16.3700008392334,0.0,0.0,0.0,,^VIX
2409,,2025-10-07,,,,,,,,,,,,,,,,,1195.0,123.40709573532408,123.92618787894548,121.78125263333266,123.81845092773438,244600.0,0.0,0.0,0.0,VDE
2410,,2025-10-07,,,,,,,,,,,,,,,,,2615.0,16.579999923706055,17.549999237060547,16.190000534057617,17.239999771118164,0.0,0.0,0.0,,^VIX
2411,,2025-10-08,,,,,,,,,,,,,,,,,1196.0,123.89680919594105,123.89680919594105,122.33953273034516,123.32874298095705,171200.0,0.0,0.0,0.0,VDE
2412,,2025-10-08,,,,,,,,,,,,,,,,,2616.0,17.170000076293945,17.200000762939453,16.229999542236328,16.299999237060547,0.0,0.0,0.0,,^VIX
2413,,2025-10-09,,,,,,,,,,,,,,,,,1197.0,123.50503171678588,124.58239371582366,121.389485469707,121.51680755615234,565200.0,0.0,0.0,0.0,VDE
2414,,2025-10-09,,,,,,,,,,,,,,,,,2617.0,16.309999465942383,17.270000457763672,16.260000228881836,16.43000030517578,0.0,0.0,0.0,,^VIX
2415,,2025-10-10,,,,,,,,,,,,,,,,,1198.0,120.70388649030389,121.3503081755955,117.84397790830376,117.89295196533205,486500.0,0.0,0.0,0.0,VDE
2416,,2025-10-10,,,,,,,,,,,,,,,,,2618.0,16.360000610351562,22.440000534057617,16.229999542236328,21.65999984741211,0.0,0.0,0.0,,^VIX
2417,,2025-10-13,,,,,,,,,,,,,,,,,1199.0,118.99970051212304,119.890977575958,118.55896386955357,119.8126220703125,300500.0,0.0,0.0,0.0,VDE
2418,,2025-10-13,,,,,,,,,,,,,,,,,2619.0,19.450000762939453,20.770000457763672,18.61000061035156,19.030000686645508,0.0,0.0,0.0,,^VIX
2419,,2025-10-14,,,,,,,,,,,,,,,,,1200.0,118.10841960073974,120.3219139925677,117.94191976096124,119.63632202148438,459400.0,0.0,0.0,0.0,VDE
2420,,2025-10-14,,,,,,,,,,,,,,,,,2620.0,21.459999084472656,22.940000534057617,19.18000030517578,20.809999465942383,0.0,0.0,0.0,,^VIX
2421,,2025-10-15,,,,,,,,,,,,,,,,,1201.0,120.40026754303464,121.25236681246936,118.78422081181314,119.7244644165039,476700.0,0.0,0.0,0.0,VDE
2422,,2025-10-15,,,,,,,,,,,,,,,,,2621.0,20.020000457763672,22.440000534057617,19.11000061035156,20.63999938964844,0.0,0.0,0.0,,^VIX
2423,,2025-10-16,,,,,,,,,,,,,,,,,1202.0,119.9007639230457,120.27294883094636,117.37385496133012,118.12801361083984,506100.0,0.0,0.0,0.0,VDE
2424,,2025-10-16,,,,,,,,,,,,,,,,,2622.0,20.489999771118164,25.43000030517578,19.850000381469727,25.309999465942383,0.0,0.0,0.0,,^VIX
2425,,2025-10-17,,,,,,,,,,,,,,,,,1203.0,118.51979096436806,119.16620523140207,118.0790468313792,118.86258697509766,273900.0,0.0,0.0,0.0,VDE
2426,,2025-10-17,,,,,,,,,,,,,,,,,2623.0,28.40999984741211,28.989999771118164,20.729999542236328,20.780000686645508,0.0,0.0,0.0,,^VIX
2427,,2025-10-20,,,,,,,,,,,,,,,,,1204.0,119.54817378934356,120.4688322972523,118.93114099690663,120.18479919433594,305400.0,0.0,0.0,0.0,VDE
2428,,2025-10-20,,,,,,,,,,,,,,,,,2624.0,20.530000686645508,21.020000457763672,18.229999542236328,18.229999542236328,0.0,0.0,0.0,,^VIX
2429,,2025-10-21,,,,,,,,,,,,,,,,,1205.0,120.41007005331092,120.68430685142752,119.29353024818344,119.79302978515624,353600.0,0.0,0.0,0.0,VDE
2430,,2025-10-21,,,,,,,,,,,,,,,,,2625.0,18.649999618530273,18.88999938964844,17.399999618530273,17.8700008392334,0.0,0.0,0.0,,^VIX
2431,,2025-10-22,,,,,,,,,,,,,,,,,1206.0,120.42966294454943,121.70291384334398,119.46983408936585,121.22299194335938,308200.0,0.0,0.0,0.0,VDE
2432,,2025-10-22,,,,,,,,,,,,,,,,,2626.0,17.84000015258789,21.010000228881836,17.729999542236328,18.600000381469727,0.0,0.0,0.0,,^VIX
2433,,2025-10-23,,,,,,,,,,,,,,,,,1207.0,122.99573971624558,123.86742415390056,122.25137736898785,123.14265441894533,599800.0,0.0,0.0,0.0,VDE
2434,,2025-10-23,,,,,,,,,,,,,,,,,2627.0,18.36000061035156,19.350000381469727,17.079999923706055,17.299999237060547,0.0,0.0,0.0,,^VIX
2435,,2025-10-24,,,,,,,,,,,,,,,,,1208.0,123.61278069731874,123.71072134814882,121.97714866403908,122.0359115600586,252300.0,0.0,0.0,0.0,VDE
2436,,2025-10-24,,,,,,,,,,,,,,,,,2628.0,17.020000457763672,17.219999313354492,16.020000457763672,16.3700008392334,0.0,0.0,0.0,,^VIX
2437,,2025-10-27,,,,,,,,,,,,,,,,,1209.0,122.447262050665,122.79985435795778,121.84002555552146,122.26117706298828,249100.0,0.0,0.0,0.0,VDE
2438,,2025-10-27,,,,,,,,,,,,,,,,,2629.0,15.729999542236328,16.06999969482422,15.619999885559082,15.789999961853027,0.0,0.0,0.0,,^VIX
2439,,2025-10-28,,,,,,,,,,,,,,,,,1210.0,121.7812568249995,122.19261950396096,120.97813155257758,121.10546112060548,221000.0,0.0,0.0,0.0,VDE
2440,,2025-10-28,,,,,,,,,,,,,,,,,2630.0,15.949999809265137,16.549999237060547,15.65999984741211,16.420000076293945,0.0,0.0,0.0,,^VIX
2441,,2025-10-29,,,,,,,,,,,,,,,,,1211.0,121.08586334234688,122.59417317448576,120.95854125214264,122.0652847290039,295300.0,0.0,0.0,0.0,VDE
2442,,2025-10-29,,,,,,,,,,,,,,,,,2631.0,16.34000015258789,17.579999923706055,16.260000228881836,16.920000076293945,0.0,0.0,0.0,,^VIX
2443,,2025-10-30,,,,,,,,,,,,,,,,,1212.0,121.8400227873017,122.80964787413072,121.03689754391353,121.3111343383789,229000.0,0.0,0.0,0.0,VDE
2444,,2025-10-30,,,,,,,,,,,,,,,,,2632.0,16.260000228881836,17.40999984741211,15.729999542236328,16.90999984741211,0.0,0.0,0.0,,^VIX
2445,,2025-10-31,,,,,,,,,,,,,,,,,1213.0,121.45805018637004,122.59417512734612,121.05648382469568,121.97714233398438,415700.0,0.0,0.0,0.0,VDE
2446,,2025-10-31,,,,,,,,,,,,,,,,,2633.0,16.43000030517578,18.540000915527344,15.960000038146973,17.440000534057617,0.0,0.0,0.0,,^VIX
2447,58.0,2025-11-01,193.999,189.807,4.5,439.275,338.556,189.108,254.529,60.857,150.58,455.803,209.19,284.852,261.914,30.9,330.425,324.122,,,,,,,,,,
2448,,2025-11-03,,,,,,,,,,,,,,,,,1214.0,121.95754809898364,122.3493181491538,120.64512702416458,122.05549621582033,288400.0,0.0,0.0,0.0,VDE
2449,,2025-11-03,,,,,,,,,,,,,,,,,2634.0,18.059999465942383,18.829999923706055,17.0,17.170000076293945,0.0,0.0,0.0,,^VIX
2450,,2025-11-04,,,,,,,,,,,,,,,,,1215.0,120.74307478654764,120.97813384154988,119.56777203914392,120.63533782958984,364100.0,0.0,0.0,0.0,VDE
2451,,2025-11-04,,,,,,,,,,,,,,,,,2635.0,19.729999542236328,20.479999542236328,17.899999618530273,19.0,0.0,0.0,0.0,,^VIX
2452,,2025-11-05,,,,,,,,,,,,,,,,,1216.0,120.517800859481,122.094669840625,120.517800859481,120.80182647705078,328200.0,0.0,0.0,0.0,VDE
2453,,2025-11-05,,,,,,,,,,,,,,,,,2636.0,19.3700008392334,20.020000457763672,17.309999465942383,18.010000228881836,0.0,0.0,0.0,,^VIX
2454,,2025-11-06,,,,,,,,,,,,,,,,,1217.0,121.06627851369991,122.98594353979564,121.06627851369991,121.69310760498048,252500.0,0.0,0.0,0.0,VDE
2455,,2025-11-06,,,,,,,,,,,,,,,,,2637.0,18.36000061035156,20.309999465942383,17.639999389648438,19.5,0.0,0.0,0.0,,^VIX
2456,,2025-11-07,,,,,,,,,,,,,,,,,1218.0,122.04570603737538,123.69113435279064,121.7420877826356,123.56381225585938,350800.0,0.0,0.0,0.0,VDE
2457,,2025-11-07,,,,,,,,,,,,,,,,,2638.0,19.520000457763672,22.719999313354492,19.079999923706055,19.079999923706055,0.0,0.0,0.0,,^VIX
2458,,2025-11-10,,,,,,,,,,,,,,,,,1219.0,123.92619111786678,125.08190869274344,122.40809239980184,124.74890899658205,414500.0,0.0,0.0,0.0,VDE
2459,,2025-11-10,,,,,,,,,,,,,,,,,2639.0,18.579999923706055,18.81999969482422,17.600000381469727,17.600000381469727,0.0,0.0,0.0,,^VIX
2460,,2025-11-11,,,,,,,,,,,,,,,,,1220.0,125.06232016751284,127.2268330787666,125.06232016751284,126.3453598022461,498800.0,0.0,0.0,0.0,VDE
2461,,2025-11-11,,,,,,,,,,,,,,,,,2640.0,17.899999618530273,18.010000228881836,17.25,17.280000686645508,0.0,0.0,0.0,,^VIX
2462,,2025-11-12,,,,,,,,,,,,,,,,,1221.0,125.58141178356738,126.06133364464525,124.37672018637755,124.5726089477539,436300.0,0.0,0.0,0.0,VDE
2463,,2025-11-12,,,,,,,,,,,,,,,,,2641.0,17.209999084472656,18.059999465942383,17.100000381469727,17.510000228881836,0.0,0.0,0.0,,^VIX
2464,,2025-11-13,,,,,,,,,,,,,,,,,1222.0,124.83705512925188,125.87524693092048,124.10248905346768,124.66075897216795,382800.0,0.0,0.0,0.0,VDE
2465,,2025-11-13,,,,,,,,,,,,,,,,,2642.0,17.610000610351562,21.309999465942383,17.510000228881836,20.0,0.0,0.0,0.0,,^VIX
2466,,2025-11-14,,,,,,,,,,,,,,,,,1223.0,125.238616807615,126.99178200609624,123.71071434605368,126.67835998535156,551200.0,0.0,0.0,0.0,VDE
2467,,2025-11-14,,,,,,,,,,,,,,,,,2643.0,21.329999923706055,23.030000686645508,19.559999465942383,19.829999923706055,0.0,0.0,0.0,,^VIX
2468,,2025-11-17,,,,,,,,,,,,,,,,,1224.0,126.46288026848796,126.54123577007196,123.96536030273175,124.43548583984376,825900.0,0.0,0.0,0.0,VDE
2469,,2025-11-17,,,,,,,,,,,,,,,,,2644.0,19.579999923706055,23.440000534057617,19.540000915527344,22.3799991607666,0.0,0.0,0.0,,^VIX
2470,,2025-11-18,,,,,,,,,,,,,,,,,1225.0,123.97515651976484,125.8850251670576,123.6911234310202,125.5128402709961,465300.0,0.0,0.0,0.0,VDE
2471,,2025-11-18,,,,,,,,,,,,,,,,,2645.0,23.540000915527344,25.84000015258789,22.90999984741211,24.690000534057617,0.0,0.0,0.0,,^VIX
2472,,2025-11-19,,,,,,,,,,,,,,,,,1226.0,123.49524331120048,124.41590183753992,122.58438856372732,124.02413177490234,541000.0,0.0,0.0,0.0,VDE
2473,,2025-11-19,,,,,,,,,,,,,,,,,2646.0,24.520000457763672,24.790000915527344,21.93000030517578,23.65999984741211,0.0,0.0,0.0,,^VIX
2474,,2025-11-20,,,,,,,,,,,,,,,,,1227.0,124.75869223078494,126.40412044196688,122.39829059939916,122.48643493652344,855900.0,0.0,0.0,0.0,VDE
2475,,2025-11-20,,,,,,,,,,,,,,,,,2647.0,20.780000686645508,28.270000457763672,19.280000686645508,26.420000076293945,0.0,0.0,0.0,,^VIX
2476,,2025-11-21,,,,,,,,,,,,,,,,,1228.0,122.61377227640082,123.70093067092208,121.36011403070955,123.20142364501952,726300.0,0.0,0.0,0.0,VDE
2477,,2025-11-21,,,,,,,,,,,,,,,,,2648.0,25.969999313354492,27.84000015258789,22.540000915527344,23.43000030517578,0.0,0.0,0.0,,^VIX
2478,,2025-11-24,,,,,,,,,,,,,,,,,1229.0,123.1132742704201,123.42668883805584,121.02710925513166,123.08389282226562,703400.0,0.0,0.0,0.0,VDE
2479,,2025-11-24,,,,,,,,,,,,,,,,,2649.0,22.690000534057617,23.68000030517578,20.40999984741211,20.520000457763672,0.0,0.0,0.0,,^VIX
2480,,2025-11-25,,,,,,,,,,,,,,,,,1230.0,122.40808690543255,122.77046803235514,121.26215821607236,122.48643493652344,472200.0,0.0,0.0,0.0,VDE
2481,,2025-11-25,,,,,,,,,,,,,,,,,2650.0,20.549999237060547,21.770000457763672,18.38999938964844,18.559999465942383,0.0,0.0,0.0,,^VIX
2482,,2025-11-26,,,,,,,,,,,,,,,,,1231.0,122.56479450175958,124.31795972023184,122.48643899567992,123.37771606445312,442200.0,0.0,0.0,0.0,VDE
2483,,2025-11-26,,,,,,,,,,,,,,,,,2651.0,18.25,18.700000762939453,16.93000030517578,17.190000534057617,0.0,0.0,0.0,,^VIX
2484,,2025-11-28,,,,,,,,,,,,,,,,,1232.0,123.49523705022708,125.4834612372525,123.4070927136084,125.042724609375,150900.0,0.0,0.0,0.0,VDE
2485,,2025-11-28,,,,,,,,,,,,,,,,,2652.0,17.40999984741211,18.520000457763672,15.779999732971191,16.350000381469727,0.0,0.0,0.0,,^VIX
2486,59.0,2025-12-01,190.449,190.355,4.2,440.667,344.679,181.077,251.883,61.052,150.773,455.909,205.046,285.661,261.333,30.9,330.506,324.054,1233.0,125.15046176058864,126.81547510459072,125.14066545459556,126.1200942993164,362900.0,0.0,0.0,0.0,VDE
2487,59.0,2025-12-01,190.449,190.355,4.2,440.667,344.679,181.077,251.883,61.052,150.773,455.909,205.046,285.661,261.333,30.9,330.506,324.054,2653.0,18.049999237060547,18.329999923706055,16.579999923706055,17.239999771118164,0.0,0.0,0.0,,^VIX
2488,,2025-12-02,,,,,,,,,,,,,,,,,1234.0,126.04173282434115,126.04173282434115,123.99473836751604,124.5921859741211,429600.0,0.0,0.0,0.0,VDE
2489,,2025-12-02,,,,,,,,,,,,,,,,,2654.0,17.280000686645508,17.309999465942383,16.389999389648438,16.59000015258789,0.0,0.0,0.0,,^VIX
2490,,2025-12-03,,,,,,,,,,,,,,,,,1235.0,125.36594370053528,127.3345754050851,125.36594370053528,127.1778793334961,379900.0,0.0,0.0,0.0,VDE
2491,,2025-12-03,,,,,,,,,,,,,,,,,2655.0,16.43000030517578,17.280000686645508,15.93000030517578,16.079999923706055,0.0,0.0,0.0,,^VIX
2492,,2025-12-04,,,,,,,,,,,,,,,,,1236.0,126.92321615221068,127.91244133487072,126.72733486037596,127.72634887695312,275900.0,0.0,0.0,0.0,VDE
2493,,2025-12-04,,,,,,,,,,,,,,,,,2656.0,16.229999542236328,16.6299991607666,15.68000030517578,15.779999732971191,0.0,0.0,0.0,,^VIX
2494,,2025-12-05,,,,,,,,,,,,,,,,,1237.0,127.59900904869788,129.13670770272446,127.11908721923828,127.11908721923828,593800.0,0.0,0.0,0.0,VDE
2495,,2025-12-05,,,,,,,,,,,,,,,,,2657.0,15.579999923706056,16.18000030517578,15.279999732971191,15.40999984741211,0.0,0.0,0.0,,^VIX
2496,,2025-12-08,,,,,,,,,,,,,,,,,1238.0,126.2963917611876,127.14849857686076,125.35614807501204,125.70874786376952,962300.0,0.0,0.0,0.0,VDE
2497,,2025-12-08,,,,,,,,,,,,,,,,,2658.0,16.149999618530273,17.09000015258789,16.100000381469727,16.65999984741211,0.0,0.0,0.0,,^VIX
2498,,2025-12-09,,,,,,,,,,,,,,,,,1239.0,125.97316406025318,127.53045530057504,125.77728278728696,126.50205993652344,593000.0,0.0,0.0,0.0,VDE
2499,,2025-12-09,,,,,,,,,,,,,,,,,2659.0,16.65999984741211,17.200000762939453,16.450000762939453,16.93000030517578,0.0,0.0,0.0,,^VIX
2500,,2025-12-10,,,,,,,,,,,,,,,,,1240.0,126.81548210943336,127.824284983072,126.09071981853856,127.57942962646484,891000.0,0.0,0.0,0.0,VDE
2501,,2025-12-10,,,,,,,,,,,,,,,,,2660.0,16.940000534057617,17.65999984741211,15.5600004196167,15.770000457763672,0.0,0.0,0.0,,^VIX
2502,,2025-12-11,,,,,,,,,,,,,,,,,1241.0,126.80569700435628,127.70676294979468,126.61960453669673,127.05055236816406,558000.0,0.0,0.0,0.0,VDE
2503,,2025-12-11,,,,,,,,,,,,,,,,,2661.0,16.84000015258789,16.8799991607666,14.850000381469728,14.850000381469728,0.0,0.0,0.0,,^VIX
2504,,2025-12-12,,,,,,,,,,,,,,,,,1242.0,127.23663618437328,127.65778020799,125.39531919140772,125.6597671508789,489300.0,0.0,0.0,0.0,VDE
2505,,2025-12-12,,,,,,,,,,,,,,,,,2662.0,14.989999771118164,17.850000381469727,14.850000381469728,15.739999771118164,0.0,0.0,0.0,,^VIX
2506,,2025-12-15,,,,,,,,,,,,,,,,,1243.0,125.9242134499819,125.9242134499819,123.67153382447404,124.65095520019533,550100.0,0.0,0.0,0.0,VDE
2507,,2025-12-15,,,,,,,,,,,,,,,,,2663.0,16.510000228881836,17.350000381469727,15.989999771118164,16.5,0.0,0.0,0.0,,^VIX
2508,,2025-12-16,,,,,,,,,,,,,,,,,1244.0,123.45607089804729,123.6715373300041,120.68430653281492,120.88998413085938,931800.0,0.0,0.0,0.0,VDE
2509,,2025-12-16,,,,,,,,,,,,,,,,,2664.0,17.280000686645508,17.610000610351562,16.190000534057617,16.479999542236328,0.0,0.0,0.0,,^VIX
2510,,2025-12-17,,,,,,,,,,,,,,,,,1245.0,121.83614395601032,123.57440492043727,121.56947502568018,123.33736419677734,819000.0,1.028,0.0,0.0,VDE
2511,,2025-12-17,,,,,,,,,,,,,,,,,2665.0,16.450000762939453,18.0,15.81999969482422,17.6200008392334,0.0,0.0,0.0,,^VIX
2512,,2025-12-18,,,,,,,,,,,,,,,,,1246.0,123.24848080484428,123.24848080484428,121.27318663222428,121.5892333984375,753000.0,0.0,0.0,0.0,VDE
2513,,2025-12-18,,,,,,,,,,,,,,,,,2666.0,17.610000610351562,17.68000030517578,15.93000030517578,16.8700008392334,0.0,0.0,0.0,,^VIX
2514,,2025-12-19,,,,,,,,,,,,,,,,,1247.0,121.97441784671145,122.82379496246404,121.59911465829845,121.86577606201172,514000.0,0.0,0.0,0.0,VDE
2515,,2025-12-19,,,,,,,,,,,,,,,,,2667.0,16.309999465942383,16.530000686645508,14.90999984741211,14.90999984741211,0.0,0.0,0.0,,^VIX
2516,,2025-12-22,,,,,,,,,,,,,,,,,1248.0,123.0410810202982,123.9200863614464,122.86330423584413,123.07070922851562,502900.0,0.0,0.0,0.0,VDE
2517,,2025-12-22,,,,,,,,,,,,,,,,,2668.0,15.15999984741211,15.260000228881836,14.029999732971191,14.079999923706056,0.0,0.0,0.0,,^VIX
2518,,2025-12-23,,,,,,,,,,,,,,,,,1249.0,123.39663537087677,123.98922214442771,123.07071000812137,123.8509521484375,305300.0,0.0,0.0,0.0,VDE
2519,,2025-12-23,,,,,,,,,,,,,,,,,2669.0,14.09000015258789,14.449999809265137,13.640000343322754,14.0,0.0,0.0,0.0,,^VIX
2520,,2025-12-24,,,,,,,,,,,,,,,,,1250.0,123.73243009808009,123.959592251348,123.29786295364552,123.42626190185548,202900.0,0.0,0.0,0.0,VDE
2521,,2025-12-24,,,,,,,,,,,,,,,,,2670.0,14.09000015258789,14.15999984741211,13.380000114440918,13.470000267028809,0.0,0.0,0.0,,^VIX
2522,,2025-12-26,,,,,,,,,,,,,,,,,1251.0,123.27811491648151,123.623789906217,122.40898815155374,122.9719467163086,360000.0,0.0,0.0,0.0,VDE
2523,,2025-12-26,,,,,,,,,,,,,,,,,2671.0,14.119999885559082,14.289999961853027,13.520000457763672,13.600000381469728,0.0,0.0,0.0,,^VIX
2524,,2025-12-29,,,,,,,,,,,,,,,,,1252.0,123.73243296284488,124.4336615306864,123.29786580834885,124.11761474609376,526700.0,0.0,0.0,0.0,VDE
2525,,2025-12-29,,,,,,,,,,,,,,,,,2672.0,14.6899995803833,15.079999923706056,13.989999771118164,14.199999809265137,0.0,0.0,0.0,,^VIX
2526,,2025-12-30,,,,,,,,,,,,,,,,,1253.0,124.60156852845452,125.43118852069588,124.60156852845452,125.0558853149414,403600.0,0.0,0.0,0.0,VDE
2527,,2025-12-30,,,,,,,,,,,,,,,,,2673.0,14.43000030517578,14.619999885559082,14.039999961853027,14.329999923706056,0.0,0.0,0.0,,^VIX
2528,,2025-12-31,,,,,,,,,,,,,,,,,1254.0,125.03612519133137,125.03612519133137,123.96946448215115,124.3645248413086,413600.0,0.0,0.0,0.0,VDE
2529,,2025-12-31,,,,,,,,,,,,,,,,,2674.0,14.770000457763672,15.170000076293944,14.380000114440918,14.949999809265137,0.0,0.0,0.0,,^VIX
2530,60.0,2026-01-01,191.864,193.412,4.0,441.718,347.872,181.359,253.279,61.572,152.145,455.931,202.159,286.706,263.608,30.7,331.95,325.252,,,,,,,,,,
2531,,2026-01-02,,,,,,,,,,,,,,,,,1255.0,124.34477808781364,127.40648275552896,123.79169055815136,127.07068634033205,747700.0,0.0,0.0,0.0,VDE
2532,,2026-01-02,,,,,,,,,,,,,,,,,2675.0,14.850000381469728,15.420000076293944,14.460000038146973,14.510000228881836,0.0,0.0,0.0,,^VIX
2533,,2026-01-05,,,,,,,,,,,,,,,,,1256.0,131.3373123989603,131.47558239568667,126.93241459589184,130.00399780273438,1495300.0,0.0,0.0,0.0,VDE
2534,,2026-01-05,,,,,,,,,,,,,,,,,2676.0,15.140000343322754,15.270000457763672,14.649999618530272,14.899999618530272,0.0,0.0,0.0,,^VIX
2535,,2026-01-06,,,,,,,,,,,,,,,,,1257.0,130.23115097632737,130.3792920174935,126.56697349839328,126.84351348876952,1031700.0,0.0,0.0,0.0,VDE
2536,,2026-01-06,,,,,,,,,,,,,,,,,2677.0,15.0,15.210000038146973,14.630000114440918,14.75,0.0,0.0,0.0,,^VIX
2537,,2026-01-07,,,,,,,,,,,,,,,,,1258.0,127.38671921584174,127.38671921584174,125.33241896685446,125.52994537353516,808700.0,0.0,0.0,0.0,VDE
2538,,2026-01-07,,,,,,,,,,,,,,,,,2678.0,14.949999809265137,15.479999542236328,14.829999923706056,15.380000114440918,0.0,0.0,0.0,,^VIX
2539,,2026-01-08,,,,,,,,,,,,,,,,,1259.0,126.10279792883736,130.0731364559642,125.89539291590502,129.25338745117188,783600.0,0.0,0.0,0.0,VDE
2540,,2026-01-08,,,,,,,,,,,,,,,,,2679.0,15.6899995803833,15.850000381469728,15.149999618530272,15.449999809265137,0.0,0.0,0.0,,^VIX
2541,,2026-01-09,,,,,,,,,,,,,,,,,1260.0,129.8064545460709,130.22127960088494,129.2040042666534,129.5792999267578,688900.0,0.0,0.0,0.0,VDE
2542,,2026-01-09,,,,,,,,,,,,,,,,,2680.0,15.68000030517578,15.8100004196167,14.43000030517578,14.489999771118164,0.0,0.0,0.0,,^VIX
2543,,2026-01-12,,,,,,,,,,,,,,,,,1261.0,129.8360996276876,129.87559888234745,128.26572922199443,128.86819458007812,419700.0,0.0,0.0,0.0,VDE
2544,,2026-01-12,,,,,,,,,,,,,,,,,2681.0,16.059999465942383,16.65999984741211,15.029999732971191,15.119999885559082,0.0,0.0,0.0,,^VIX
2545,,2026-01-13,,,,,,,,,,,,,,,,,1262.0,129.83609269962912,131.71261613697845,129.83609269962912,130.7842254638672,640300.0,0.0,0.0,0.0,VDE
2546,,2026-01-13,,,,,,,,,,,,,,,,,2682.0,15.359999656677246,16.5,14.75,15.979999542236328,0.0,0.0,0.0,,^VIX
2547,,2026-01-14,,,,,,,,,,,,,,,,,1263.0,131.31757859976565,135.26816740749229,131.31757859976565,133.6780548095703,1216300.0,0.0,0.0,0.0,VDE
2548,,2026-01-14,,,,,,,,,,,,,,,,,2683.0,16.329999923706055,18.100000381469727,16.219999313354492,16.75,0.0,0.0,0.0,,^VIX
2549,,2026-01-15,,,,,,,,,,,,,,,,,1264.0,132.3052150243003,133.70767212836503,131.4755799888304,132.57186889648438,822500.0,0.0,0.0,0.0,VDE
2550,,2026-01-15,,,,,,,,,,,,,,,,,2684.0,16.520000457763672,16.540000915527344,15.300000190734863,15.84000015258789,0.0,0.0,0.0,,^VIX
2551,,2026-01-16,,,,,,,,,,,,,,,,,1265.0,132.70026369055077,133.20395828142924,132.34471013513698,132.95704650878906,379200.0,0.0,0.0,0.0,VDE
2552,,2026-01-16,,,,,,,,,,,,,,,,,2685.0,15.4399995803833,16.290000915527344,15.300000190734863,15.859999656677246,0.0,0.0,0.0,,^VIX
2553,,2026-01-20,,,,,,,,,,,,,,,,,1266.0,133.88545238538424,134.40890419718582,132.28546873952283,132.54225158691406,728800.0,0.0,0.0,0.0,VDE
2554,,2026-01-20,,,,,,,,,,,,,,,,,2686.0,19.940000534057617,20.989999771118164,18.63999938964844,20.09000015258789,0.0,0.0,0.0,,^VIX
2555,,2026-01-21,,,,,,,,,,,,,,,,,1267.0,134.4879063231869,136.6903551778479,134.4879063231869,135.979248046875,775700.0,0.0,0.0,0.0,VDE
2556,,2026-01-21,,,,,,,,,,,,,,,,,2687.0,19.309999465942383,20.809999465942383,16.670000076293945,16.899999618530273,0.0,0.0,0.0,,^VIX
2557,,2026-01-22,,,,,,,,,,,,,,,,,1268.0,135.73233429154055,136.54221215069862,135.1595122329883,136.27554321289062,809000.0,0.0,0.0,0.0,VDE
2558,,2026-01-22,,,,,,,,,,,,,,,,,2688.0,16.649999618530273,16.670000076293945,15.270000457763672,15.640000343322754,0.0,0.0,0.0,,^VIX
2559,,2026-01-23,,,,,,,,,,,,,,,,,1269.0,137.96442320439232,138.9125559631168,136.71010719140003,136.97677612304688,776300.0,0.0,0.0,0.0,VDE
2560,,2026-01-23,,,,,,,,,,,,,,,,,2689.0,15.68000030517578,16.209999084472656,15.300000190734863,16.09000015258789,0.0,0.0,0.0,,^VIX
2561,,2026-01-26,,,,,,,,,,,,,,,,,1270.0,138.61627389495197,138.6755303085849,136.32492543248725,136.97677612304688,705700.0,0.0,0.0,0.0,VDE
2562,,2026-01-26,,,,,,,,,,,,,,,,,2690.0,16.899999618530273,17.389999389648438,15.800000190734863,16.149999618530273,0.0,0.0,0.0,,^VIX
2563,,2026-01-27,,,,,,,,,,,,,,,,,1271.0,137.38172946024264,138.64591665140597,136.90764796083135,138.4187469482422,511600.0,0.0,0.0,0.0,VDE
2564,,2026-01-27,,,,,,,,,,,,,,,,,2691.0,16.020000457763672,16.3700008392334,15.739999771118164,16.350000381469727,0.0,0.0,0.0,,^VIX
2565,,2026-01-28,,,,,,,,,,,,,,,,,1272.0,139.25824846492642,139.55454562465638,137.95454699023438,139.3175048828125,679700.0,0.0,0.0,0.0,VDE
2566,,2026-01-28,,,,,,,,,,,,,,,,,2692.0,16.09000015258789,17.18000030517578,16.049999237060547,16.350000381469727,0.0,0.0,0.0,,^VIX
2567,,2026-01-29,,,,,,,,,,,,,,,,,1273.0,142.17179069596884,143.9001730439546,140.66069190592512,140.8779754638672,1398700.0,0.0,0.0,0.0,VDE
2568,,2026-01-29,,,,,,,,,,,,,,,,,2693.0,16.040000915527344,19.739999771118164,16.020000457763672,16.8799991607666,0.0,0.0,0.0,,^VIX
2569,,2026-01-30,,,,,,,,,,,,,,,,,1274.0,140.29526719678051,142.26067519151954,138.91255227740484,142.01376342773438,1291800.0,0.0,0.0,0.0,VDE
2570,,2026-01-30,,,,,,,,,,,,,,,,,2694.0,18.719999313354492,19.270000457763672,16.670000076293945,17.440000534057617,0.0,0.0,0.0,,^VIX
2571,61.0,2026-02-01,192.918,195.674,3.4,442.157,352.767,183.307,257.028,67.007,153.156,455.996,199.507,287.633,269.535,30.6,333.242,326.785,,,,,,,,,,
2572,,2026-02-02,,,,,,,,,,,,,,,,,1275.0,139.44589887183167,140.64094344413152,138.53726533255357,139.3866424560547,1198700.0,0.0,0.0,0.0,VDE
2573,,2026-02-02,,,,,,,,,,,,,,,,,2695.0,19.950000762939453,19.959999084472656,16.079999923706055,16.34000015258789,0.0,0.0,0.0,,^VIX
2574,,2026-02-03,,,,,,,,,,,,,,,,,1276.0,139.71256300187144,143.9495623573061,139.38663765602286,143.69277954101562,1333300.0,0.0,0.0,0.0,VDE
2575,,2026-02-03,,,,,,,,,,,,,,,,,2696.0,16.15999984741211,20.3700008392334,16.049999237060547,18.0,0.0,0.0,0.0,,^VIX
2576,,2026-02-04,,,,,,,,,,,,,,,,,1277.0,144.2162434873772,146.89275886950944,144.10760169623862,146.56683349609375,1118600.0,0.0,0.0,0.0,VDE
2577,,2026-02-04,,,,,,,,,,,,,,,,,2697.0,17.6299991607666,21.239999771118164,17.469999313354492,18.63999938964844,0.0,0.0,0.0,,^VIX
2578,,2026-02-05,,,,,,,,,,,,,,,,,1278.0,145.08535687091282,145.53968118008513,142.57673980025464,144.76931762695312,823600.0,0.0,0.0,0.0,VDE
2579,,2026-02-05,,,,,,,,,,,,,,,,,2698.0,19.239999771118164,23.100000381469727,19.059999465942383,21.770000457763672,0.0,0.0,0.0,,^VIX
2580,,2026-02-06,,,,,,,,,,,,,,,,,1279.0,145.4902903317112,148.34458981733286,145.34214929641715,148.03842163085938,638700.0,0.0,0.0,0.0,VDE
2581,,2026-02-06,,,,,,,,,,,,,,,,,2699.0,21.239999771118164,21.489999771118164,19.989999771118164,20.3700008392334,0.0,0.0,0.0,,^VIX
2582,,2026-02-09,,,,,,,,,,,,,,,,,1280.0,148.05818020967052,149.56927906532994,147.4162005532206,149.39149475097656,571800.0,0.0,0.0,0.0,VDE
2583,,2026-02-09,,,,,,,,,,,,,,,,,2700.0,17.950000762939453,19.200000762939453,16.899999618530273,17.360000610351562,0.0,0.0,0.0,,^VIX
2584,,2026-02-10,,,,,,,,,,,,,,,,,1281.0,149.8359603436475,149.8359603436475,148.14707703452197,148.9569549560547,580000.0,0.0,0.0,0.0,VDE
2585,,2026-02-10,,,,,,,,,,,,,,,,,2701.0,17.469999313354492,17.969999313354492,17.139999389648438,17.790000915527344,0.0,0.0,0.0,,^VIX
2586,,2026-02-11,,,,,,,,,,,,,,,,,1282.0,151.08037484718824,152.9766554300174,150.97173306571003,152.7791290283203,607000.0,0.0,0.0,0.0,VDE
2587,,2026-02-11,,,,,,,,,,,,,,,,,2702.0,17.8700008392334,18.959999084472656,16.75,17.649999618530273,0.0,0.0,0.0,,^VIX
2588,,2026-02-12,,,,,,,,,,,,,,,,,1283.0,152.48283742029153,153.25320096405565,148.94705894158744,149.71742248535156,1391800.0,0.0,0.0,0.0,VDE
2589,,2026-02-12,,,,,,,,,,,,,,,,,2703.0,17.440000534057617,21.209999084472656,17.079999923706055,20.81999969482422,0.0,0.0,0.0,,^VIX
2590,,2026-02-13,,,,,,,,,,,,,,,,,1284.0,149.66803712044205,151.60383209605286,149.3026125105238,151.0606231689453,575000.0,0.0,0.0,0.0,VDE
2591,,2026-02-13,,,,,,,,,,,,,,,,,2704.0,21.479999542236328,22.399999618530273,18.920000076293945,20.600000381469727,0.0,0.0,0.0,,^VIX
2592,,2026-02-17,,,,,,,,,,,,,,,,,1285.0,151.56434369893665,152.38407760093574,147.64338316736462,149.2729949951172,755500.0,0.0,0.0,0.0,VDE
2593,,2026-02-17,,,,,,,,,,,,,,,,,2705.0,21.739999771118164,22.959999084472656,19.760000228881836,20.290000915527344,0.0,0.0,0.0,,^VIX
2594,,2026-02-18,,,,,,,,,,,,,,,,,1286.0,151.15939528830654,152.44333956310808,150.77421351289598,152.206298828125,801400.0,0.0,0.0,0.0,VDE
2595,,2026-02-18,,,,,,,,,,,,,,,,,2706.0,19.780000686645508,20.34000015258789,18.479999542236328,19.6200008392334,0.0,0.0,0.0,,^VIX
2596,,2026-02-19,,,,,,,,,,,,,,,,,1287.0,153.5890053081763,155.09023321968002,152.69025784084357,153.49024963378906,849000.0,0.0,0.0,0.0,VDE
2597,,2026-02-19,,,,,,,,,,,,,,,,,2707.0,19.34000015258789,21.11000061035156,19.229999542236328,20.229999542236328,0.0,0.0,0.0,,^VIX
2598,,2026-02-20,,,,,,,,,,,,,,,,,1288.0,152.95690699876175,153.77665592937524,151.57420703766624,152.83839416503906,612000.0,0.0,0.0,0.0,VDE
2599,,2026-02-20,,,,,,,,,,,,,,,,,2708.0,20.040000915527344,21.209999084472656,18.760000228881836,19.09000015258789,0.0,0.0,0.0,,^VIX
2600,,2026-02-23,,,,,,,,,,,,,,,,,1289.0,153.2235775273442,155.58405360192728,152.53222753965656,153.26307678222656,678900.0,0.0,0.0,0.0,VDE
2601,,2026-02-23,,,,,,,,,,,,,,,,,2709.0,20.489999771118164,22.040000915527344,19.5,21.010000228881836,0.0,0.0,0.0,,^VIX
2602,,2026-02-24,,,,,,,,,,,,,,,,,1290.0,153.06554245006566,153.59888032033797,151.30753182789144,153.3124542236328,708100.0,0.0,0.0,0.0,VDE
2603,,2026-02-24,,,,,,,,,,,,,,,,,2710.0,21.239999771118164,22.079999923706055,19.229999542236328,19.549999237060547,0.0,0.0,0.0,,^VIX
2604,,2026-02-25,,,,,,,,,,,,,,,,,1291.0,153.94454894156763,153.94454894156763,150.7445819765918,152.7001190185547,593600.0,0.0,0.0,0.0,VDE
2605,,2026-02-25,,,,,,,,,,,,,,,,,2711.0,19.59000015258789,19.6200008392334,17.860000610351562,17.93000030517578,0.0,0.0,0.0,,^VIX
2606,,2026-02-26,,,,,,,,,,,,,,,,,1292.0,151.435926464034,154.86306298926215,150.5174068559423,153.28282165527344,1258500.0,0.0,0.0,0.0,VDE
2607,,2026-02-26,,,,,,,,,,,,,,,,,2712.0,18.06999969482422,20.540000915527344,17.5,18.6299991607666,0.0,0.0,0.0,,^VIX
2608,,2026-02-27,,,,,,,,,,,,,,,,,1293.0,154.81367538138258,156.2753887984739,152.9964084228044,155.64329528808594,805500.0,0.0,0.0,0.0,VDE
2609,,2026-02-27,,,,,,,,,,,,,,,,,2713.0,19.280000686645508,21.739999771118164,18.770000457763672,19.86000061035156,0.0,0.0,0.0,,^VIX
2610,62.0,2026-03-01,198.245,196.593,3.8,442.864,355.488,191.312,265.783,68.269,154.675,455.996,200.495,288.439,276.109,30.3,334.391,330.213,,,,,,,,,,
2611,,2026-03-02,,,,,,,,,,,,,,,,,1294.0,161.28277525408396,161.28277525408396,156.66057896631415,158.9025421142578,4544900.0,0.0,0.0,0.0,VDE
2612,,2026-03-02,,,,,,,,,,,,,,,,,2714.0,24.65999984741211,25.239999771118164,20.3700008392334,21.440000534057617,0.0,0.0,0.0,,^VIX
2613,,2026-03-03,,,,,,,,,,,,,,,,,1295.0,159.66304342452196,160.4037787941603,156.19639224962262,157.4112091064453,4039600.0,0.0,0.0,0.0,VDE
2614,,2026-03-03,,,,,,,,,,,,,,,,,2715.0,24.56999969482422,28.149999618530273,22.18000030517578,23.56999969482422,0.0,0.0,0.0,,^VIX
2615,,2026-03-04,,,,,,,,,,,,,,,,,1296.0,156.1173775897546,157.19390926539936,154.23096809333614,156.8877410888672,1179000.0,0.0,0.0,0.0,VDE
2616,,2026-03-04,,,,,,,,,,,,,,,,,2716.0,24.38999938964844,24.8700008392334,20.399999618530273,21.149999618530273,0.0,0.0,0.0,,^VIX
2617,,2026-03-05,,,,,,,,,,,,,,,,,1297.0,157.61860220736483,159.0408164889486,156.35441508380134,157.58897399902344,1508000.0,0.0,0.0,0.0,VDE
2618,,2026-03-05,,,,,,,,,,,,,,,,,2717.0,22.11000061035156,25.84000015258789,20.549999237060547,23.75,0.0,0.0,0.0,,^VIX
2619,,2026-03-06,,,,,,,,,,,,,,,,,1298.0,159.2581088727347,159.75193246613853,156.73960553231515,157.6482391357422,1791200.0,0.0,0.0,0.0,VDE
2620,,2026-03-06,,,,,,,,,,,,,,,,,2718.0,23.200000762939453,29.93000030517578,22.920000076293945,29.489999771118164,0.0,0.0,0.0,,^VIX
2621,,2026-03-09,,,,,,,,,,,,,,,,,1299.0,158.5865136521135,159.2976057513239,156.05812423257692,157.1149139404297,1968600.0,0.0,0.0,0.0,VDE
2622,,2026-03-09,,,,,,,,,,,,,,,,,2719.0,35.119998931884766,35.29999923706055,24.760000228881836,25.5,0.0,0.0,0.0,,^VIX
2623,,2026-03-10,,,,,,,,,,,,,,,,,1300.0,156.18651631701564,157.54947417700578,154.62603204536154,155.208740234375,1834100.0,0.0,0.0,0.0,VDE
2624,,2026-03-10,,,,,,,,,,,,,,,,,2720.0,24.38999938964844,26.010000228881836,22.190000534057617,24.93000030517578,0.0,0.0,0.0,,^VIX
2625,,2026-03-11,,,,,,,,,,,,,,,,,1301.0,155.0013419604996,159.03094403248173,154.96182763619535,158.92230224609375,885700.0,0.0,0.0,0.0,VDE
2626,,2026-03-11,,,,,,,,,,,,,,,,,2721.0,24.899999618530273,26.229999542236328,23.75,24.229999542236328,0.0,0.0,0.0,,^VIX
2627,,2026-03-12,,,,,,,,,,,,,,,,,1302.0,159.35688220899425,161.95438410470226,159.00132861315393,160.14698791503906,1225600.0,0.0,0.0,0.0,VDE
2628,,2026-03-12,,,,,,,,,,,,,,,,,2722.0,25.479999542236328,27.329999923706055,24.600000381469727,27.290000915527344,0.0,0.0,0.0,,^VIX
2629,,2026-03-13,,,,,,,,,,,,,,,,,1303.0,159.89019023047842,161.2630191122441,159.1000695274531,160.76919555664062,850600.0,0.0,0.0,0.0,VDE
2630,,2026-03-13,,,,,,,,,,,,,,,,,2723.0,27.850000381469727,28.469999313354492,24.670000076293945,27.190000534057617,0.0,0.0,0.0,,^VIX
2631,,2026-03-16,,,,,,,,,,,,,,,,,1304.0,160.78895292044544,161.87535570195786,159.50500866020442,161.1840057373047,824600.0,0.0,0.0,0.0,VDE
2632,,2026-03-16,,,,,,,,,,,,,,,,,2724.0,25.8799991607666,26.420000076293945,23.229999542236328,23.510000228881836,0.0,0.0,0.0,,^VIX
2633,,2026-03-17,,,,,,,,,,,,,,,,,1305.0,161.74697871044157,164.4926365942986,161.74697871044157,163.09017944335938,881000.0,0.0,0.0,0.0,VDE
2634,,2026-03-17,,,,,,,,,,,,,,,,,2725.0,24.559999465942383,24.579999923706055,21.8700008392334,22.3700008392334,0.0,0.0,0.0,,^VIX
2635,,2026-03-18,,,,,,,,,,,,,,,,,1306.0,163.65312969215748,164.38399400824744,162.93215149255624,163.18893432617188,963700.0,0.0,0.0,0.0,VDE
2636,,2026-03-18,,,,,,,,,,,,,,,,,2726.0,21.510000228881836,25.1299991607666,21.469999313354492,25.09000015258789,0.0,0.0,0.0,,^VIX
2637,,2026-03-19,,,,,,,,,,,,,,,,,1307.0,164.28522965973957,166.9815173340009,163.5543803855018,165.8160858154297,1480300.0,0.0,0.0,0.0,VDE
2638,,2026-03-19,,,,,,,,,,,,,,,,,2727.0,25.600000381469727,27.520000457763672,23.540000915527344,24.059999465942383,0.0,0.0,0.0,,^VIX
2639,,2026-03-20,,,,,,,,,,,,,,,,,1308.0,166.47779010760746,168.35432860983536,165.47038586200293,165.6975555419922,1418400.0,0.0,0.0,0.0,VDE
2640,,2026-03-20,,,,,,,,,,,,,,,,,2728.0,24.459999084472656,29.280000686645508,23.68000030517578,26.780000686645508,0.0,0.0,0.0,,^VIX
2641,,2026-03-23,,,,,,,,,,,,,,,,,1309.0,162.85312505800002,168.11728575886184,162.1321469153063,167.3370361328125,1660900.0,0.0,0.0,0.0,VDE
2642,,2026-03-23,,,,,,,,,,,,,,,,,2729.0,30.040000915527344,31.040000915527344,20.280000686645508,26.149999618530273,0.0,0.0,0.0,,^VIX
2643,,2026-03-24,,,,,,,,,,,,,,,,,1310.0,167.99164950325397,172.68015951754208,167.96185087173396,170.9716339111328,874500.0,0.969,0.0,0.0,VDE
2644,,2026-03-24,,,,,,,,,,,,,,,,,2730.0,25.90999984741211,27.940000534057617,25.63999938964844,26.950000762939453,0.0,0.0,0.0,,^VIX
2645,,2026-03-25,,,,,,,,,,,,,,,,,1311.0,169.35252959964973,171.20012065056656,169.35252959964973,170.2961883544922,558400.0,0.0,0.0,0.0,VDE
2646,,2026-03-25,,,,,,,,,,,,,,,,,2731.0,25.790000915527344,26.670000076293945,24.81999969482422,25.329999923706055,0.0,0.0,0.0,,^VIX
2647,,2026-03-26,,,,,,,,,,,,,,,,,1312.0,170.72330551225616,173.882096933498,170.51471508717458,172.97816467285156,816500.0,0.0,0.0,0.0,VDE
2648,,2026-03-26,,,,,,,,,,,,,,,,,2732.0,26.489999771118164,28.489999771118164,26.1200008392334,27.440000534057617,0.0,0.0,0.0,,^VIX
2649,,2026-03-27,,,,,,,,,,,,,,,,,1313.0,172.94836093446193,176.2660732435787,172.1934370138617,175.7694091796875,1077600.0,0.0,0.0,0.0,VDE
2650,,2026-03-27,,,,,,,,,,,,,,,,,2733.0,27.540000915527344,31.649999618530273,27.540000915527344,31.049999237060547,0.0,0.0,0.0,,^VIX
2651,,2026-03-30,,,,,,,,,,,,,,,,,1314.0,177.31900436317017,178.14346855470643,173.37549035589876,173.83242797851562,1403000.0,0.0,0.0,0.0,VDE
2652,,2026-03-30,,,,,,,,,,,,,,,,,2734.0,30.790000915527344,31.520000457763672,29.329999923706055,30.61000061035156,0.0,0.0,0.0,,^VIX
2653,,2026-03-31,,,,,,,,,,,,,,,,,1315.0,174.1602280199895,176.27602184991125,168.6174550712681,171.885498046875,2367800.0,0.0,0.0,0.0,VDE
2654,,2026-03-31,,,,,,,,,,,,,,,,,2735.0,29.530000686645508,29.63999938964844,25.079999923706055,25.25,0.0,0.0,0.0,,^VIX
2655,63.0,2026-04-01,209.449,198.727,4.7,445.029,359.575,200.982,273.092,73.163,156.458,454.338,202.147,289.251,282.755,30.0,335.803,333.02,1316.0,167.69366083955578,170.31604647548406,164.117673537388,165.6871337890625,3301500.0,0.0,0.0,0.0,VDE
2656,63.0,2026-04-01,209.449,198.727,4.7,445.029,359.575,200.982,273.092,73.163,156.458,454.338,202.147,289.251,282.755,30.0,335.803,333.02,2736.0,24.299999237060547,25.350000381469727,23.5,24.540000915527344,0.0,0.0,0.0,,^VIX
2657,,2026-04-02,,,,,,,,,,,,,,,,,1317.0,169.5909049532647,171.4186402055012,166.13412735450763,166.938720703125,1270100.0,0.0,0.0,0.0,VDE
2658,,2026-04-02,,,,,,,,,,,,,,,,,2737.0,26.780000686645508,27.88999938964844,23.8700008392334,23.8700008392334,0.0,0.0,0.0,,^VIX
2659,,2026-04-06,,,,,,,,,,,,,,,,,1318.0,166.5215377084098,168.05125645692524,165.94540553749258,168.00160217285156,1368200.0,0.0,0.0,0.0,VDE
2660,,2026-04-06,,,,,,,,,,,,,,,,,2738.0,24.93000030517578,25.299999237060547,23.780000686645508,24.170000076293945,0.0,0.0,0.0,,^VIX
2661,,2026-04-07,,,,,,,,,,,,,,,,,1319.0,168.3889921041185,170.96170837298902,168.31945185831862,169.4021759033203,1208400.0,0.0,0.0,0.0,VDE
2662,,2026-04-07,,,,,,,,,,,,,,,,,2739.0,25.09000015258789,28.0,24.34000015258789,25.780000686645508,0.0,0.0,0.0,,^VIX
2663,,2026-04-08,,,,,,,,,,,,,,,,,1320.0,159.93576675785803,163.96869194976145,158.43584664426095,163.6806182861328,1730700.0,0.0,0.0,0.0,VDE
2664,,2026-04-08,,,,,,,,,,,,,,,,,2740.0,20.969999313354492,22.170000076293945,19.90999984741211,21.040000915527344,0.0,0.0,0.0,,^VIX
2665,,2026-04-09,,,,,,,,,,,,,,,,,1321.0,163.710411499435,166.33279723355255,161.03835632595843,161.644287109375,2444000.0,0.0,0.0,0.0,VDE
2666,,2026-04-09,,,,,,,,,,,,,,,,,2741.0,21.25,21.6299991607666,19.450000762939453,19.489999771118164,0.0,0.0,0.0,,^VIX
2667,,2026-04-10,,,,,,,,,,,,,,,,,1322.0,161.09795340565387,161.94228840283463,159.16096652875166,160.71055603027344,838300.0,0.0,0.0,0.0,VDE
2668,,2026-04-10,,,,,,,,,,,,,,,,,2742.0,19.709999084472656,20.280000686645508,18.829999923706055,19.229999542236328,0.0,0.0,0.0,,^VIX
2669,,2026-04-13,,,,,,,,,,,,,,,,,1323.0,162.3197636325548,162.91575145407822,159.9159112246774,161.2270965576172,831900.0,0.0,0.0,0.0,VDE
2670,,2026-04-13,,,,,,,,,,,,,,,,,2743.0,21.170000076293945,21.579999923706055,18.959999084472656,19.1200008392334,0.0,0.0,0.0,,^VIX
2671,,2026-04-14,,,,,,,,,,,,,,,,,1324.0,159.51855819864005,159.62782489746562,156.4690487701187,157.63124084472656,1045300.0,0.0,0.0,0.0,VDE
2672,,2026-04-14,,,,,,,,,,,,,,,,,2744.0,18.729999542236328,18.760000228881836,17.889999389648438,18.36000061035156,0.0,0.0,0.0,,^VIX
2673,,2026-04-15,,,,,,,,,,,,,,,,,1325.0,156.88624563991567,158.56497258721254,155.87304671393468,157.39283752441406,829800.0,0.0,0.0,0.0,VDE
2674,,2026-04-15,,,,,,,,,,,,,,,,,2745.0,18.18000030517578,18.5,17.399999618530273,18.170000076293945,0.0,0.0,0.0,,^VIX
2675,,2026-04-16,,,,,,,,,,,,,,,,,1326.0,157.7107154289056,160.4820943125564,157.50210984726164,159.85629272460938,889100.0,0.0,0.0,0.0,VDE
2676,,2026-04-16,,,,,,,,,,,,,,,,,2746.0,18.040000915527344,19.09000015258789,17.760000228881836,17.940000534057617,0.0,0.0,0.0,,^VIX
2677,,2026-04-17,,,,,,,,,,,,,,,,,1327.0,153.8764680032678,155.4757269377933,150.88654055868528,155.0287322998047,1864000.0,0.0,0.0,0.0,VDE
2678,,2026-04-17,,,,,,,,,,,,,,,,,2747.0,18.18000030517578,18.239999771118164,16.8700008392334,17.479999542236328,0.0,0.0,0.0,,^VIX
2679,,2026-04-20,,,,,,,,,,,,,,,,,1328.0,155.61479454934835,157.02531873009252,154.47245806112937,155.40618896484375,736200.0,0.0,0.0,0.0,VDE
2680,,2026-04-20,,,,,,,,,,,,,,,,,2748.0,19.579999923706055,19.989999771118164,18.770000457763672,18.8700008392334,0.0,0.0,0.0,,^VIX
2681,,2026-04-21,,,,,,,,,,,,,,,,,1329.0,155.803520752539,157.89944367947734,155.20751782131148,157.63124084472656,1187900.0,0.0,0.0,0.0,VDE
2682,,2026-04-21,,,,,,,,,,,,,,,,,2749.0,19.18000030517578,20.850000381469727,18.75,19.5,0.0,0.0,0.0,,^VIX
2683,,2026-04-22,,,,,,,,,,,,,,,,,1330.0,158.87291208966917,160.1940403925255,158.78351619083313,159.67750549316406,688700.0,0.0,0.0,0.0,VDE
2684,,2026-04-22,,,,,,,,,,,,,,,,,2750.0,19.030000686645508,19.540000915527344,18.68000030517578,18.920000076293945,0.0,0.0,0.0,,^VIX
2685,,2026-04-23,,,,,,,,,,,,,,,,,1331.0,160.37283282935772,161.41583045755746,159.71723258797672,160.95889282226562,559700.0,0.0,0.0,0.0,VDE
2686,,2026-04-23,,,,,,,,,,,,,,,,,2751.0,19.420000076293945,21.559999465942383,18.700000762939453,19.309999465942383,0.0,0.0,0.0,,^VIX
2687,,2026-04-24,,,,,,,,,,,,,,,,,1332.0,160.55164108738705,160.81982878714,158.8629710294646,160.6410369873047,425900.0,0.0,0.0,0.0,VDE
2688,,2026-04-24,,,,,,,,,,,,,,,,,2752.0,18.88999938964844,19.350000381469727,18.459999084472656,18.709999084472656,0.0,0.0,0.0,,^VIX
2689,,2026-04-27,,,,,,,,,,,,,,,,,1333.0,161.38602288269726,163.05480686976753,160.27350022465043,160.8098907470703,489200.0,0.0,0.0,0.0,VDE
2690,,2026-04-27,,,,,,,,,,,,,,,,,2753.0,19.209999084472656,19.270000457763672,18.020000457763672,18.020000457763672,0.0,0.0,0.0,,^VIX
2691,,2026-04-28,,,,,,,,,,,,,,,,,1334.0,163.24355087804557,164.05808726805648,162.35948939646448,163.33294677734375,635400.0,0.0,0.0,0.0,VDE
2692,,2026-04-28,,,,,,,,,,,,,,,,,2754.0,18.299999237060547,19.43000030517578,17.780000686645508,17.829999923706055,0.0,0.0,0.0,,^VIX
2693,,2026-04-29,,,,,,,,,,,,,,,,,1335.0,165.09113901174325,167.05792454664075,164.3163442508144,167.00827026367188,805100.0,0.0,0.0,0.0,VDE
2694,,2026-04-29,,,,,,,,,,,,,,,,,2755.0,17.829999923706055,19.0,17.809999465942383,18.809999465942383,0.0,0.0,0.0,,^VIX
2695,,2026-04-30,,,,,,,,,,,,,,,,,1336.0,164.74348330395676,168.94525722539208,163.79980941545583,168.44859313964844,610700.0,0.0,0.0,0.0,VDE
2696,,2026-04-30,,,,,,,,,,,,,,,,,2756.0,18.68000030517578,18.729999542236328,16.8700008392334,16.889999389648438,0.0,0.0,0.0,,^VIX
2697,64.0,2026-05-01,212.413,198.988,4.8,446.38,363.999,203.944,281.492,72.848,157.128,456.602,204.061,289.996,290.515,29.8,336.846,335.123,1337.0,166.8890648658973,168.0214584038209,164.49515543123317,166.40234375,717100.0,0.0,0.0,0.0,VDE
2698,64.0,2026-05-01,212.413,198.988,4.8,446.38,363.999,203.944,281.492,72.848,157.128,456.602,204.061,289.996,290.515,29.8,336.846,335.123,2757.0,17.010000228881836,17.389999389648438,16.440000534057617,16.989999771118164,0.0,0.0,0.0,,^VIX
2699,,2026-05-04,,,,,,,,,,,,,,,,,1338.0,166.28312544281454,168.3095233469233,164.7534067682878,168.12078857421875,569400.0,0.0,0.0,0.0,VDE
2700,,2026-05-04,,,,,,,,,,,,,,,,,2758.0,17.3799991607666,19.079999923706055,17.149999618530273,18.290000915527344,0.0,0.0,0.0,,^VIX
2701,,2026-05-05,,,,,,,,,,,,,,,,,1339.0,167.37579631215718,168.90551502184178,166.620872360973,168.10092163085938,427700.0,0.0,0.0,0.0,VDE
2702,,2026-05-05,,,,,,,,,,,,,,,,,2759.0,17.950000762939453,18.020000457763672,17.200000762939453,17.3799991607666,0.0,0.0,0.0,,^VIX
2703,,2026-05-06,,,,,,,,,,,,,,,,,1340.0,162.22041657487983,163.64088370070996,160.3827686048982,161.34628295898438,978900.0,0.0,0.0,0.0,VDE
2704,,2026-05-06,,,,,,,,,,,,,,,,,2760.0,17.149999618530273,17.459999084472656,16.18000030517578,17.389999389648438,0.0,0.0,0.0,,^VIX
2705,,2026-05-07,,,,,,,,,,,,,,,,,1341.0,158.28684244290434,158.75370787321427,155.92271666022717,158.24710083007812,1049700.0,0.0,0.0,0.0,VDE
2706,,2026-05-07,,,,,,,,,,,,,,,,,2761.0,17.530000686645508,17.600000381469727,16.850000381469727,17.079999923706055,0.0,0.0,0.0,,^VIX
2707,,2026-05-08,,,,,,,,,,,,,,,,,1342.0,157.9590478961533,158.81331071813435,156.88625166689894,157.3233184814453,478400.0,0.0,0.0,0.0,VDE
2708,,2026-05-08,,,,,,,,,,,,,,,,,2762.0,17.3700008392334,17.530000686645508,16.81999969482422,17.190000534057617,0.0,0.0,0.0,,^VIX
2709,,2026-05-11,,,,,,,,,,,,,,,,,1343.0,158.64444620821394,161.57476123229543,158.64444620821394,161.3760986328125,485400.0,0.0,0.0,0.0,VDE
2710,,2026-05-11,,,,,,,,,,,,,,,,,2763.0,18.209999084472656,18.469999313354492,17.899999618530273,18.3799991607666,0.0,0.0,0.0,,^VIX
2711,,2026-05-12,,,,,,,,,,,,,,,,,1344.0,162.8164224034793,163.20381977974313,161.33635798801745,162.57801818847656,602500.0,0.0,0.0,0.0,VDE
2712,,2026-05-12,,,,,,,,,,,,,,,,,2764.0,18.770000457763672,19.100000381469727,17.920000076293945,17.989999771118164,0.0,0.0,0.0,,^VIX
2713,,2026-05-13,,,,,,,,,,,,,,,,,1345.0,162.39922283200457,162.6773534982466,160.77016529102232,162.51841735839844,338200.0,0.0,0.0,0.0,VDE
2714,,2026-05-13,,,,,,,,,,,,,,,,,2765.0,17.979999542236328,18.399999618530273,17.760000228881836,17.8700008392334,0.0,0.0,0.0,,^VIX
2715,,2026-05-14,,,,,,,,,,,,,,,,,1346.0,162.3197596813095,164.0084145366647,162.1409527293153,163.7004852294922,326100.0,0.0,0.0,0.0,VDE
2716,,2026-05-14,,,,,,,,,,,,,,,,,2766.0,17.860000610351562,18.079999923706055,17.200000762939453,17.260000228881836,0.0,0.0,0.0,,^VIX
2717,,2026-05-15,,,,,,,,,,,,,,,,,1347.0,165.3196049413562,167.32613214798565,164.76334357484163,167.25660705566406,500000.0,0.0,0.0,0.0,VDE
2718,,2026-05-15,,,,,,,,,,,,,,,,,2767.0,18.06999969482422,19.270000457763672,17.799999237060547,18.43000030517578,0.0,0.0,0.0,,^VIX
2719,,2026-05-18,,,,,,,,,,,,,,,,,1348.0,166.6605920776312,170.77296992063893,165.46860135561153,170.35577392578125,613800.0,0.0,0.0,0.0,VDE
2720,,2026-05-18,,,,,,,,,,,,,,,,,2768.0,19.25,19.440000534057617,17.700000762939453,17.81999969482422,0.0,0.0,0.0,,^VIX
2721,,2026-05-19,,,,,,,,,,,,,,,,,1349.0,170.63390736787446,172.6503622876843,169.5313125217285,172.09410095214844,493700.0,0.0,0.0,0.0,VDE
2722,,2026-05-19,,,,,,,,,,,,,,,,,2769.0,18.010000228881836,18.36000061035156,17.65999984741211,18.059999465942383,0.0,0.0,0.0,,^VIX
2723,,2026-05-20,,,,,,,,,,,,,,,,,1350.0,171.36897615585934,173.4251575384149,167.81285957093834,168.04132080078125,1192100.0,0.0,0.0,0.0,VDE
2724,,2026-05-20,,,,,,,,,,,,,,,,,2770.0,18.170000076293945,18.18000030517578,17.1299991607666,17.440000534057617,0.0,0.0,0.0,,^VIX
2725,,2026-05-21,,,,,,,,,,,,,,,,,1351.0,169.7796388881233,170.32597238048916,165.07125818616672,166.16392517089844,1088500.0,0.0,0.0,0.0,VDE
2726,,2026-05-21,,,,,,,,,,,,,,,,,2771.0,17.579999923706055,17.8700008392334,16.600000381469727,16.760000228881836,0.0,0.0,0.0,,^VIX
2727,,2026-05-22,,,,,,,,,,,,,,,,,1352.0,165.8957309307924,167.32612590963564,165.38913902452913,166.8990020751953,570400.0,0.0,0.0,0.0,VDE
2728,,2026-05-22,,,,,,,,,,,,,,,,,2772.0,16.829999923706055,17.389999389648438,16.459999084472656,16.700000762939453,0.0,0.0,0.0,,^VIX
2729,,2026-05-25,,,,,,,,,,,,,,,,,2773.0,16.809999465942383,16.8700008392334,16.530000686645508,16.59000015258789,0.0,0.0,0.0,,^VIX
2730,,2026-05-26,,,,,,,,,,,,,,,,,1353.0,165.40900739171002,167.31619561637228,162.57801610809523,162.627685546875,712000.0,0.0,0.0,0.0,VDE
2731,,2026-05-26,,,,,,,,,,,,,,,,,2774.0,16.920000076293945,17.229999542236328,16.559999465942383,17.010000228881836,0.0,0.0,0.0,,^VIX
2732,,2026-05-27,,,,,,,,,,,,,,,,,1354.0,160.11456238493082,161.24695583755204,158.54510213358134,159.7668914794922,804100.0,0.0,0.0,0.0,VDE
2733,,2026-05-27,,,,,,,,,,,,,,,,,2775.0,17.010000228881836,17.18000030517578,16.290000915527344,16.290000915527344,0.0,0.0,0.0,,^VIX
2734,,2026-05-28,,,,,,,,,,,,,,,,,1355.0,161.2866904997647,161.5548933502642,158.92257975624045,159.647705078125,831200.0,0.0,0.0,0.0,VDE
2735,,2026-05-28,,,,,,,,,,,,,,,,,2776.0,16.760000228881836,16.850000381469727,15.609999656677246,15.739999771118164,0.0,0.0,0.0,,^VIX
2736,,2026-05-29,,,,,,,,,,,,,,,,,1356.0,158.94243027195316,159.29010118384994,157.07498367494966,158.03851318359375,671800.0,0.0,0.0,0.0,VDE
2737,,2026-05-29,,,,,,,,,,,,,,,,,2777.0,15.8100004196167,15.880000114440918,15.220000267028809,15.31999969482422,0.0,0.0,0.0,,^VIX
2738,65.0,2026-06-01,209.319,199.612,4.6,446.945,368.823,198.057,275.961,73.546,157.083,456.602,207.689,290.1,286.279,29.9,336.882,333.952,1357.0,159.8165590681445,162.15088619026372,159.6576229328121,160.7502899169922,987300.0,0.0,0.0,0.0,VDE
2739,65.0,2026-06-01,209.319,199.612,4.6,446.945,368.823,198.057,275.961,73.546,157.083,456.602,207.689,290.1,286.279,29.9,336.882,333.952,2778.0,15.880000114440918,16.34000015258789,15.710000038146973,16.049999237060547,0.0,0.0,0.0,,^VIX
2740,,2026-06-02,,,,,,,,,,,,,,,,,1358.0,160.29335833708845,163.34288302574643,160.29335833708845,162.627685546875,591500.0,0.0,0.0,0.0,VDE
2741,,2026-06-02,,,,,,,,,,,,,,,,,2779.0,16.280000686645508,16.290000915527344,15.710000038146973,15.770000457763672,0.0,0.0,0.0,,^VIX
2742,,2026-06-03,,,,,,,,,,,,,,,,,1359.0,163.54154423890986,166.3526646918095,162.84621757283574,164.46534729003906,600400.0,0.0,0.0,0.0,VDE
2743,,2026-06-03,,,,,,,,,,,,,,,,,2780.0,15.970000267028809,16.6299991607666,15.9399995803833,16.059999465942383,0.0,0.0,0.0,,^VIX
2744,,2026-06-04,,,,,,,,,,,,,,,,,1360.0,163.7501467645416,165.4090029073166,162.88594099276034,164.75340270996094,385000.0,0.0,0.0,0.0,VDE
2745,,2026-06-04,,,,,,,,,,,,,,,,,2781.0,16.329999923706055,16.799999237060547,15.18000030517578,15.399999618530272,0.0,0.0,0.0,,^VIX
2746,,2026-06-05,,,,,,,,,,,,,,,,,1361.0,164.64414584003927,164.64414584003927,161.21716665033142,161.27676391601562,831900.0,0.0,0.0,0.0,VDE
2747,,2026-06-05,,,,,,,,,,,,,,,,,2782.0,15.869999885559082,21.56999969482422,15.5600004196167,21.510000228881836,0.0,0.0,0.0,,^VIX
2748,,2026-06-08,,,,,,,,,,,,,,,,,1362.0,162.48862691121874,164.9620195573656,162.47869908584738,163.33294677734375,515100.0,0.0,0.0,0.0,VDE
2749,,2026-06-08,,,,,,,,,,,,,,,,,2783.0,20.290000915527344,20.350000381469727,17.940000534057617,18.920000076293945,0.0,0.0,0.0,,^VIX
2750,,2026-06-09,,,,,,,,,,,,,,,,,1363.0,163.24355262169496,163.24355262169496,158.83317299205245,160.4821014404297,990900.0,0.0,0.0,0.0,VDE
2751,,2026-06-09,,,,,,,,,,,,,,,,,2784.0,18.190000534057617,23.34000015258789,17.520000457763672,19.8700008392334,0.0,0.0,0.0,,^VIX
2752,,2026-06-10,,,,,,,,,,,,,,,,,1364.0,162.001890166993,165.02161633941142,161.58469414784017,162.98529052734375,899500.0,0.0,0.0,0.0,VDE
2753,,2026-06-10,,,,,,,,,,,,,,,,,2785.0,20.100000381469727,22.65999984741211,20.059999465942383,22.219999313354492,0.0,0.0,0.0,,^VIX
2754,,2026-06-11,,,,,,,,,,,,,,,,,1365.0,164.8229388074196,165.0514152034782,159.85629787200187,160.02517700195312,883400.0,0.0,0.0,0.0,VDE
2755,,2026-06-11,,,,,,,,,,,,,,,,,2786.0,21.25,22.59000015258789,19.36000061035156,19.440000534057617,0.0,0.0,0.0,,^VIX
2756,,2026-06-12,,,,,,,,,,,,,,,,,1366.0,158.96229620525258,162.846212752406,158.73383498394475,161.2568817138672,826500.0,0.0,0.0,0.0,VDE
2757,,2026-06-12,,,,,,,,,,,,,,,,,2787.0,19.510000228881836,19.850000381469727,17.59000015258789,17.68000030517578,0.0,0.0,0.0,,^VIX
2758,,2026-06-15,,,,,,,,,,,,,,,,,1367.0,154.77045264131948,157.10477979650858,154.47245117259553,155.714111328125,1251500.0,0.0,0.0,0.0,VDE
2759,,2026-06-15,,,,,,,,,,,,,,,,,2788.0,16.780000686645508,16.850000381469727,15.979999542236328,16.200000762939453,0.0,0.0,0.0,,^VIX
2760,,2026-06-16,,,,,,,,,,,,,,,,,1368.0,154.4327221330683,155.50551830833626,154.13472066932988,154.90951538085938,564800.0,0.0,0.0,0.0,VDE
2761,,2026-06-16,,,,,,,,,,,,,,,,,2789.0,16.200000762939453,16.440000534057617,15.770000457763672,16.40999984741211,0.0,0.0,0.0,,^VIX
2762,,2026-06-17,,,,,,,,,,,,,,,,,1369.0,154.4625329866973,155.09826241972007,152.89307263333188,153.25067138671875,951400.0,0.0,0.0,0.0,VDE
2763,,2026-06-17,,,,,,,,,,,,,,,,,2790.0,16.079999923706055,18.84000015258789,16.020000457763672,18.440000534057617,0.0,0.0,0.0,,^VIX
2764,,2026-06-18,,,,,,,,,,,,,,,,,1370.0,151.97920304138546,151.97920304138546,149.2972201367579,150.8070831298828,959800.0,0.0,0.0,0.0,VDE
2765,,2026-06-18,,,,,,,,,,,,,,,,,2791.0,17.229999542236328,17.600000381469727,16.350000381469727,16.399999618530273,0.0,0.0,0.0,,^VIX
2766,,2026-06-22,,,,,,,,,,,,,,,,,1371.0,151.31367328594462,152.85333489263203,150.1514812124666,152.7241973876953,1220600.0,0.0,0.0,0.0,VDE
2767,,2026-06-22,,,,,,,,,,,,,,,,,2792.0,17.479999542236328,17.920000076293945,16.489999771118164,17.280000686645508,0.0,0.0,0.0,,^VIX
2768,,2026-06-23,,,,,,,,,,,,,,,,,1372.0,152.54541527041417,153.9956659195266,152.0288803749155,153.6479949951172,386100.0,0.0,0.0,0.0,VDE
2769,,2026-06-23,,,,,,,,,,,,,,,,,2793.0,19.670000076293945,20.540000915527344,18.61000061035156,19.489999771118164,0.0,0.0,0.0,,^VIX
2770,,2026-06-24,,,,,,,,,,,,,,,,,1373.0,151.05999755859375,151.5399932861328,149.55999755859375,150.8800048828125,488300.0,1.032,0.0,0.0,VDE
2771,,2026-06-24,,,,,,,,,,,,,,,,,2794.0,19.1299991607666,20.34000015258789,18.040000915527344,18.6299991607666,0.0,0.0,0.0,,^VIX
2772,,2026-06-25,,,,,,,,,,,,,,,,,1374.0,150.16000366210938,153.02999877929688,149.50999450683594,152.5399932861328,624400.0,0.0,0.0,0.0,VDE
2773,,2026-06-25,,,,,,,,,,,,,,,,,2795.0,18.11000061035156,19.950000762939453,17.719999313354492,18.88999938964844,0.0,0.0,0.0,,^VIX
2774,,2026-06-26,,,,,,,,,,,,,,,,,1375.0,152.0,152.72000122070312,151.33999633789062,152.07000732421875,599800.0,0.0,0.0,0.0,VDE
2775,,2026-06-26,,,,,,,,,,,,,,,,,2796.0,19.700000762939453,20.719999313354492,18.200000762939453,18.40999984741211,0.0,0.0,0.0,,^VIX
2776,,2026-06-29,,,,,,,,,,,,,,,,,1376.0,152.1699981689453,153.17999267578125,150.97999572753906,151.27999877929688,975600.0,0.0,0.0,0.0,VDE
2777,,2026-06-29,,,,,,,,,,,,,,,,,2797.0,18.600000381469727,19.450000762939453,17.489999771118164,17.649999618530273,0.0,0.0,0.0,,^VIX
2778,,2026-06-30,,,,,,,,,,,,,,,,,1377.0,151.4199981689453,152.72000122070312,150.07000732421875,150.1300048828125,1780200.0,0.0,0.0,0.0,VDE
2779,,2026-06-30,,,,,,,,,,,,,,,,,2798.0,17.540000915527344,17.75,16.270000457763672,16.450000762939453,0.0,0.0,0.0,,^VIX
2780,66.0,2026-07-01,205.357,200.242,4.2,447.963,374.039,195.575,274.283,73.141,156.927,474.83,213.155,290.519,284.057,29.9,337.133,333.918,1378.0,150.16000366210938,151.10000610351562,148.8699951171875,149.3300018310547,2735900.0,0.0,0.0,0.0,VDE
2781,66.0,2026-07-01,205.357,200.242,4.2,447.963,374.039,195.575,274.283,73.141,156.927,474.83,213.155,290.519,284.057,29.9,337.133,333.918,2799.0,17.110000610351562,17.299999237060547,15.970000267028809,16.59000015258789,0.0,0.0,0.0,,^VIX
2782,,2026-07-02,,,,,,,,,,,,,,,,,1379.0,150.35000610351562,151.7899932861328,149.5399932861328,150.44000244140625,476400.0,0.0,0.0,0.0,VDE
2783,,2026-07-02,,,,,,,,,,,,,,,,,2800.0,17.049999237060547,17.209999084472656,15.789999961853027,16.149999618530273,0.0,0.0,0.0,,^VIX
2784,,2026-07-06,,,,,,,,,,,,,,,,,1380.0,149.9600067138672,151.39999389648438,149.8800048828125,150.14999389648438,413900.0,0.0,0.0,0.0,VDE
2785,,2026-07-06,,,,,,,,,,,,,,,,,2801.0,16.399999618530273,16.5,15.5600004196167,15.56999969482422,0.0,0.0,0.0,,^VIX
2786,,2026-07-07,,,,,,,,,,,,,,,,,1381.0,151.4199981689453,154.8000030517578,151.4199981689453,154.3300018310547,494200.0,0.0,0.0,0.0,VDE
2787,,2026-07-07,,,,,,,,,,,,,,,,,2802.0,15.869999885559082,16.639999389648438,15.529999732971191,16.1299991607666,0.0,0.0,0.0,,^VIX
2788,,2026-07-08,,,,,,,,,,,,,,,,,1382.0,156.8000030517578,158.1199951171875,155.0,156.94000244140625,820300.0,0.0,0.0,0.0,VDE
2789,,2026-07-08,,,,,,,,,,,,,,,,,2803.0,16.549999237060547,18.90999984741211,16.350000381469727,16.899999618530273,0.0,0.0,0.0,,^VIX
2790,,2026-07-09,,,,,,,,,,,,,,,,,1383.0,156.2100067138672,156.49000549316406,154.61000061035156,154.80999755859375,353700.0,0.0,0.0,0.0,VDE
2791,,2026-07-09,,,,,,,,,,,,,,,,,2804.0,16.579999923706055,17.270000457763672,15.760000228881836,15.84000015258789,0.0,0.0,0.0,,^VIX
2792,,2026-07-10,,,,,,,,,,,,,,,,,1384.0,155.6300048828125,155.88999938964844,153.5500030517578,155.5,372500.0,0.0,0.0,0.0,VDE
2793,,2026-07-10,,,,,,,,,,,,,,,,,2805.0,16.059999465942383,16.15999984741211,14.960000038146973,15.029999732971191,0.0,0.0,0.0,,^VIX
2794,,2026-07-13,,,,,,,,,,,,,,,,,1385.0,157.5399932861328,160.82000732421875,157.5399932861328,160.14999389648438,523700.0,0.0,0.0,0.0,VDE
2795,,2026-07-13,,,,,,,,,,,,,,,,,2806.0,16.31999969482422,17.40999984741211,16.030000686645508,17.15999984741211,0.0,0.0,0.0,,^VIX
2796,,2026-07-14,,,,,,,,,,,,,,,,,1386.0,161.00999450683594,161.49000549316406,159.11000061035156,160.91000366210938,393100.0,0.0,0.0,0.0,VDE
2797,,2026-07-14,,,,,,,,,,,,,,,,,2807.0,17.209999084472656,17.559999465942383,16.149999618530273,16.5,0.0,0.0,0.0,,^VIX
2798,,2026-07-15,,,,,,,,,,,,,,,,,1387.0,160.91000366210938,161.25,157.5,159.4199981689453,593100.0,0.0,0.0,0.0,VDE
2799,,2026-07-15,,,,,,,,,,,,,,,,,2808.0,16.200000762939453,16.56999969482422,15.640000343322754,15.670000076293944,0.0,0.0,0.0,,^VIX
2800,,2026-07-16,,,,,,,,,,,,,,,,,1388.0,159.94000244140625,161.5500030517578,159.77000427246094,160.75999450683594,300800.0,0.0,0.0,0.0,VDE
2801,,2026-07-16,,,,,,,,,,,,,,,,,2809.0,15.81999969482422,17.229999542236328,15.770000457763672,16.729999542236328,0.0,0.0,0.0,,^VIX
2802,,2026-07-17,,,,,,,,,,,,,,,,,1389.0,163.1300048828125,163.72000122070312,161.50999450683594,162.77999877929688,436900.0,0.0,0.0,0.0,VDE
2803,,2026-07-17,,,,,,,,,,,,,,,,,2810.0,18.010000228881836,19.5,17.68000030517578,18.770000457763672,0.0,0.0,0.0,,^VIX
2804,,2026-07-20,,,,,,,,,,,,,,,,,1390.0,162.17999267578125,164.72000122070312,161.97999572753906,163.47999572753906,415500.0,0.0,0.0,0.0,VDE
2805,,2026-07-20,,,,,,,,,,,,,,,,,2811.0,18.899999618530273,18.940000534057617,17.40999984741211,18.649999618530273,0.0,0.0,0.0,,^VIX
2806,,2026-07-21,,,,,,,,,,,,,,,,,1391.0,164.16000366210938,165.52000427246094,163.30999755859375,165.52000427246094,317500.0,0.0,0.0,0.0,VDE
2807,,2026-07-21,,,,,,,,,,,,,,,,,2812.0,17.479999542236328,17.989999771118164,16.860000610351562,17.049999237060547,0.0,0.0,0.0,,^VIX
2808,,2026-07-22,,,,,,,,,,,,,,,,,1392.0,167.66000366210938,168.30999755859375,166.6999969482422,167.49000549316406,339500.0,0.0,0.0,0.0,VDE
2809,,2026-07-22,,,,,,,,,,,,,,,,,2813.0,17.420000076293945,19.489999771118164,16.639999389648438,16.639999389648438,0.0,0.0,0.0,,^VIX
2810,,2026-07-23,,,,,,,,,,,,,,,,,1393.0,170.10000610351562,170.85000610351562,167.77000427246094,168.1699981689453,553700.0,0.0,0.0,0.0,VDE
2811,,2026-07-23,,,,,,,,,,,,,,,,,2814.0,17.670000076293945,20.309999465942383,17.31999969482422,18.700000762939453,0.0,0.0,0.0,,^VIX
2812,,2026-07-24,,,,,,,,,,,,,,,,,1394.0,167.97000122070312,170.7100067138672,167.83999633789062,168.22999572753906,497400.0,0.0,0.0,0.0,VDE
2813,,2026-07-24,,,,,,,,,,,,,,,,,2815.0,18.959999084472656,19.049999237060547,17.40999984741211,18.579999923706055,0.0,0.0,0.0,,^VIX
2814,,2026-07-27,,,,,,,,,,,,,,,,,1395.0,164.52000427246094,167.05999755859375,164.22999572753906,164.52000427246094,549300.0,0.0,0.0,0.0,VDE
2815,,2026-07-27,,,,,,,,,,,,,,,,,2816.0,17.6200008392334,19.93000030517578,17.530000686645508,18.670000076293945,0.0,0.0,0.0,,^VIX
2816,,2026-07-28,,,,,,,,,,,,,,,,,1396.0,164.5800018310547,165.42999267578125,161.32000732421875,162.02000427246094,484700.0,0.0,0.0,0.0,VDE
2817,,2026-07-28,,,,,,,,,,,,,,,,,2817.0,19.049999237060547,19.520000457763672,17.8799991607666,18.209999084472656,0.0,0.0,0.0,,^VIX
2818,,2026-07-29,,,,,,,,,,,,,,,,,1397.0,166.1999969482422,166.89999389648438,164.47999572753906,165.13999938964844,529200.0,0.0,0.0,0.0,VDE
2819,,2026-07-29,,,,,,,,,,,,,,,,,2818.0,18.270000457763672,20.8799991607666,17.450000762939453,20.65999984741211,0.0,0.0,0.0,,^VIX
2820,,2026-07-30,,,,,,,,,,,,,,,,,1398.0,163.72000122070312,166.66000366210938,163.58999633789062,166.27999877929688,373800.0,0.0,0.0,0.0,VDE
2821,,2026-07-30,,,,,,,,,,,,,,,,,2819.0,19.559999465942383,20.079999923706055,17.0,17.09000015258789,0.0,0.0,0.0,,^VIX
2822,,2026-07-31,,,,,,,,,,,,,,,,,1399.0,165.72000122070312,168.36000061035156,164.50999450683594,167.97000122070312,382900.0,0.0,0.0,0.0,VDE
2823,,2026-07-31,,,,,,,,,,,,,,,,,2820.0,16.81999969482422,18.700000762939453,15.81999969482422,15.989999771118164,0.0,0.0,0.0,,^VIX
2824,,2026-08-03,,,,,,,,,,,,,,,,,1400.0,165.17999267578125,167.2899932861328,164.1999969482422,165.8699951171875,468000.0,0.0,0.0,0.0,VDE
2825,,2026-08-03,,,,,,,,,,,,,,,,,2821.0,16.030000686645508,16.299999237060547,15.539999961853027,15.859999656677246,0.0,0.0,0.0,,^VIX
2826,,2026-08-04,,,,,,,,,,,,,,,,,1401.0,163.52999877929688,165.8000030517578,161.32000732421875,165.25,521300.0,0.0,0.0,0.0,VDE
2827,,2026-08-04,,,,,,,,,,,,,,,,,2822.0,15.760000228881836,16.649999618530273,15.510000228881836,16.5,0.0,0.0,0.0,,^VIX
2828,,2026-08-05,,,,,,,,,,,,,,,,,1402.0,165.97999572753906,166.2100067138672,161.5399932861328,161.57000732421875,523500.0,0.0,0.0,0.0,VDE
2829,,2026-08-05,,,,,,,,,,,,,,,,,2823.0,16.149999618530273,18.43000030517578,15.479999542236328,15.8100004196167,0.0,0.0,0.0,,^VIX
2830,,2026-08-06,,,,,,,,,,,,,,,,,1403.0,164.41000366210938,165.0,162.69000244140625,164.1199951171875,340700.0,0.0,0.0,0.0,VDE
2831,,2026-08-06,,,,,,,,,,,,,,,,,2824.0,15.829999923706056,16.030000686645508,15.109999656677246,15.149999618530272,0.0,0.0,0.0,,^VIX
2832,,2026-08-07,,,,,,,,,,,,,,,,,1404.0,162.42999267578125,164.02999877929688,161.4199981689453,162.3699951171875,297200.0,0.0,0.0,0.0,VDE
2833,,2026-08-07,,,,,,,,,,,,,,,,,2825.0,15.300000190734863,15.359999656677246,14.770000457763672,14.899999618530272,0.0,0.0,0.0,,^VIX
2834,,2026-08-10,,,,,,,,,,,,,,,,,1405.0,164.39999389648438,170.13999938964844,164.0399932861328,170.07000732421875,594700.0,0.0,0.0,0.0,VDE
2835,,2026-08-10,,,,,,,,,,,,,,,,,2826.0,15.399999618530272,15.720000267028809,15.100000381469728,15.460000038146973,0.0,0.0,0.0,,^VIX
2836,,2026-08-11,,,,,,,,,,,,,,,,,1406.0,169.86000061035156,172.50999450683594,169.83999633789062,171.9600067138672,336400.0,0.0,0.0,0.0,VDE
2837,,2026-08-11,,,,,,,,,,,,,,,,,2827.0,15.420000076293944,15.609999656677246,15.229999542236328,15.279999732971191,0.0,0.0,0.0,,^VIX
2838,,2026-08-12,,,,,,,,,,,,,,,,,1407.0,171.0500030517578,172.75,170.3699951171875,172.2899932861328,399700.0,0.0,0.0,0.0,VDE
2839,,2026-08-12,,,,,,,,,,,,,,,,,2828.0,15.279999732971191,15.420000076293944,14.390000343322754,14.550000190734863,0.0,0.0,0.0,,^VIX
2840,,2026-08-13,,,,,,,,,,,,,,,,,1408.0,171.0500030517578,172.47999572753906,170.16000366210938,172.3000030517578,286800.0,0.0,0.0,0.0,VDE
2841,,2026-08-13,,,,,,,,,,,,,,,,,2829.0,14.68000030517578,14.800000190734863,14.390000343322754,14.630000114440918,0.0,0.0,0.0,,^VIX
2842,,2026-08-14,,,,,,,,,,,,,,,,,1409.0,172.97999572753906,175.3300018310547,172.91000366210938,174.67999267578125,438700.0,0.0,0.0,0.0,VDE
2843,,2026-08-14,,,,,,,,,,,,,,,,,2830.0,14.640000343322754,14.720000267028809,14.18000030517578,14.25,0.0,0.0,0.0,,^VIX
2844,,2026-08-17,,,,,,,,,,,,,,,,,1410.0,175.10000610351562,176.82000732421875,174.3699951171875,176.6199951171875,484900.0,0.0,0.0,0.0,VDE
2845,,2026-08-17,,,,,,,,,,,,,,,,,2831.0,14.979999542236328,15.470000267028809,14.890000343322754,15.1899995803833,0.0,0.0,0.0,,^VIX
2846,,2026-08-18,,,,,,,,,,,,,,,,,1411.0,178.41000366210938,179.42999267578125,177.77000427246094,179.2100067138672,590000.0,0.0,0.0,0.0,VDE
2847,,2026-08-18,,,,,,,,,,,,,,,,,2832.0,15.8100004196167,16.09000015258789,15.600000381469728,15.84000015258789,0.0,0.0,0.0,,^VIX
2848,,2026-08-19,,,,,,,,,,,,,,,,,1412.0,179.91000366210938,180.8000030517578,178.61000061035156,179.05999755859375,471800.0,0.0,0.0,0.0,VDE
2849,,2026-08-19,,,,,,,,,,,,,,,,,2833.0,15.920000076293944,15.949999809265137,14.770000457763672,14.890000343322754,0.0,0.0,0.0,,^VIX
2850,,2026-08-20,,,,,,,,,,,,,,,,,1413.0,180.3500061035156,182.1499938964844,179.5,179.72000122070312,605200.0,0.0,0.0,0.0,VDE
2851,,2026-08-20,,,,,,,,,,,,,,,,,2834.0,14.90999984741211,16.139999389648438,14.90999984741211,16.010000228881836,0.0,0.0,0.0,,^VIX
2852,,2026-08-21,,,,,,,,,,,,,,,,,1414.0,179.99000549316406,181.22000122070312,178.67999267578125,179.5800018310547,502100.0,0.0,0.0,0.0,VDE
2853,,2026-08-21,,,,,,,,,,,,,,,,,2835.0,15.81999969482422,15.880000114440918,15.079999923706056,15.130000114440918,0.0,0.0,0.0,,^VIX
2854,,2026-08-24,,,,,,,,,,,,,,,,,1415.0,178.5,179.49000549316406,176.3300018310547,177.8699951171875,345600.0,0.0,0.0,0.0,VDE
2855,,2026-08-24,,,,,,,,,,,,,,,,,2836.0,15.899999618530272,16.059999465942383,15.609999656677246,15.850000381469728,0.0,0.0,0.0,,^VIX
2856,,2026-08-25,,,,,,,,,,,,,,,,,1416.0,175.5399932861328,176.92999267578125,175.08999633789062,175.1300048828125,531400.0,0.0,0.0,0.0,VDE
2857,,2026-08-25,,,,,,,,,,,,,,,,,2837.0,15.710000038146973,16.299999237060547,15.130000114440918,15.449999809265137,0.0,0.0,0.0,,^VIX
2858,,2026-08-26,,,,,,,,,,,,,,,,,1417.0,173.47999572753906,177.44000244140625,173.0,175.94000244140625,385200.0,0.0,0.0,0.0,VDE
2859,,2026-08-26,,,,,,,,,,,,,,,,,2838.0,15.649999618530272,15.739999771118164,15.210000038146973,15.210000038146973,0.0,0.0,0.0,,^VIX
2860,,2026-08-27,,,,,,,,,,,,,,,,,1418.0,175.47999572753906,176.9199981689453,173.57000732421875,175.74000549316406,283400.0,0.0,0.0,0.0,VDE
2861,,2026-08-27,,,,,,,,,,,,,,,,,2839.0,14.920000076293944,15.130000114440918,14.420000076293944,14.510000228881836,0.0,0.0,0.0,,^VIX
2862,,2026-08-28,,,,,,,,,,,,,,,,,1419.0,175.97000122070312,176.83999633789062,175.3000030517578,176.55999755859375,256000.0,0.0,0.0,0.0,VDE
2863,,2026-08-28,,,,,,,,,,,,,,,,,2840.0,14.56999969482422,14.84000015258789,14.130000114440918,14.43000030517578,0.0,0.0,0.0,,^VIX
