,Unnamed: 0_x,observation_date,PCU484484,WPU11,MICH,CUUR0000SEHA,WPUSI012011,PCU484121484121,PCUOMFGOMFG,PCU33443344,PPIFID,PCU335311335311,WPU0911,PCU3364133641,PPIACO,CUUR0000SA0R,CPILFENS,CPIAUCNS,Unnamed: 0_y,Open,High,Low,Close,Volume,Dividends,Stock Splits,Capital Gains,Ticker Symbol
0,0.0,2021-01-01,151.8,145.7,3.0,344.758,256.4,146.1,199.6,54.1,120.9,262.0,143.8,245.3,204.8,38.2,269.755,261.582,,,,,,,,,,
1,,2021-01-04,,,,,,,,,,,,,,,,,0.0,43.2723539912174,43.659377007275346,42.350089653368975,42.92650604248047,1752000.0,0.0,0.0,0.0,VDE
2,,2021-01-04,,,,,,,,,,,,,,,,,1420.0,23.040000915527344,29.190000534057617,22.559999465942383,26.969999313354492,0.0,0.0,0.0,,^VIX
3,,2021-01-05,,,,,,,,,,,,,,,,,1.0,43.30530039361404,46.088566435842104,43.30530039361404,44.9439697265625,2150600.0,0.0,0.0,0.0,VDE
4,,2021-01-05,,,,,,,,,,,,,,,,,1421.0,26.940000534057617,28.600000381469727,24.799999237060547,25.34000015258789,0.0,0.0,0.0,,^VIX
5,,2021-01-06,,,,,,,,,,,,,,,,,2.0,45.79212444825573,46.796735976978894,45.23217734777566,46.32736587524414,1690400.0,0.0,0.0,0.0,VDE
6,,2021-01-06,,,,,,,,,,,,,,,,,1422.0,25.479999542236328,26.770000457763672,22.13999938964844,25.06999969482422,0.0,0.0,0.0,,^VIX
7,,2021-01-07,,,,,,,,,,,,,,,,,3.0,46.837908561065014,47.546077147452166,46.34383592020043,47.10964584350586,1992000.0,0.0,0.0,0.0,VDE
8,,2021-01-07,,,,,,,,,,,,,,,,,1423.0,23.670000076293945,23.90999984741211,22.25,22.3700008392334,0.0,0.0,0.0,,^VIX
9,,2021-01-08,,,,,,,,,,,,,,,,,4.0,47.59548751388717,47.61195691787208,46.5661733239622,46.961429595947266,939900.0,0.0,0.0,0.0,VDE
10,,2021-01-08,,,,,,,,,,,,,,,,,1424.0,22.43000030517578,23.34000015258789,21.420000076293945,21.559999465942383,0.0,0.0,0.0,,^VIX
11,,2021-01-11,,,,,,,,,,,,,,,,,5.0,46.01445919714152,47.87545773980503,45.70154682582025,47.70253372192383,959700.0,0.0,0.0,0.0,VDE
12,,2021-01-11,,,,,,,,,,,,,,,,,1425.0,23.309999465942383,24.809999465942383,23.229999542236328,24.079999923706055,0.0,0.0,0.0,,^VIX
13,,2021-01-12,,,,,,,,,,,,,,,,,6.0,48.32834776075611,49.7035128402438,48.03190797986947,49.45647811889648,3394300.0,0.0,0.0,0.0,VDE
14,,2021-01-12,,,,,,,,,,,,,,,,,1426.0,23.489999771118164,25.149999618530273,22.829999923706055,23.329999923706055,0.0,0.0,0.0,,^VIX
15,,2021-01-13,,,,,,,,,,,,,,,,,7.0,49.6623451623079,49.6623451623079,48.70714185442144,49.011817932128906,1028600.0,0.0,0.0,0.0,VDE
16,,2021-01-13,,,,,,,,,,,,,,,,,1427.0,23.06999969482422,24.18000030517578,21.920000076293945,22.209999084472656,0.0,0.0,0.0,,^VIX
17,,2021-01-14,,,,,,,,,,,,,,,,,8.0,49.30002722682483,51.05397933179677,49.30002722682483,50.55990982055664,1170900.0,0.0,0.0,0.0,VDE
18,,2021-01-14,,,,,,,,,,,,,,,,,1428.0,22.219999313354492,23.469999313354492,21.65999984741211,23.25,0.0,0.0,0.0,,^VIX
19,,2021-01-15,,,,,,,,,,,,,,,,,9.0,49.744681400762616,49.76115079989913,48.09777918171242,48.616554260253906,1585300.0,0.0,0.0,0.0,VDE
20,,2021-01-15,,,,,,,,,,,,,,,,,1429.0,23.520000457763672,25.799999237060547,23.079999923706055,24.34000015258789,0.0,0.0,0.0,,^VIX
21,,2021-01-19,,,,,,,,,,,,,,,,,10.0,49.21767950415445,49.85173731673627,49.02004983039219,49.54705810546875,1050600.0,0.0,0.0,0.0,VDE
22,,2021-01-19,,,,,,,,,,,,,,,,,1430.0,23.030000686645508,23.559999465942383,22.530000686645508,23.239999771118164,0.0,0.0,0.0,,^VIX
23,,2021-01-20,,,,,,,,,,,,,,,,,11.0,50.00818894318024,50.02465834344922,49.127096446699966,49.62940216064453,1090800.0,0.0,0.0,0.0,VDE
24,,2021-01-20,,,,,,,,,,,,,,,,,1431.0,22.81999969482422,22.86000061035156,21.3700008392334,21.579999923706055,0.0,0.0,0.0,,^VIX
25,,2021-01-21,,,,,,,,,,,,,,,,,12.0,49.4153026810218,49.571760411647226,47.43902178368932,47.92485809326172,1773100.0,0.0,0.0,0.0,VDE
26,,2021-01-21,,,,,,,,,,,,,,,,,1432.0,21.34000015258789,22.219999313354492,21.09000015258789,21.31999969482422,0.0,0.0,0.0,,^VIX
27,,2021-01-22,,,,,,,,,,,,,,,,,13.0,46.87083643478349,47.88368408080683,46.467347143410585,47.76839828491211,899000.0,0.0,0.0,0.0,VDE
28,,2021-01-22,,,,,,,,,,,,,,,,,1433.0,22.239999771118164,23.729999542236328,21.270000457763672,21.90999984741211,0.0,0.0,0.0,,^VIX
29,,2021-01-25,,,,,,,,,,,,,,,,,14.0,47.340207497917405,47.52960088348016,46.45911188676142,47.32373809814453,1181600.0,0.0,0.0,0.0,VDE
30,,2021-01-25,,,,,,,,,,,,,,,,,1434.0,22.309999465942383,26.6299991607666,22.200000762939453,23.190000534057617,0.0,0.0,0.0,,^VIX
31,,2021-01-26,,,,,,,,,,,,,,,,,15.0,47.677825678687334,48.44363554505632,46.2861911419955,46.319129943847656,810200.0,0.0,0.0,0.0,VDE
32,,2021-01-26,,,,,,,,,,,,,,,,,1435.0,23.90999984741211,23.940000534057617,22.549999237060547,23.020000457763672,0.0,0.0,0.0,,^VIX
33,,2021-01-27,,,,,,,,,,,,,,,,,16.0,45.5203766841397,47.04376313336428,44.91102461742324,45.800350189208984,1517000.0,0.0,0.0,0.0,VDE
34,,2021-01-27,,,,,,,,,,,,,,,,,1436.0,23.81999969482422,37.209999084472656,23.709999084472656,37.209999084472656,0.0,0.0,0.0,,^VIX
35,,2021-01-28,,,,,,,,,,,,,,,,,17.0,46.11327219949413,46.87908214981884,45.709779685612915,46.26149368286133,805700.0,0.0,0.0,0.0,VDE
36,,2021-01-28,,,,,,,,,,,,,,,,,1437.0,33.25,36.290000915527344,27.38999938964844,30.209999084472656,0.0,0.0,0.0,,^VIX
37,,2021-01-29,,,,,,,,,,,,,,,,,18.0,45.67683984554954,46.33560018850295,44.67222835928491,44.82044982910156,1047200.0,0.0,0.0,0.0,VDE
38,,2021-01-29,,,,,,,,,,,,,,,,,1438.0,35.15999984741211,37.5099983215332,29.239999771118164,33.09000015258789,0.0,0.0,0.0,,^VIX
39,1.0,2021-02-01,154.5,146.0,3.3,345.242,264.6,151.3,203.1,54.1,121.9,263.0,156.0,245.4,210.6,38.0,270.696,263.014,19.0,45.42979535889304,45.69330259895439,44.47459221527679,45.28981018066406,897300.0,0.0,0.0,0.0,VDE
40,1.0,2021-02-01,154.5,146.0,3.3,345.242,264.6,151.3,203.1,54.1,121.9,263.0,156.0,245.4,210.6,38.0,270.696,263.014,1439.0,31.450000762939453,33.959999084472656,29.030000686645508,30.239999771118164,0.0,0.0,0.0,,^VIX
41,,2021-02-02,,,,,,,,,,,,,,,,,20.0,46.236786633654056,46.82143623804849,45.767419695904486,45.78388595581055,827800.0,0.0,0.0,0.0,VDE
42,,2021-02-02,,,,,,,,,,,,,,,,,1440.0,28.010000228881836,28.079999923706055,25.309999465942383,25.559999465942383,0.0,0.0,0.0,,^VIX
43,,2021-02-03,,,,,,,,,,,,,,,,,21.0,46.00622292511818,47.82605267253463,45.92387905218925,47.70253372192383,1074700.0,0.0,0.0,0.0,VDE
44,,2021-02-03,,,,,,,,,,,,,,,,,1441.0,24.59000015258789,25.43000030517578,22.90999984741211,22.90999984741211,0.0,0.0,0.0,,^VIX
45,,2021-02-04,,,,,,,,,,,,,,,,,22.0,48.08954920083038,48.213064990614825,47.20845670725706,48.18012619018555,972000.0,0.0,0.0,0.0,VDE
46,,2021-02-04,,,,,,,,,,,,,,,,,1442.0,23.440000534057617,23.440000534057617,21.68000030517578,21.770000457763672,0.0,0.0,0.0,,^VIX
47,,2021-02-05,,,,,,,,,,,,,,,,,23.0,48.9047701151765,49.11886920311186,48.49304448276556,48.68243789672851,1276300.0,0.0,0.0,0.0,VDE
48,,2021-02-05,,,,,,,,,,,,,,,,,1443.0,21.989999771118164,22.15999984741211,20.86000061035156,20.8700008392334,0.0,0.0,0.0,,^VIX
49,,2021-02-08,,,,,,,,,,,,,,,,,24.0,49.40706936891621,50.96339155144236,49.349428039283154,50.73282623291016,1449200.0,0.0,0.0,0.0,VDE
50,,2021-02-08,,,,,,,,,,,,,,,,,1444.0,21.88999938964844,22.06999969482422,21.229999542236328,21.239999771118164,0.0,0.0,0.0,,^VIX
51,,2021-02-09,,,,,,,,,,,,,,,,,25.0,50.36227906052173,50.54343934335935,49.57176660285855,50.222293853759766,826900.0,0.0,0.0,0.0,VDE
52,,2021-02-09,,,,,,,,,,,,,,,,,1445.0,21.56999969482422,22.260000228881836,20.649999618530273,21.6299991607666,0.0,0.0,0.0,,^VIX
53,,2021-02-10,,,,,,,,,,,,,,,,,26.0,50.46108061225707,51.21042096101892,49.991713753209346,51.14454650878906,1069900.0,0.0,0.0,0.0,VDE
54,,2021-02-10,,,,,,,,,,,,,,,,,1446.0,21.63999938964844,23.850000381469727,19.690000534057617,21.989999771118164,0.0,0.0,0.0,,^VIX
55,,2021-02-11,,,,,,,,,,,,,,,,,27.0,51.05397827729396,51.05397827729396,49.30002620854931,50.39521789550781,838900.0,0.0,0.0,0.0,VDE
56,,2021-02-11,,,,,,,,,,,,,,,,,1447.0,22.09000015258789,23.25,21.11000061035156,21.25,0.0,0.0,0.0,,^VIX
57,,2021-02-12,,,,,,,,,,,,,,,,,28.0,50.04112445681441,51.22689292734237,49.90937240453352,51.20219039916992,681300.0,0.0,0.0,0.0,VDE
58,,2021-02-12,,,,,,,,,,,,,,,,,1448.0,21.600000381469727,22.450000762939453,19.950000762939453,19.969999313354492,0.0,0.0,0.0,,^VIX
59,,2021-02-16,,,,,,,,,,,,,,,,,29.0,52.39620237104081,53.09613779761889,52.083290025732765,52.519718170166016,891900.0,0.0,0.0,0.0,VDE
60,,2021-02-16,,,,,,,,,,,,,,,,,1449.0,21.1299991607666,22.459999084472656,20.8799991607666,21.459999084472656,0.0,0.0,0.0,,^VIX
61,,2021-02-17,,,,,,,,,,,,,,,,,30.0,53.02201613309836,53.54078806742308,52.20680129846428,53.21964263916016,1011300.0,0.0,0.0,0.0,VDE
62,,2021-02-17,,,,,,,,,,,,,,,,,1450.0,22.020000457763672,23.440000534057617,21.09000015258789,21.5,0.0,0.0,0.0,,^VIX
63,,2021-02-18,,,,,,,,,,,,,,,,,31.0,52.98908279109923,52.98908279109923,51.65509274356789,51.803314208984375,840400.0,0.0,0.0,0.0,VDE
64,,2021-02-18,,,,,,,,,,,,,,,,,1451.0,21.979999542236328,24.229999542236328,21.799999237060547,22.489999771118164,0.0,0.0,0.0,,^VIX
65,,2021-02-19,,,,,,,,,,,,,,,,,32.0,51.90212370264544,52.832627500014894,51.87742117394246,52.71733856201172,463400.0,0.0,0.0,0.0,VDE
66,,2021-02-19,,,,,,,,,,,,,,,,,1452.0,23.100000381469727,23.190000534057617,20.84000015258789,22.049999237060547,0.0,0.0,0.0,,^VIX
67,,2021-02-22,,,,,,,,,,,,,,,,,33.0,52.99732028919814,55.261811112895465,52.96438148696136,54.37248229980469,1222800.0,0.0,0.0,0.0,VDE
68,,2021-02-22,,,,,,,,,,,,,,,,,1453.0,24.459999084472656,25.09000015258789,21.959999084472656,23.450000762939453,0.0,0.0,0.0,,^VIX
69,,2021-02-23,,,,,,,,,,,,,,,,,34.0,54.99830472861544,55.410030316089035,52.71734145584872,55.23710632324219,1412400.0,0.0,0.0,0.0,VDE
70,,2021-02-23,,,,,,,,,,,,,,,,,1454.0,22.81999969482422,27.010000228881836,22.5,23.11000061035156,0.0,0.0,0.0,,^VIX
71,,2021-02-24,,,,,,,,,,,,,,,,,35.0,55.533551451796264,57.58394319967095,55.17946718122533,57.3039665222168,1560700.0,0.0,0.0,0.0,VDE
72,,2021-02-24,,,,,,,,,,,,,,,,,1455.0,23.760000228881836,25.040000915527344,21.309999465942383,21.34000015258789,0.0,0.0,0.0,,^VIX
73,,2021-02-25,,,,,,,,,,,,,,,,,36.0,57.75685994548126,57.78156247341771,55.772346051242195,56.15936279296875,1701100.0,0.0,0.0,0.0,VDE
74,,2021-02-25,,,,,,,,,,,,,,,,,1456.0,21.729999542236328,31.15999984741211,21.520000457763672,28.88999938964844,0.0,0.0,0.0,,^VIX
75,,2021-02-26,,,,,,,,,,,,,,,,,37.0,55.212404036265426,55.59942081295005,53.18670860843502,54.88302230834961,2082800.0,0.0,0.0,0.0,VDE
76,,2021-02-26,,,,,,,,,,,,,,,,,1457.0,28.729999542236328,30.81999969482422,25.229999542236328,27.950000762939453,0.0,0.0,0.0,,^VIX
77,2.0,2021-03-01,157.4,146.4,3.1,345.717,276.7,154.7,207.9,54.3,123.0,269.6,167.2,245.4,215.0,37.8,271.713,264.877,38.0,56.2993520570988,56.99928421184677,55.87939025127677,56.41463470458984,1350800.0,0.0,0.0,0.0,VDE
78,2.0,2021-03-01,157.4,146.4,3.1,345.717,276.7,154.7,207.9,54.3,123.0,269.6,167.2,245.4,215.0,37.8,271.713,264.877,1458.0,25.200000762939453,25.38999938964844,23.170000076293945,23.350000381469727,0.0,0.0,0.0,,^VIX
79,,2021-03-02,,,,,,,,,,,,,,,,,39.0,56.53814850660125,57.0239815795817,55.99466783265784,56.03584289550781,1317400.0,0.0,0.0,0.0,VDE
80,,2021-03-02,,,,,,,,,,,,,,,,,1459.0,23.579999923706055,24.600000381469727,22.799999237060547,24.100000381469727,0.0,0.0,0.0,,^VIX
81,,2021-03-03,,,,,,,,,,,,,,,,,40.0,56.414642282437626,58.14388850951598,56.414642282437626,56.851070404052734,1496800.0,0.0,0.0,0.0,VDE
82,,2021-03-03,,,,,,,,,,,,,,,,,1460.0,22.799999237060547,26.790000915527344,22.450000762939453,26.670000076293945,0.0,0.0,0.0,,^VIX
83,,2021-03-04,,,,,,,,,,,,,,,,,41.0,57.386318241951194,59.31319110501494,56.85930995722773,58.34151840209961,2107400.0,0.0,0.0,0.0,VDE
84,,2021-03-04,,,,,,,,,,,,,,,,,1461.0,26.520000457763672,31.899999618530273,24.93000030517578,28.56999969482422,0.0,0.0,0.0,,^VIX
85,,2021-03-05,,,,,,,,,,,,,,,,,42.0,59.996649759629776,60.597765565617905,58.316808702631086,60.48248291015625,2559100.0,0.0,0.0,0.0,VDE
86,,2021-03-05,,,,,,,,,,,,,,,,,1462.0,29.479999542236328,30.030000686645508,24.329999923706055,24.65999984741211,0.0,0.0,0.0,,^VIX
87,,2021-03-08,,,,,,,,,,,,,,,,,43.0,61.12478728235561,61.429460215278006,59.64257256228838,60.58130645751953,2000500.0,0.0,0.0,0.0,VDE
88,,2021-03-08,,,,,,,,,,,,,,,,,1463.0,27.61000061035156,28.38999938964844,24.06999969482422,25.469999313354492,0.0,0.0,0.0,,^VIX
89,,2021-03-09,,,,,,,,,,,,,,,,,44.0,60.44131459867407,60.99302535164295,59.10732149756551,59.337886810302734,1409900.0,0.0,0.0,0.0,VDE
90,,2021-03-09,,,,,,,,,,,,,,,,,1464.0,25.11000061035156,25.25,22.899999618530273,24.030000686645508,0.0,0.0,0.0,,^VIX
91,,2021-03-10,,,,,,,,,,,,,,,,,45.0,59.56021130432128,61.33063218008822,59.32964603351115,61.132999420166016,1742300.0,0.0,0.0,0.0,VDE
92,,2021-03-10,,,,,,,,,,,,,,,,,1465.0,23.760000228881836,23.8700008392334,22.3799991607666,22.559999465942383,0.0,0.0,0.0,,^VIX
93,,2021-03-11,,,,,,,,,,,,,,,,,46.0,61.396528868370815,62.25291900147305,61.05891709151001,61.281246185302734,1452400.0,0.0,0.0,0.0,VDE
94,,2021-03-11,,,,,,,,,,,,,,,,,1466.0,22.5,22.5,21.450000762939453,21.90999984741211,0.0,0.0,0.0,,^VIX
95,,2021-03-12,,,,,,,,,,,,,,,,,47.0,61.44592569501216,61.890590059920015,60.88597867428747,61.32240676879883,1137100.0,0.0,0.0,0.0,VDE
96,,2021-03-12,,,,,,,,,,,,,,,,,1467.0,22.56999969482422,22.989999771118164,20.6299991607666,20.690000534057617,0.0,0.0,0.0,,^VIX
97,,2021-03-15,,,,,,,,,,,,,,,,,48.0,61.32240322381968,61.3882808183163,60.00488274605349,60.70481491088867,1324700.0,0.0,0.0,0.0,VDE
98,,2021-03-15,,,,,,,,,,,,,,,,,1468.0,21.84000015258789,21.86000061035156,19.8700008392334,20.030000686645508,0.0,0.0,0.0,,^VIX
99,,2021-03-16,,,,,,,,,,,,,,,,,49.0,59.80725951229952,59.80725951229952,58.63796029422602,58.97557830810547,1146600.0,0.0,0.0,0.0,VDE
100,,2021-03-16,,,,,,,,,,,,,,,,,1469.0,20.13999938964844,20.309999465942383,19.329999923706055,19.790000915527344,0.0,0.0,0.0,,^VIX
101,,2021-03-17,,,,,,,,,,,,,,,,,50.0,58.7120694291354,59.69197202426468,58.267405054840445,59.46140670776367,873500.0,0.0,0.0,0.0,VDE
102,,2021-03-17,,,,,,,,,,,,,,,,,1470.0,20.100000381469727,20.950000762939453,19.18000030517578,19.229999542236328,0.0,0.0,0.0,,^VIX
103,,2021-03-18,,,,,,,,,,,,,,,,,51.0,59.04144985534845,59.15673252334737,56.299362072306515,56.5628662109375,2345200.0,0.0,0.0,0.0,VDE
104,,2021-03-18,,,,,,,,,,,,,,,,,1471.0,18.950000762939453,22.600000381469727,18.950000762939453,21.579999923706055,0.0,0.0,0.0,,^VIX
105,,2021-03-19,,,,,,,,,,,,,,,,,52.0,56.53815977446974,57.67452011587083,55.81351873145996,56.82636642456055,948800.0,0.0,0.0,0.0,VDE
106,,2021-03-19,,,,,,,,,,,,,,,,,1472.0,21.43000030517578,23.170000076293945,19.899999618530273,20.950000762939453,0.0,0.0,0.0,,^VIX
107,,2021-03-22,,,,,,,,,,,,,,,,,53.0,56.68638459594178,56.82637609188741,56.126443741898726,56.14291000366211,903700.0,0.0,0.0,0.0,VDE
108,,2021-03-22,,,,,,,,,,,,,,,,,1473.0,21.90999984741211,22.290000915527344,18.8700008392334,18.8799991607666,0.0,0.0,0.0,,^VIX
109,,2021-03-23,,,,,,,,,,,,,,,,,54.0,54.9571288384102,56.340527043015705,54.61128085786728,55.023006439208984,1412700.0,0.0,0.0,0.0,VDE
110,,2021-03-23,,,,,,,,,,,,,,,,,1474.0,19.459999084472656,21.579999923706055,18.799999237060547,20.299999237060547,0.0,0.0,0.0,,^VIX
111,,2021-03-24,,,,,,,,,,,,,,,,,55.0,55.96997338903193,57.19691379343335,55.96997338903193,56.37346267700195,1280200.0,0.0,0.0,0.0,VDE
112,,2021-03-24,,,,,,,,,,,,,,,,,1475.0,20.63999938964844,21.489999771118164,19.299999237060547,21.200000762939453,0.0,0.0,0.0,,^VIX
113,,2021-03-25,,,,,,,,,,,,,,,,,56.0,55.49237280688781,56.83459592723357,54.44659260479802,56.60403060913086,1218700.0,0.0,0.0,0.0,VDE
114,,2021-03-25,,,,,,,,,,,,,,,,,1476.0,20.799999237060547,23.549999237060547,19.809999465942383,19.809999465942383,0.0,0.0,0.0,,^VIX
115,,2021-03-26,,,,,,,,,,,,,,,,,57.0,57.76684770923259,58.2160075655442,57.0931110977392,58.19105529785156,1211900.0,0.688,0.0,0.0,VDE
116,,2021-03-26,,,,,,,,,,,,,,,,,1477.0,19.31999969482422,21.489999771118164,18.68000030517578,18.86000061035156,0.0,0.0,0.0,,^VIX
117,,2021-03-29,,,,,,,,,,,,,,,,,58.0,57.73359457110402,57.90826682817906,56.61901105735693,57.30106735229492,1058800.0,0.0,0.0,0.0,VDE
118,,2021-03-29,,,,,,,,,,,,,,,,,1478.0,20.399999618530273,21.600000381469727,19.420000076293945,20.739999771118164,0.0,0.0,0.0,,^VIX
119,,2021-03-30,,,,,,,,,,,,,,,,,59.0,56.851906138019146,57.45078606095245,56.319569838956035,56.860225677490234,1023300.0,0.0,0.0,0.0,VDE
120,,2021-03-30,,,,,,,,,,,,,,,,,1479.0,20.760000228881836,21.75,19.469999313354492,19.61000061035156,0.0,0.0,0.0,,^VIX
121,,2021-03-31,,,,,,,,,,,,,,,,,60.0,56.92676311711137,57.00993946493862,56.27797871973085,56.5607795715332,1484200.0,0.0,0.0,0.0,VDE
122,,2021-03-31,,,,,,,,,,,,,,,,,1480.0,19.799999237060547,20.11000061035156,18.850000381469727,19.399999618530273,0.0,0.0,0.0,,^VIX
123,3.0,2021-04-01,159.9,147.3,3.4,346.267,291.8,159.3,210.1,54.2,124.3,274.1,189.2,245.3,217.9,37.4,273.968,267.054,61.0,56.95171915921623,58.09124852642133,56.5275115074656,58.08293533325195,1423300.0,0.0,0.0,0.0,VDE
124,3.0,2021-04-01,159.9,147.3,3.4,346.267,291.8,159.3,210.1,54.2,124.3,274.1,189.2,245.3,217.9,37.4,273.968,267.054,1481.0,18.600000381469727,18.63999938964844,17.290000915527344,17.329999923706055,0.0,0.0,0.0,,^VIX
125,,2021-04-05,,,,,,,,,,,,,,,,,62.0,57.99975872620684,57.99975872620684,56.269662662196765,56.55246353149414,1367500.0,0.0,0.0,0.0,VDE
126,,2021-04-05,,,,,,,,,,,,,,,,,1482.0,18.15999984741211,18.399999618530273,17.350000381469727,17.90999984741211,0.0,0.0,0.0,,^VIX
127,,2021-04-06,,,,,,,,,,,,,,,,,63.0,56.91013237407407,57.775180479244625,56.4692919546779,56.54415512084961,750600.0,0.0,0.0,0.0,VDE
128,,2021-04-06,,,,,,,,,,,,,,,,,1483.0,18.06999969482422,18.299999237060547,17.3700008392334,18.1200008392334,0.0,0.0,0.0,,^VIX
129,,2021-04-07,,,,,,,,,,,,,,,,,64.0,56.59404585283572,57.05151889418269,56.33619729596837,56.78535079956055,660500.0,0.0,0.0,0.0,VDE
130,,2021-04-07,,,,,,,,,,,,,,,,,1484.0,17.989999771118164,18.170000076293945,16.8700008392334,17.15999984741211,0.0,0.0,0.0,,^VIX
131,,2021-04-08,,,,,,,,,,,,,,,,,65.0,56.33620953929069,56.33620953929069,55.2964892021603,55.99517822265625,920200.0,0.0,0.0,0.0,VDE
132,,2021-04-08,,,,,,,,,,,,,,,,,1485.0,16.920000076293945,17.360000610351562,16.549999237060547,16.950000762939453,0.0,0.0,0.0,,^VIX
133,,2021-04-09,,,,,,,,,,,,,,,,,66.0,55.90367689347666,56.402741337618174,55.28816429056707,55.54601287841797,869500.0,0.0,0.0,0.0,VDE
134,,2021-04-09,,,,,,,,,,,,,,,,,1486.0,17.049999237060547,17.34000015258789,16.200000762939453,16.690000534057617,0.0,0.0,0.0,,^VIX
135,,2021-04-12,,,,,,,,,,,,,,,,,67.0,55.90367270987437,56.3861043863524,54.87227208970786,55.030311584472656,1161200.0,0.0,0.0,0.0,VDE
136,,2021-04-12,,,,,,,,,,,,,,,,,1487.0,17.43000030517578,17.90999984741211,16.809999465942383,16.90999984741211,0.0,0.0,0.0,,^VIX
137,,2021-04-13,,,,,,,,,,,,,,,,,68.0,55.01367914670709,55.371343178158966,54.55619968347247,55.071903228759766,763600.0,0.0,0.0,0.0,VDE
138,,2021-04-13,,,,,,,,,,,,,,,,,1488.0,16.989999771118164,17.860000610351562,16.43000030517578,16.649999618530273,0.0,0.0,0.0,,^VIX
139,,2021-04-14,,,,,,,,,,,,,,,,,69.0,55.52937815044435,57.550594470606384,55.52105861198897,56.777042388916016,807000.0,0.0,0.0,0.0,VDE
140,,2021-04-14,,,,,,,,,,,,,,,,,1489.0,16.709999084472656,17.690000534057617,15.380000114440918,16.989999771118164,0.0,0.0,0.0,,^VIX
141,,2021-04-15,,,,,,,,,,,,,,,,,70.0,56.88517673293057,56.88517673293057,55.995176407042706,56.3195686340332,645600.0,0.0,0.0,0.0,VDE
142,,2021-04-15,,,,,,,,,,,,,,,,,1490.0,16.780000686645508,16.920000076293945,15.9399995803833,16.56999969482422,0.0,0.0,0.0,,^VIX
143,,2021-04-16,,,,,,,,,,,,,,,,,71.0,56.619003803038865,56.777043306502904,55.562650856278225,55.787227630615234,493300.0,0.0,0.0,0.0,VDE
144,,2021-04-16,,,,,,,,,,,,,,,,,1491.0,16.649999618530273,16.8799991607666,16.049999237060547,16.25,0.0,0.0,0.0,,^VIX
145,,2021-04-19,,,,,,,,,,,,,,,,,72.0,55.80386521126494,56.35284057882644,55.20499164567395,55.67910385131836,709300.0,0.0,0.0,0.0,VDE
146,,2021-04-19,,,,,,,,,,,,,,,,,1492.0,17.040000915527344,18.61000061035156,16.780000686645508,17.290000915527344,0.0,0.0,0.0,,^VIX
147,,2021-04-20,,,,,,,,,,,,,,,,,73.0,55.61255678296425,55.61255678296425,53.533116300041414,54.098724365234375,1457000.0,0.0,0.0,0.0,VDE
148,,2021-04-20,,,,,,,,,,,,,,,,,1493.0,17.360000610351562,19.700000762939453,17.239999771118164,18.68000030517578,0.0,0.0,0.0,,^VIX
149,,2021-04-21,,,,,,,,,,,,,,,,,74.0,53.491528194989186,54.972088893239146,53.15881960133531,54.86396026611328,668600.0,0.0,0.0,0.0,VDE
150,,2021-04-21,,,,,,,,,,,,,,,,,1494.0,18.479999542236328,19.290000915527344,16.90999984741211,17.5,0.0,0.0,0.0,,^VIX
151,,2021-04-22,,,,,,,,,,,,,,,,,75.0,55.13013210341883,55.13013210341883,53.99891582867093,54.215179443359375,703600.0,0.0,0.0,0.0,VDE
152,,2021-04-22,,,,,,,,,,,,,,,,,1495.0,17.280000686645508,19.899999618530273,16.989999771118164,18.709999084472656,0.0,0.0,0.0,,^VIX
153,,2021-04-23,,,,,,,,,,,,,,,,,76.0,54.29003302628971,54.980408836576,53.97396033594199,54.73919296264648,568100.0,0.0,0.0,0.0,VDE
154,,2021-04-23,,,,,,,,,,,,,,,,,1496.0,18.559999465942383,18.780000686645508,16.799999237060547,17.329999923706055,0.0,0.0,0.0,,^VIX
155,,2021-04-26,,,,,,,,,,,,,,,,,77.0,54.639392666983866,55.57929769586844,54.581168573972434,55.21331405639648,829600.0,0.0,0.0,0.0,VDE
156,,2021-04-26,,,,,,,,,,,,,,,,,1497.0,17.940000534057617,18.170000076293945,16.8700008392334,17.639999389648438,0.0,0.0,0.0,,^VIX
157,,2021-04-27,,,,,,,,,,,,,,,,,78.0,55.42124373286682,56.06171493530586,55.13012334355295,55.84545135498047,644000.0,0.0,0.0,0.0,VDE
158,,2021-04-27,,,,,,,,,,,,,,,,,1498.0,17.6200008392334,18.15999984741211,16.969999313354492,17.559999465942383,0.0,0.0,0.0,,^VIX
159,,2021-04-28,,,,,,,,,,,,,,,,,79.0,56.18649507408774,58.07462459950199,56.18649507408774,57.80845642089844,857000.0,0.0,0.0,0.0,VDE
160,,2021-04-28,,,,,,,,,,,,,,,,,1499.0,17.469999313354492,17.84000015258789,16.670000076293945,17.280000686645508,0.0,0.0,0.0,,^VIX
161,,2021-04-29,,,,,,,,,,,,,,,,,80.0,58.64853775571434,59.214145788103075,57.667041650861776,58.44059371948242,903800.0,0.0,0.0,0.0,VDE
162,,2021-04-29,,,,,,,,,,,,,,,,,1500.0,16.8799991607666,18.8700008392334,16.770000457763672,17.610000610351562,0.0,0.0,0.0,,^VIX
163,,2021-04-30,,,,,,,,,,,,,,,,,81.0,57.53396278248892,58.34910631519246,56.74377786835684,56.802001953125,753400.0,0.0,0.0,0.0,VDE
164,,2021-04-30,,,,,,,,,,,,,,,,,1501.0,17.670000076293945,19.25,17.639999389648438,18.61000061035156,0.0,0.0,0.0,,^VIX
165,4.0,2021-05-01,162.6,148.1,4.6,347.016,305.9,162.1,215.1,54.5,125.5,285.6,196.8,245.5,224.9,37.1,275.893,269.195,,,,,,,,,,
166,,2021-05-03,,,,,,,,,,,,,,,,,82.0,57.51732449322197,58.581996995249234,57.38423725749423,58.44890975952149,700700.0,0.0,0.0,0.0,VDE
167,,2021-05-03,,,,,,,,,,,,,,,,,1502.0,18.649999618530273,19.1200008392334,17.799999237060547,18.309999465942383,0.0,0.0,0.0,,^VIX
168,,2021-05-04,,,,,,,,,,,,,,,,,83.0,58.56536038981624,58.97292891686272,57.77516925833629,58.54872131347656,876700.0,0.0,0.0,0.0,VDE
169,,2021-05-04,,,,,,,,,,,,,,,,,1503.0,18.15999984741211,21.850000381469727,18.11000061035156,19.479999542236328,0.0,0.0,0.0,,^VIX
170,,2021-05-05,,,,,,,,,,,,,,,,,84.0,59.26405917474022,60.644810827533696,59.26405917474022,60.436866760253906,531800.0,0.0,0.0,0.0,VDE
171,,2021-05-05,,,,,,,,,,,,,,,,,1504.0,18.84000015258789,19.579999923706055,17.889999389648438,19.149999618530273,0.0,0.0,0.0,,^VIX
172,,2021-05-06,,,,,,,,,,,,,,,,,85.0,60.52005275380915,60.694725036621094,59.20584451632849,60.694725036621094,883100.0,0.0,0.0,0.0,VDE
173,,2021-05-06,,,,,,,,,,,,,,,,,1505.0,18.40999984741211,20.600000381469727,18.209999084472656,18.38999938964844,0.0,0.0,0.0,,^VIX
174,,2021-05-07,,,,,,,,,,,,,,,,,86.0,60.037603173905424,62.008914947509766,59.84629186587187,62.008914947509766,855600.0,0.0,0.0,0.0,VDE
175,,2021-05-07,,,,,,,,,,,,,,,,,1506.0,18.450000762939453,18.56999969482422,16.68000030517578,16.690000534057617,0.0,0.0,0.0,,^VIX
176,,2021-05-10,,,,,,,,,,,,,,,,,87.0,62.649369633026495,63.62254605433835,61.74273681640624,61.74273681640625,1887300.0,0.0,0.0,0.0,VDE
177,,2021-05-10,,,,,,,,,,,,,,,,,1507.0,17.34000015258789,19.75,17.06999969482422,19.65999984741211,0.0,0.0,0.0,,^VIX
178,,2021-05-11,,,,,,,,,,,,,,,,,88.0,60.43686960629381,61.46827045170558,59.77144602128321,60.44518280029297,1578500.0,0.0,0.0,0.0,VDE
179,,2021-05-11,,,,,,,,,,,,,,,,,1508.0,21.170000076293945,23.729999542236328,20.709999084472656,21.84000015258789,0.0,0.0,0.0,,^VIX
180,,2021-05-12,,,,,,,,,,,,,,,,,89.0,60.694717770161304,62.45807946893168,60.34537324636146,60.63649368286133,1093300.0,0.0,0.0,0.0,VDE
181,,2021-05-12,,,,,,,,,,,,,,,,,1509.0,22.420000076293945,28.3799991607666,21.65999984741211,27.59000015258789,0.0,0.0,0.0,,^VIX
182,,2021-05-13,,,,,,,,,,,,,,,,,90.0,59.95443452167063,61.04405939479902,58.93966646610864,59.779762268066406,1260100.0,0.0,0.0,0.0,VDE
183,,2021-05-13,,,,,,,,,,,,,,,,,1510.0,26.030000686645508,28.93000030517578,22.229999542236328,23.1299991607666,0.0,0.0,0.0,,^VIX
184,,2021-05-14,,,,,,,,,,,,,,,,,91.0,60.54499098015952,62.000599345080936,60.54499098015952,61.809288024902344,1450800.0,0.0,0.0,0.0,VDE
185,,2021-05-14,,,,,,,,,,,,,,,,,1511.0,21.770000457763672,22.100000381469727,18.65999984741211,18.809999465942383,0.0,0.0,0.0,,^VIX
186,,2021-05-17,,,,,,,,,,,,,,,,,92.0,61.684530063679134,63.289852142333984,61.41835557019735,63.289852142333984,1011500.0,0.0,0.0,0.0,VDE
187,,2021-05-17,,,,,,,,,,,,,,,,,1512.0,19.88999938964844,21.579999923706055,19.670000076293945,19.719999313354492,0.0,0.0,0.0,,^VIX
188,,2021-05-18,,,,,,,,,,,,,,,,,93.0,63.22330389031855,63.42292837982894,61.75105662206568,61.85087203979492,751500.0,0.0,0.0,0.0,VDE
189,,2021-05-18,,,,,,,,,,,,,,,,,1513.0,18.88999938964844,21.450000762939453,18.809999465942383,21.34000015258789,0.0,0.0,0.0,,^VIX
190,,2021-05-19,,,,,,,,,,,,,,,,,94.0,60.39527197424634,60.99415186931076,59.447047589044,60.345367431640625,1027300.0,0.0,0.0,0.0,VDE
191,,2021-05-19,,,,,,,,,,,,,,,,,1514.0,22.459999084472656,25.959999084472656,21.8799991607666,22.18000030517578,0.0,0.0,0.0,,^VIX
192,,2021-05-20,,,,,,,,,,,,,,,,,95.0,60.29546071568293,60.528357058558555,59.3721885378907,60.287147521972656,842600.0,0.0,0.0,0.0,VDE
193,,2021-05-20,,,,,,,,,,,,,,,,,1515.0,22.329999923706055,23.5,20.190000534057617,20.670000076293945,0.0,0.0,0.0,,^VIX
194,,2021-05-21,,,,,,,,,,,,,,,,,96.0,60.95256398570022,61.326867114373435,60.378636329304214,60.436866760253906,621800.0,0.0,0.0,0.0,VDE
195,,2021-05-21,,,,,,,,,,,,,,,,,1516.0,20.420000076293945,20.88999938964844,19.530000686645508,20.149999618530273,0.0,0.0,0.0,,^VIX
196,,2021-05-24,,,,,,,,,,,,,,,,,97.0,60.827792722535975,61.11059993740832,60.08751239394362,60.95256042480469,655300.0,0.0,0.0,0.0,VDE
197,,2021-05-24,,,,,,,,,,,,,,,,,1517.0,20.5,20.510000228881836,18.3799991607666,18.399999618530273,0.0,0.0,0.0,,^VIX
198,,2021-05-25,,,,,,,,,,,,,,,,,98.0,60.919275841266995,60.97749991065778,59.58843543665788,59.70488357543945,772800.0,0.0,0.0,0.0,VDE
199,,2021-05-25,,,,,,,,,,,,,,,,,1518.0,18.350000381469727,19.290000915527344,16.8700008392334,18.84000015258789,0.0,0.0,0.0,,^VIX
200,,2021-05-26,,,,,,,,,,,,,,,,,99.0,59.76311995614523,60.52003936009988,59.49695182039227,60.3370475769043,548000.0,0.0,0.0,0.0,VDE
201,,2021-05-26,,,,,,,,,,,,,,,,,1519.0,18.3700008392334,18.920000076293945,17.350000381469727,17.360000610351562,0.0,0.0,0.0,,^VIX
202,,2021-05-27,,,,,,,,,,,,,,,,,100.0,60.603222645138814,61.160511251566014,60.15406267481028,60.4535026550293,416100.0,0.0,0.0,0.0,VDE
203,,2021-05-27,,,,,,,,,,,,,,,,,1520.0,18.030000686645508,18.170000076293945,16.520000457763672,16.739999771118164,0.0,0.0,0.0,,^VIX
204,,2021-05-28,,,,,,,,,,,,,,,,,101.0,60.81116284107522,60.81116284107522,60.23723519130369,60.520042419433594,608700.0,0.0,0.0,0.0,VDE
205,,2021-05-28,,,,,,,,,,,,,,,,,1521.0,16.799999237060547,16.860000610351562,15.899999618530272,16.760000228881836,0.0,0.0,0.0,,^VIX
206,5.0,2021-06-01,163.4,149.0,4.2,347.833,315.7,159.3,217.9,54.7,126.6,302.7,203.6,245.9,228.9,36.8,278.218,271.696,102.0,61.80929690716111,63.073600479538584,61.66789645441949,63.03200912475586,1145000.0,0.0,0.0,0.0,VDE
207,5.0,2021-06-01,163.4,149.0,4.2,347.833,315.7,159.3,217.9,54.7,126.6,302.7,203.6,245.9,228.9,36.8,278.218,271.696,1522.0,17.239999771118164,18.530000686645508,15.68000030517578,17.899999618530273,0.0,0.0,0.0,,^VIX
208,,2021-06-02,,,,,,,,,,,,,,,,,103.0,63.42292365904379,64.59573093276097,62.63273895183475,64.25469970703125,1083500.0,0.0,0.0,0.0,VDE
209,,2021-06-02,,,,,,,,,,,,,,,,,1523.0,17.860000610351562,18.309999465942383,16.739999771118164,17.479999542236328,0.0,0.0,0.0,,^VIX
210,,2021-06-03,,,,,,,,,,,,,,,,,104.0,64.05509379190919,64.82864599450694,63.5892947548297,64.44602966308594,842500.0,0.0,0.0,0.0,VDE
211,,2021-06-03,,,,,,,,,,,,,,,,,1524.0,17.729999542236328,19.270000457763672,17.450000762939453,18.040000915527344,0.0,0.0,0.0,,^VIX
212,,2021-06-04,,,,,,,,,,,,,,,,,105.0,64.87855939832868,65.21127122853581,63.9636066247218,64.92015075683594,845200.0,0.0,0.0,0.0,VDE
213,,2021-06-04,,,,,,,,,,,,,,,,,1525.0,18.09000015258789,18.420000076293945,16.18000030517578,16.420000076293945,0.0,0.0,0.0,,^VIX
214,,2021-06-07,,,,,,,,,,,,,,,,,106.0,64.98668057876993,65.34434464460362,64.64565559280737,64.68724060058594,859800.0,0.0,0.0,0.0,VDE
215,,2021-06-07,,,,,,,,,,,,,,,,,1526.0,17.34000015258789,17.350000381469727,15.779999732971191,16.420000076293945,0.0,0.0,0.0,,^VIX
216,,2021-06-08,,,,,,,,,,,,,,,,,107.0,64.61239655843822,65.46080576712988,63.714076446211145,65.26950073242188,903000.0,0.0,0.0,0.0,VDE
217,,2021-06-08,,,,,,,,,,,,,,,,,1527.0,16.579999923706055,17.75,15.149999618530272,17.06999969482422,0.0,0.0,0.0,,^VIX
218,,2021-06-09,,,,,,,,,,,,,,,,,108.0,65.58555553197677,65.81013867145735,64.87854699417875,64.92845153808594,741800.0,0.0,0.0,0.0,VDE
219,,2021-06-09,,,,,,,,,,,,,,,,,1528.0,17.18000030517578,17.959999084472656,15.550000190734863,17.889999389648438,0.0,0.0,0.0,,^VIX
220,,2021-06-10,,,,,,,,,,,,,,,,,109.0,65.75190821796129,66.05966133683819,64.08003635360728,64.8286361694336,919500.0,0.0,0.0,0.0,VDE
221,,2021-06-10,,,,,,,,,,,,,,,,,1529.0,18.18000030517578,18.290000915527344,16.010000228881836,16.100000381469727,0.0,0.0,0.0,,^VIX
222,,2021-06-11,,,,,,,,,,,,,,,,,110.0,65.17798136531361,65.4857408335882,64.63732558416034,64.67891693115234,957700.0,0.0,0.0,0.0,VDE
223,,2021-06-11,,,,,,,,,,,,,,,,,1530.0,16.18000030517578,16.200000762939453,15.149999618530272,15.649999618530272,0.0,0.0,0.0,,^VIX
224,,2021-06-14,,,,,,,,,,,,,,,,,111.0,65.08649400044976,65.45247759486217,63.96359729007917,64.3961181640625,1107700.0,0.0,0.0,0.0,VDE
225,,2021-06-14,,,,,,,,,,,,,,,,,1531.0,16.040000915527344,17.040000915527344,15.039999961853027,16.389999389648438,0.0,0.0,0.0,,^VIX
226,,2021-06-15,,,,,,,,,,,,,,,,,112.0,64.83694854036308,65.77685965396994,64.71218719426344,65.68536376953125,916700.0,0.0,0.0,0.0,VDE
227,,2021-06-15,,,,,,,,,,,,,,,,,1532.0,16.270000457763672,17.350000381469727,16.139999389648438,17.020000457763672,0.0,0.0,0.0,,^VIX
228,,2021-06-16,,,,,,,,,,,,,,,,,113.0,65.58555261227212,66.11788887674759,64.78704821555893,65.46078491210938,970200.0,0.0,0.0,0.0,VDE
229,,2021-06-16,,,,,,,,,,,,,,,,,1533.0,16.989999771118164,19.11000061035156,16.420000076293945,18.149999618530273,0.0,0.0,0.0,,^VIX
230,,2021-06-17,,,,,,,,,,,,,,,,,114.0,65.21125356876122,65.74358981455123,62.10041244256055,62.99872589111328,1630900.0,0.0,0.0,0.0,VDE
231,,2021-06-17,,,,,,,,,,,,,,,,,1534.0,18.489999771118164,19.219999313354492,16.709999084472656,17.75,0.0,0.0,0.0,,^VIX
232,,2021-06-18,,,,,,,,,,,,,,,,,115.0,61.626292470064136,62.54125132017601,61.18545212189122,61.2353630065918,1403500.0,0.0,0.0,0.0,VDE
233,,2021-06-18,,,,,,,,,,,,,,,,,1535.0,16.959999084472656,21.040000915527344,16.920000076293945,20.700000762939453,0.0,0.0,0.0,,^VIX
234,,2021-06-21,,,,,,,,,,,,,,,,,116.0,61.837961375400546,63.96133225143162,61.837961375400546,63.84383392333984,1250400.0,0.658,0.0,0.0,VDE
235,,2021-06-21,,,,,,,,,,,,,,,,,1536.0,21.739999771118164,21.81999969482422,17.809999465942383,17.889999389648438,0.0,0.0,0.0,,^VIX
236,,2021-06-22,,,,,,,,,,,,,,,,,117.0,63.75152073286194,64.5236545276042,63.00456423963833,64.31383514404297,780800.0,0.0,0.0,0.0,VDE
237,,2021-06-22,,,,,,,,,,,,,,,,,1537.0,17.90999984741211,18.31999969482422,15.760000228881836,16.65999984741211,0.0,0.0,0.0,,^VIX
238,,2021-06-23,,,,,,,,,,,,,,,,,118.0,64.99365117211346,65.67346389310786,64.47329682078716,64.49847412109375,634000.0,0.0,0.0,0.0,VDE
239,,2021-06-23,,,,,,,,,,,,,,,,,1538.0,16.25,16.84000015258789,14.859999656677246,16.31999969482422,0.0,0.0,0.0,,^VIX
240,,2021-06-24,,,,,,,,,,,,,,,,,119.0,64.85935952305269,65.18667721231947,64.22990144320445,65.08596801757812,766400.0,0.0,0.0,0.0,VDE
241,,2021-06-24,,,,,,,,,,,,,,,,,1539.0,15.989999771118164,16.049999237060547,14.1899995803833,15.970000267028809,0.0,0.0,0.0,,^VIX
242,,2021-06-25,,,,,,,,,,,,,,,,,120.0,65.4468708107459,65.54758002585768,65.01044286799485,65.3629379272461,576000.0,0.0,0.0,0.0,VDE
243,,2021-06-25,,,,,,,,,,,,,,,,,1540.0,16.040000915527344,16.170000076293945,15.210000038146973,15.619999885559082,0.0,0.0,0.0,,^VIX
244,,2021-06-28,,,,,,,,,,,,,,,,,121.0,65.21184261025459,65.21184261025459,62.92061920352095,63.19758224487305,790900.0,0.0,0.0,0.0,VDE
245,,2021-06-28,,,,,,,,,,,,,,,,,1541.0,16.06999969482422,16.459999084472656,15.390000343322754,15.760000228881836,0.0,0.0,0.0,,^VIX
246,,2021-06-29,,,,,,,,,,,,,,,,,122.0,63.667590690117,63.98651383010288,62.8450959352768,62.86188507080078,1041000.0,0.0,0.0,0.0,VDE
247,,2021-06-29,,,,,,,,,,,,,,,,,1542.0,15.6899995803833,16.309999465942383,14.100000381469728,16.020000457763672,0.0,0.0,0.0,,^VIX
248,,2021-06-30,,,,,,,,,,,,,,,,,123.0,63.189202884404985,63.92776476922068,63.09688184840565,63.69276809692383,653400.0,0.0,0.0,0.0,VDE
249,,2021-06-30,,,,,,,,,,,,,,,,,1543.0,16.18000030517578,17.309999465942383,15.579999923706056,15.829999923706056,0.0,0.0,0.0,,^VIX
250,6.0,2021-07-01,163.969,150.071,4.7,348.469,313.542,159.929,219.492,54.548,127.824,304.644,207.506,246.629,231.85,36.6,279.146,273.003,124.0,65.23705183561586,65.37972749341198,64.30545317065052,64.84259033203125,916100.0,0.0,0.0,0.0,VDE
251,6.0,2021-07-01,163.969,150.071,4.7,348.469,313.542,159.929,219.492,54.548,127.824,304.644,207.506,246.629,231.85,36.6,279.146,273.003,1544.0,15.619999885559082,16.010000228881836,15.3100004196167,15.479999542236328,0.0,0.0,0.0,,^VIX
252,,2021-07-02,,,,,,,,,,,,,,,,,125.0,64.77545001838355,64.84259376790897,64.03688798314516,64.63277435302734,481600.0,0.0,0.0,0.0,VDE
253,,2021-07-02,,,,,,,,,,,,,,,,,1545.0,15.529999732971191,15.539999961853027,14.25,15.06999969482422,0.0,0.0,0.0,,^VIX
254,,2021-07-06,,,,,,,,,,,,,,,,,126.0,64.61596256781634,64.61596256781634,62.173668764209395,62.49259185791016,986200.0,0.0,0.0,0.0,VDE
255,,2021-07-06,,,,,,,,,,,,,,,,,1546.0,15.770000457763672,17.940000534057617,15.729999542236328,16.440000534057617,0.0,0.0,0.0,,^VIX
256,,2021-07-07,,,,,,,,,,,,,,,,,127.0,62.35830750256108,63.00454822223947,60.69653558982295,61.384742736816406,983800.0,0.0,0.0,0.0,VDE
257,,2021-07-07,,,,,,,,,,,,,,,,,1547.0,16.43000030517578,17.639999389648438,16.079999923706055,16.200000762939453,0.0,0.0,0.0,,^VIX
258,,2021-07-08,,,,,,,,,,,,,,,,,128.0,60.218154185754976,61.787605248075,60.12583315837271,61.19171905517578,884900.0,0.0,0.0,0.0,VDE
259,,2021-07-08,,,,,,,,,,,,,,,,,1548.0,17.739999771118164,21.290000915527344,17.739999771118164,19.0,0.0,0.0,0.0,,^VIX
260,,2021-07-09,,,,,,,,,,,,,,,,,129.0,62.00580944922625,62.61009017680929,61.275642239378534,62.49259185791016,639400.0,0.0,0.0,0.0,VDE
261,,2021-07-09,,,,,,,,,,,,,,,,,1549.0,17.8799991607666,18.1299991607666,16.079999923706055,16.18000030517578,0.0,0.0,0.0,,^VIX
262,,2021-07-12,,,,,,,,,,,,,,,,,130.0,61.84635989050785,62.81152387527516,61.409932012726294,62.42545700073242,2738100.0,0.0,0.0,0.0,VDE
263,,2021-07-12,,,,,,,,,,,,,,,,,1550.0,16.850000381469727,17.520000457763672,16.139999389648438,16.170000076293945,0.0,0.0,0.0,,^VIX
264,,2021-07-13,,,,,,,,,,,,,,,,,131.0,62.098145710461445,62.442252588236585,61.519048540399936,61.89672088623047,925100.0,0.0,0.0,0.0,VDE
265,,2021-07-13,,,,,,,,,,,,,,,,,1551.0,16.389999389648438,17.229999542236328,15.9399995803833,17.1200008392334,0.0,0.0,0.0,,^VIX
266,,2021-07-14,,,,,,,,,,,,,,,,,132.0,62.1652810494738,62.80313371035708,59.71459240921019,59.92441177368164,1097400.0,0.0,0.0,0.0,VDE
267,,2021-07-14,,,,,,,,,,,,,,,,,1552.0,17.34000015258789,17.510000228881836,15.949999809265137,16.329999923706055,0.0,0.0,0.0,,^VIX
268,,2021-07-15,,,,,,,,,,,,,,,,,133.0,59.27817271906364,60.05870111864989,58.79139659278533,59.07674789428711,1247200.0,0.0,0.0,0.0,VDE
269,,2021-07-15,,,,,,,,,,,,,,,,,1553.0,16.700000762939453,18.09000015258789,16.559999465942383,17.010000228881836,0.0,0.0,0.0,,^VIX
270,,2021-07-16,,,,,,,,,,,,,,,,,134.0,59.59710061083608,59.59710061083608,57.25551547825134,57.406585693359375,1309800.0,0.0,0.0,0.0,VDE
271,,2021-07-16,,,,,,,,,,,,,,,,,1554.0,16.799999237060547,18.700000762939453,16.030000686645508,18.450000762939453,0.0,0.0,0.0,,^VIX
272,,2021-07-19,,,,,,,,,,,,,,,,,135.0,55.35034110038165,56.06373200173256,54.50267554996845,55.266414642333984,3126700.0,0.0,0.0,0.0,VDE
273,,2021-07-19,,,,,,,,,,,,,,,,,1555.0,19.61000061035156,25.09000015258789,19.270000457763672,22.5,0.0,0.0,0.0,,^VIX
274,,2021-07-20,,,,,,,,,,,,,,,,,136.0,55.40071236521115,56.71837785061622,54.905535285555246,56.164451599121094,3834700.0,0.0,0.0,0.0,VDE
275,,2021-07-20,,,,,,,,,,,,,,,,,1556.0,20.88999938964844,22.969999313354492,19.3700008392334,19.729999542236328,0.0,0.0,0.0,,^VIX
276,,2021-07-21,,,,,,,,,,,,,,,,,137.0,57.27230450326888,58.715863072170954,57.24712719851505,58.20390319824219,1419600.0,0.0,0.0,0.0,VDE
277,,2021-07-21,,,,,,,,,,,,,,,,,1557.0,19.729999542236328,19.81999969482422,17.809999465942383,17.90999984741211,0.0,0.0,0.0,,^VIX
278,,2021-07-22,,,,,,,,,,,,,,,,,138.0,58.11156747940727,58.187105777784986,57.012116094763115,57.557647705078125,1725900.0,0.0,0.0,0.0,VDE
279,,2021-07-22,,,,,,,,,,,,,,,,,1558.0,17.59000015258789,18.450000762939453,17.399999618530273,17.690000534057617,0.0,0.0,0.0,,^VIX
280,,2021-07-23,,,,,,,,,,,,,,,,,139.0,57.6499637583591,57.6499637583591,56.659616219992586,57.26389694213867,1069000.0,0.0,0.0,0.0,VDE
281,,2021-07-23,,,,,,,,,,,,,,,,,1559.0,16.979999542236328,17.479999542236328,16.329999923706055,17.200000762939453,0.0,0.0,0.0,,^VIX
282,,2021-07-26,,,,,,,,,,,,,,,,,140.0,57.41497459797729,59.00120849854586,57.41497459797729,58.715850830078125,1493500.0,0.0,0.0,0.0,VDE
283,,2021-07-26,,,,,,,,,,,,,,,,,1560.0,18.670000076293945,19.38999938964844,17.530000686645508,17.579999923706055,0.0,0.0,0.0,,^VIX
284,,2021-07-27,,,,,,,,,,,,,,,,,141.0,58.2458615942581,58.2458615942581,57.39818949997366,57.99407577514648,1300700.0,0.0,0.0,0.0,VDE
285,,2021-07-27,,,,,,,,,,,,,,,,,1561.0,18.6200008392334,20.440000534057617,18.25,19.36000061035156,0.0,0.0,0.0,,^VIX
286,,2021-07-28,,,,,,,,,,,,,,,,,142.0,58.25424882673655,59.06834254589993,57.59960706011807,58.56477737426758,890300.0,0.0,0.0,0.0,VDE
287,,2021-07-28,,,,,,,,,,,,,,,,,1562.0,19.40999984741211,19.6200008392334,17.520000457763672,18.309999465942383,0.0,0.0,0.0,,^VIX
288,,2021-07-29,,,,,,,,,,,,,,,,,143.0,59.30334205641459,59.49637226579565,58.68227219213058,59.034767150878906,1124400.0,0.0,0.0,0.0,VDE
289,,2021-07-29,,,,,,,,,,,,,,,,,1563.0,17.90999984741211,18.010000228881836,17.190000534057617,17.700000762939453,0.0,0.0,0.0,,^VIX
290,,2021-07-30,,,,,,,,,,,,,,,,,144.0,58.892095769341886,59.11030969419125,57.78424981706005,58.153533935546875,1231600.0,0.0,0.0,0.0,VDE
291,,2021-07-30,,,,,,,,,,,,,,,,,1564.0,19.690000534057617,19.719999313354492,17.530000686645508,18.239999771118164,0.0,0.0,0.0,,^VIX
292,7.0,2021-08-01,166.08,150.884,4.6,349.71,313.083,164.691,220.114,54.766,128.755,304.955,211.209,246.652,233.415,36.6,279.507,273.567,,,,,,,,,,
293,,2021-08-02,,,,,,,,,,,,,,,,,145.0,58.14515128301388,59.61388708754859,57.540870384639376,57.66676330566406,1247300.0,0.0,0.0,0.0,VDE
294,,2021-08-02,,,,,,,,,,,,,,,,,1565.0,18.15999984741211,19.8700008392334,17.989999771118164,19.459999084472656,0.0,0.0,0.0,,^VIX
295,,2021-08-03,,,,,,,,,,,,,,,,,146.0,57.44855498166933,58.72426064875464,56.82749128760918,58.61515045166016,1359400.0,0.0,0.0,0.0,VDE
296,,2021-08-03,,,,,,,,,,,,,,,,,1566.0,19.170000076293945,20.440000534057617,17.700000762939453,18.040000915527344,0.0,0.0,0.0,,^VIX
297,,2021-08-04,,,,,,,,,,,,,,,,,147.0,57.53247034214127,58.2206775780683,56.810691240659445,56.861045837402344,1272500.0,0.0,0.0,0.0,VDE
298,,2021-08-04,,,,,,,,,,,,,,,,,1567.0,18.229999542236328,18.899999618530273,17.670000076293945,17.969999313354492,0.0,0.0,0.0,,^VIX
299,,2021-08-05,,,,,,,,,,,,,,,,,148.0,57.15479299645135,58.354960004652426,57.02051193426387,57.59122085571289,1708400.0,0.0,0.0,0.0,VDE
300,,2021-08-05,,,,,,,,,,,,,,,,,1568.0,17.729999542236328,17.84000015258789,17.229999542236328,17.280000686645508,0.0,0.0,0.0,,^VIX
301,,2021-08-06,,,,,,,,,,,,,,,,,149.0,58.12836491706305,58.60675286452782,57.817829918358726,58.13675308227539,931600.0,0.0,0.0,0.0,VDE
302,,2021-08-06,,,,,,,,,,,,,,,,,1569.0,17.459999084472656,17.5,16.139999389648438,16.149999618530273,0.0,0.0,0.0,,^VIX
303,,2021-08-09,,,,,,,,,,,,,,,,,150.0,57.35622054357782,57.74229382344225,56.869444466214,57.3310432434082,1053400.0,0.0,0.0,0.0,VDE
304,,2021-08-09,,,,,,,,,,,,,,,,,1570.0,17.1200008392334,17.389999389648438,16.59000015258789,16.719999313354492,0.0,0.0,0.0,,^VIX
305,,2021-08-10,,,,,,,,,,,,,,,,,151.0,57.6331710118768,58.58994662755981,57.6331710118768,58.455665588378906,933600.0,0.0,0.0,0.0,VDE
306,,2021-08-10,,,,,,,,,,,,,,,,,1571.0,16.81999969482422,17.049999237060547,16.34000015258789,16.790000915527344,0.0,0.0,0.0,,^VIX
307,,2021-08-11,,,,,,,,,,,,,,,,,152.0,58.33816343219042,58.925654945836946,57.82620379750819,58.816551208496094,1108000.0,0.0,0.0,0.0,VDE
308,,2021-08-11,,,,,,,,,,,,,,,,,1572.0,16.809999465942383,17.09000015258789,16.06999969482422,16.170000076293945,0.0,0.0,0.0,,^VIX
309,,2021-08-12,,,,,,,,,,,,,,,,,153.0,58.7578226636073,59.12710042890125,58.02764889499283,58.72425079345703,641300.0,0.0,0.0,0.0,VDE
310,,2021-08-12,,,,,,,,,,,,,,,,,1573.0,16.329999923706055,16.420000076293945,15.489999771118164,15.59000015258789,0.0,0.0,0.0,,^VIX
311,,2021-08-13,,,,,,,,,,,,,,,,,154.0,58.64032750089983,58.65711023529568,57.80104991115094,57.84300994873047,758300.0,0.0,0.0,0.0,VDE
312,,2021-08-13,,,,,,,,,,,,,,,,,1574.0,15.68000030517578,15.720000267028809,15.1899995803833,15.449999809265137,0.0,0.0,0.0,,^VIX
313,,2021-08-16,,,,,,,,,,,,,,,,,155.0,57.13801716928755,57.13801716928755,56.30712778408349,56.709983825683594,975200.0,0.0,0.0,0.0,VDE
314,,2021-08-16,,,,,,,,,,,,,,,,,1575.0,17.049999237060547,17.709999084472656,16.020000457763672,16.1200008392334,0.0,0.0,0.0,,^VIX
315,,2021-08-17,,,,,,,,,,,,,,,,,156.0,56.2483759219599,57.17997447063155,55.744810696424224,56.307125091552734,1078700.0,0.0,0.0,0.0,VDE
316,,2021-08-17,,,,,,,,,,,,,,,,,1576.0,17.309999465942383,19.559999465942383,16.709999084472656,17.90999984741211,0.0,0.0,0.0,,^VIX
317,,2021-08-18,,,,,,,,,,,,,,,,,157.0,56.23158805452756,56.726758666855105,54.99784920255397,55.0817756652832,1161600.0,0.0,0.0,0.0,VDE
318,,2021-08-18,,,,,,,,,,,,,,,,,1577.0,17.559999465942383,21.63999938964844,17.309999465942383,21.56999969482422,0.0,0.0,0.0,,^VIX
319,,2021-08-19,,,,,,,,,,,,,,,,,158.0,54.03268439584861,54.4439349906591,52.807339985860295,53.53751373291016,2666200.0,0.0,0.0,0.0,VDE
320,,2021-08-19,,,,,,,,,,,,,,,,,1578.0,23.1200008392334,24.739999771118164,20.3700008392334,21.670000076293945,0.0,0.0,0.0,,^VIX
321,,2021-08-20,,,,,,,,,,,,,,,,,159.0,53.092691111098766,54.041075544492465,52.91644361155172,53.74732971191406,1235900.0,0.0,0.0,0.0,VDE
322,,2021-08-20,,,,,,,,,,,,,,,,,1579.0,22.739999771118164,23.899999618530273,18.18000030517578,18.559999465942383,0.0,0.0,0.0,,^VIX
323,,2021-08-23,,,,,,,,,,,,,,,,,160.0,55.07339132793107,55.96302342039736,54.98107029156052,55.77838134765625,1029400.0,0.0,0.0,0.0,VDE
324,,2021-08-23,,,,,,,,,,,,,,,,,1580.0,18.829999923706055,18.950000762939453,16.950000762939453,17.149999618530273,0.0,0.0,0.0,,^VIX
325,,2021-08-24,,,,,,,,,,,,,,,,,161.0,56.298727672623755,57.05407858835592,56.20640664941325,56.76032638549805,975700.0,0.0,0.0,0.0,VDE
326,,2021-08-24,,,,,,,,,,,,,,,,,1581.0,16.959999084472656,17.510000228881836,16.940000534057617,17.219999313354492,0.0,0.0,0.0,,^VIX
327,,2021-08-25,,,,,,,,,,,,,,,,,162.0,56.693201624943185,57.6164056584455,56.265168277316064,57.255516052246094,784800.0,0.0,0.0,0.0,VDE
328,,2021-08-25,,,,,,,,,,,,,,,,,1582.0,17.420000076293945,17.5,16.459999084472656,16.790000915527344,0.0,0.0,0.0,,^VIX
329,,2021-08-26,,,,,,,,,,,,,,,,,163.0,56.96177400185149,57.28069719021999,56.2903493489725,56.42463684082031,716800.0,0.0,0.0,0.0,VDE
330,,2021-08-26,,,,,,,,,,,,,,,,,1583.0,17.459999084472656,19.270000457763672,17.15999984741211,18.84000015258789,0.0,0.0,0.0,,^VIX
331,,2021-08-27,,,,,,,,,,,,,,,,,164.0,57.07087745202016,58.497646827048655,57.07087745202016,58.11157989501953,877100.0,0.0,0.0,0.0,VDE
332,,2021-08-27,,,,,,,,,,,,,,,,,1584.0,17.950000762939453,18.219999313354492,16.110000610351562,16.389999389648438,0.0,0.0,0.0,,^VIX
333,,2021-08-30,,,,,,,,,,,,,,,,,165.0,58.4556829363785,58.55639214485741,57.373014122973146,57.38140869140625,692300.0,0.0,0.0,0.0,VDE
334,,2021-08-30,,,,,,,,,,,,,,,,,1585.0,16.770000457763672,16.799999237060547,15.979999542236328,16.190000534057617,0.0,0.0,0.0,,^VIX
335,,2021-08-31,,,,,,,,,,,,,,,,,166.0,57.07926940917969,57.64997841371265,56.84427271375665,57.07926940917969,830700.0,0.0,0.0,0.0,VDE
336,,2021-08-31,,,,,,,,,,,,,,,,,1586.0,15.979999542236328,17.06999969482422,15.90999984741211,16.479999542236328,0.0,0.0,0.0,,^VIX
337,8.0,2021-09-01,168.53,152.183,4.6,351.255,317.136,169.568,221.869,54.875,129.116,315.88,210.931,246.911,235.678,36.5,279.884,274.31,167.0,57.054094064089426,57.230341591703784,56.18124459172787,56.36588668823242,877900.0,0.0,0.0,0.0,VDE
338,8.0,2021-09-01,168.53,152.183,4.6,351.255,317.136,169.568,221.869,54.875,129.116,315.88,210.931,246.911,235.678,36.5,279.884,274.31,1587.0,16.059999465942383,16.709999084472656,15.68000030517578,16.110000610351562,0.0,0.0,0.0,,^VIX
339,,2021-09-02,,,,,,,,,,,,,,,,,168.0,56.936588266851174,58.32979213084074,56.936588266851174,57.83462142944336,1081400.0,0.0,0.0,0.0,VDE
340,,2021-09-02,,,,,,,,,,,,,,,,,1588.0,16.270000457763672,16.979999542236328,15.729999542236328,16.40999984741211,0.0,0.0,0.0,,^VIX
341,,2021-09-03,,,,,,,,,,,,,,,,,169.0,57.75067221820248,58.1954881877592,57.28067895273546,57.574424743652344,616600.0,0.0,0.0,0.0,VDE
342,,2021-09-03,,,,,,,,,,,,,,,,,1589.0,16.270000457763672,17.059999465942383,16.079999923706055,16.40999984741211,0.0,0.0,0.0,,^VIX
343,,2021-09-07,,,,,,,,,,,,,,,,,170.0,57.19675990929119,58.01924823042348,57.037295143627674,57.23871994018555,726800.0,0.0,0.0,0.0,VDE
344,,2021-09-07,,,,,,,,,,,,,,,,,1590.0,16.940000534057617,18.38999938964844,16.889999389648438,18.13999938964844,0.0,0.0,0.0,,^VIX
345,,2021-09-08,,,,,,,,,,,,,,,,,171.0,57.557656834469206,57.91854644285672,56.50016531169979,56.53373718261719,855400.0,0.0,0.0,0.0,VDE
346,,2021-09-08,,,,,,,,,,,,,,,,,1591.0,18.969999313354492,19.63999938964844,17.780000686645508,17.959999084472656,0.0,0.0,0.0,,^VIX
347,,2021-09-09,,,,,,,,,,,,,,,,,172.0,56.18124595118365,57.49051698981734,55.90428279972496,56.63445663452149,790100.0,0.0,0.0,0.0,VDE
348,,2021-09-09,,,,,,,,,,,,,,,,,1592.0,19.440000534057617,19.540000915527344,17.170000076293945,18.799999237060547,0.0,0.0,0.0,,^VIX
349,,2021-09-10,,,,,,,,,,,,,,,,,173.0,57.57443859665998,57.57443859665998,56.4581979194187,56.57570266723633,616400.0,0.0,0.0,0.0,VDE
350,,2021-09-10,,,,,,,,,,,,,,,,,1593.0,17.940000534057617,21.1299991607666,16.989999771118164,20.950000762939453,0.0,0.0,0.0,,^VIX
351,,2021-09-13,,,,,,,,,,,,,,,,,174.0,57.39819559261513,58.699078457477555,57.39819559261513,58.3213996887207,1694800.0,0.0,0.0,0.0,VDE
352,,2021-09-13,,,,,,,,,,,,,,,,,1594.0,19.63999938964844,21.18000030517578,18.760000228881836,19.3700008392334,0.0,0.0,0.0,,^VIX
353,,2021-09-14,,,,,,,,,,,,,,,,,175.0,58.79977818021068,58.92567108280458,57.129617788456734,57.34783172607422,764800.0,0.0,0.0,0.0,VDE
354,,2021-09-14,,,,,,,,,,,,,,,,,1595.0,19.579999923706055,20.469999313354492,18.38999938964844,19.459999084472656,0.0,0.0,0.0,,^VIX
355,,2021-09-15,,,,,,,,,,,,,,,,,176.0,58.212283609582315,59.70619642465336,58.20388904231262,59.65584182739258,912000.0,0.0,0.0,0.0,VDE
356,,2021-09-15,,,,,,,,,,,,,,,,,1596.0,19.299999237060547,20.270000457763672,18.010000228881836,18.18000030517578,0.0,0.0,0.0,,^VIX
357,,2021-09-16,,,,,,,,,,,,,,,,,177.0,59.58029706250562,59.58029706250562,58.58994953705371,58.99280548095703,635300.0,0.0,0.0,0.0,VDE
358,,2021-09-16,,,,,,,,,,,,,,,,,1597.0,18.40999984741211,19.760000228881836,17.649999618530273,18.690000534057617,0.0,0.0,0.0,,^VIX
359,,2021-09-17,,,,,,,,,,,,,,,,,178.0,58.67388555072123,59.49637380913606,58.27102958514576,58.4472770690918,683000.0,0.0,0.0,0.0,VDE
360,,2021-09-17,,,,,,,,,,,,,,,,,1598.0,18.3700008392334,21.510000228881836,18.350000381469727,20.809999465942383,0.0,0.0,0.0,,^VIX
361,,2021-09-20,,,,,,,,,,,,,,,,,179.0,56.86105051531171,57.331043865387734,55.744809905702006,56.6848030090332,1181700.0,0.0,0.0,0.0,VDE
362,,2021-09-20,,,,,,,,,,,,,,,,,1599.0,24.25,28.790000915527344,23.899999618530273,25.709999084472656,0.0,0.0,0.0,,^VIX
363,,2021-09-21,,,,,,,,,,,,,,,,,180.0,57.42336978245971,57.68355018323049,56.156065262494394,56.84427261352539,1305700.0,0.0,0.0,0.0,VDE
364,,2021-09-21,,,,,,,,,,,,,,,,,1600.0,23.40999984741211,25.600000381469727,21.709999084472656,24.36000061035156,0.0,0.0,0.0,,^VIX
365,,2021-09-22,,,,,,,,,,,,,,,,,181.0,57.7758598728589,59.26138462968951,57.7758598728589,58.57317733764648,929100.0,0.0,0.0,0.0,VDE
366,,2021-09-22,,,,,,,,,,,,,,,,,1601.0,22.719999313354492,23.399999618530273,20.75,20.8700008392334,0.0,0.0,0.0,,^VIX
367,,2021-09-23,,,,,,,,,,,,,,,,,182.0,58.99280961070456,60.78886274651646,58.70745196313471,60.62100982666016,833700.0,0.0,0.0,0.0,VDE
368,,2021-09-23,,,,,,,,,,,,,,,,,1602.0,19.90999984741211,20.209999084472656,18.420000076293945,18.6299991607666,0.0,0.0,0.0,,^VIX
369,,2021-09-24,,,,,,,,,,,,,,,,,183.0,60.25173699888022,61.3931549964874,60.192987825614246,61.11619186401367,797000.0,0.0,0.0,0.0,VDE
370,,2021-09-24,,,,,,,,,,,,,,,,,1603.0,19.329999923706055,20.40999984741211,17.6299991607666,17.75,0.0,0.0,0.0,,^VIX
371,,2021-09-27,,,,,,,,,,,,,,,,,184.0,62.44224411269274,63.73473216550119,62.30795664597968,63.466163635253906,1402800.0,0.0,0.0,0.0,VDE
372,,2021-09-27,,,,,,,,,,,,,,,,,1604.0,17.780000686645508,19.31999969482422,17.739999771118164,18.760000228881836,0.0,0.0,0.0,,^VIX
373,,2021-09-28,,,,,,,,,,,,,,,,,185.0,64.27188504844821,64.80902224117521,63.482961995238995,63.57528305053711,1450200.0,0.0,0.0,0.0,VDE
374,,2021-09-28,,,,,,,,,,,,,,,,,1605.0,19.739999771118164,24.81999969482422,19.709999084472656,23.25,0.0,0.0,0.0,,^VIX
375,,2021-09-29,,,,,,,,,,,,,,,,,186.0,63.51835257280091,63.91767978512318,62.72819626476169,63.56932830810547,1076800.0,0.923,0.0,0.0,VDE
376,,2021-09-29,,,,,,,,,,,,,,,,,1606.0,22.06999969482422,23.790000915527344,21.450000762939453,22.559999465942383,0.0,0.0,0.0,,^VIX
377,,2021-09-30,,,,,,,,,,,,,,,,,187.0,63.49285315156136,63.84969619808714,62.643223146216656,62.78765869140625,1757200.0,0.0,0.0,0.0,VDE
378,,2021-09-30,,,,,,,,,,,,,,,,,1607.0,21.479999542236328,24.709999084472656,20.600000381469727,23.13999938964844,0.0,0.0,0.0,,^VIX
379,9.0,2021-10-01,171.823,153.481,4.8,352.892,322.12,173.847,225.478,54.947,130.097,324.406,210.811,247.238,240.465,36.2,281.617,276.589,188.0,63.32290214275353,64.82675038068525,63.16147042128415,64.72479248046875,1192300.0,0.0,0.0,0.0,VDE
380,9.0,2021-10-01,171.823,153.481,4.8,352.892,322.12,173.847,225.478,54.947,130.097,324.406,210.811,247.238,240.465,36.2,281.617,276.589,1608.0,24.780000686645508,24.88999938964844,20.850000381469727,21.100000381469727,0.0,0.0,0.0,,^VIX
381,,2021-10-04,,,,,,,,,,,,,,,,,189.0,65.4215119240392,66.60249714019884,65.26857826025493,65.92279052734375,2612300.0,0.0,0.0,0.0,VDE
382,,2021-10-04,,,,,,,,,,,,,,,,,1609.0,22.899999618530273,24.579999923706055,21.8799991607666,22.959999084472656,0.0,0.0,0.0,,^VIX
383,,2021-10-05,,,,,,,,,,,,,,,,,190.0,66.88288143931901,67.46912827323392,65.44700451899439,66.24565887451172,1474000.0,0.0,0.0,0.0,VDE
384,,2021-10-05,,,,,,,,,,,,,,,,,1610.0,22.920000076293945,23.170000076293945,20.6200008392334,21.299999237060547,0.0,0.0,0.0,,^VIX
385,,2021-10-06,,,,,,,,,,,,,,,,,191.0,65.20060679158637,65.84632743042577,64.2320290744086,65.3790283203125,1439200.0,0.0,0.0,0.0,VDE
386,,2021-10-06,,,,,,,,,,,,,,,,,1611.0,22.950000762939453,24.399999618530273,20.989999771118164,21.0,0.0,0.0,0.0,,^VIX
387,,2021-10-07,,,,,,,,,,,,,,,,,192.0,65.54897799906479,66.41559804045329,65.20062646963379,66.07574462890625,923300.0,0.0,0.0,0.0,VDE
388,,2021-10-07,,,,,,,,,,,,,,,,,1612.0,20.540000915527344,20.760000228881836,19.06999969482422,19.540000915527344,0.0,0.0,0.0,,^VIX
389,,2021-10-08,,,,,,,,,,,,,,,,,193.0,66.72995102935961,68.13184203695828,66.72995102935961,67.9364242553711,1569000.0,0.0,0.0,0.0,VDE
390,,2021-10-08,,,,,,,,,,,,,,,,,1613.0,19.459999084472656,19.940000534057617,18.200000762939453,18.770000457763672,0.0,0.0,0.0,,^VIX
391,,2021-10-11,,,,,,,,,,,,,,,,,194.0,68.99846417681695,69.21936983233768,67.64755534049124,67.69003295898438,1539000.0,0.0,0.0,0.0,VDE
392,,2021-10-11,,,,,,,,,,,,,,,,,1614.0,19.93000030517578,20.450000762939453,18.11000061035156,20.0,0.0,0.0,0.0,,^VIX
393,,2021-10-12,,,,,,,,,,,,,,,,,195.0,67.6305641255986,68.42921860562868,67.28221910658736,67.74102020263672,1414800.0,0.0,0.0,0.0,VDE
394,,2021-10-12,,,,,,,,,,,,,,,,,1615.0,20.6200008392334,20.809999465942383,18.969999313354492,19.850000381469727,0.0,0.0,0.0,,^VIX
395,,2021-10-13,,,,,,,,,,,,,,,,,196.0,67.18025820379786,68.03838650227048,66.39859999239897,67.70703125,2041600.0,0.0,0.0,0.0,VDE
396,,2021-10-13,,,,,,,,,,,,,,,,,1616.0,20.13999938964844,20.229999542236328,18.440000534057617,18.63999938964844,0.0,0.0,0.0,,^VIX
397,,2021-10-14,,,,,,,,,,,,,,,,,197.0,68.54814910888672,68.8625145445271,67.91942471976847,68.54814910888672,892700.0,0.0,0.0,0.0,VDE
398,,2021-10-14,,,,,,,,,,,,,,,,,1617.0,18.010000228881836,18.079999923706055,16.799999237060547,16.860000610351562,0.0,0.0,0.0,,^VIX
399,,2021-10-15,,,,,,,,,,,,,,,,,198.0,69.39777510385616,69.66115831607036,68.87100219726562,68.87100219726562,951700.0,0.0,0.0,0.0,VDE
400,,2021-10-15,,,,,,,,,,,,,,,,,1618.0,16.639999389648438,16.850000381469727,15.720000267028809,16.299999237060547,0.0,0.0,0.0,,^VIX
401,,2021-10-18,,,,,,,,,,,,,,,,,199.0,69.57622687100124,70.1369859975475,68.65862456328824,69.04945373535156,1473300.0,0.0,0.0,0.0,VDE
402,,2021-10-18,,,,,,,,,,,,,,,,,1619.0,17.290000915527344,17.93000030517578,16.270000457763672,16.309999465942383,0.0,0.0,0.0,,^VIX
403,,2021-10-19,,,,,,,,,,,,,,,,,200.0,69.42326822353822,70.01801312741148,68.9304812557422,69.75462341308594,852600.0,0.0,0.0,0.0,VDE
404,,2021-10-19,,,,,,,,,,,,,,,,,1620.0,16.09000015258789,16.309999465942383,15.56999969482422,15.699999809265137,0.0,0.0,0.0,,^VIX
405,,2021-10-20,,,,,,,,,,,,,,,,,201.0,69.21936980174735,70.34088134765625,68.9899660297639,70.34088134765625,1122400.0,0.0,0.0,0.0,VDE
406,,2021-10-20,,,,,,,,,,,,,,,,,1621.0,15.81999969482422,15.890000343322754,15.289999961853027,15.489999771118164,0.0,0.0,0.0,,^VIX
407,,2021-10-21,,,,,,,,,,,,,,,,,202.0,69.76312149134151,70.03500283857413,68.46318859731792,69.02394104003906,1080700.0,0.0,0.0,0.0,VDE
408,,2021-10-21,,,,,,,,,,,,,,,,,1622.0,16.059999465942383,16.110000610351562,14.920000076293944,15.010000228881836,0.0,0.0,0.0,,^VIX
409,,2021-10-22,,,,,,,,,,,,,,,,,203.0,69.3213291841207,69.75464242786477,68.5906531306243,69.70366668701172,626600.0,0.0,0.0,0.0,VDE
410,,2021-10-22,,,,,,,,,,,,,,,,,1623.0,15.350000381469728,16.389999389648438,14.84000015258789,15.43000030517578,0.0,0.0,0.0,,^VIX
411,,2021-10-25,,,,,,,,,,,,,,,,,204.0,70.51930401613716,71.28397246455212,70.24742262138558,70.8166732788086,993200.0,0.0,0.0,0.0,VDE
412,,2021-10-25,,,,,,,,,,,,,,,,,1624.0,16.139999389648438,16.329999923706055,15.100000381469728,15.239999771118164,0.0,0.0,0.0,,^VIX
413,,2021-10-26,,,,,,,,,,,,,,,,,205.0,70.97808594384524,71.54733644775301,70.73169248346083,71.13101959228516,912300.0,0.0,0.0,0.0,VDE
414,,2021-10-26,,,,,,,,,,,,,,,,,1625.0,15.020000457763672,16.709999084472656,14.899999618530272,15.979999542236328,0.0,0.0,0.0,,^VIX
415,,2021-10-27,,,,,,,,,,,,,,,,,206.0,70.3663523522413,70.78266921363833,68.84551396058524,69.04093170166016,1025300.0,0.0,0.0,0.0,VDE
416,,2021-10-27,,,,,,,,,,,,,,,,,1626.0,15.789999961853027,17.290000915527344,15.539999961853027,16.979999542236328,0.0,0.0,0.0,,^VIX
417,,2021-10-28,,,,,,,,,,,,,,,,,207.0,68.59911583345361,69.54220553446139,68.59911583345361,69.44874572753906,805100.0,0.0,0.0,0.0,VDE
418,,2021-10-28,,,,,,,,,,,,,,,,,1627.0,17.059999465942383,17.15999984741211,16.229999542236328,16.530000686645508,0.0,0.0,0.0,,^VIX
419,,2021-10-29,,,,,,,,,,,,,,,,,208.0,69.70366213945766,69.92456780568267,68.66711226197562,69.00696563720703,912300.0,0.0,0.0,0.0,VDE
420,,2021-10-29,,,,,,,,,,,,,,,,,1628.0,17.399999618530273,18.059999465942383,16.1299991607666,16.260000228881836,0.0,0.0,0.0,,^VIX
421,10.0,2021-11-01,177.063,154.507,4.9,354.526,328.94,182.629,227.109,55.251,131.09,340.584,207.439,247.476,243.287,36.0,282.754,277.948,209.0,69.62716941821014,70.40883387180618,69.53370960834717,70.19642639160156,929400.0,0.0,0.0,0.0,VDE
422,10.0,2021-11-01,177.063,154.507,4.9,354.526,328.94,182.629,227.109,55.251,131.09,340.584,207.439,247.476,243.287,36.0,282.754,277.948,1629.0,16.850000381469727,17.700000762939453,16.31999969482422,16.40999984741211,0.0,0.0,0.0,,^VIX
423,,2021-11-02,,,,,,,,,,,,,,,,,210.0,69.967015044617,70.39182995864887,69.31280292915882,69.56768798828125,800200.0,0.0,0.0,0.0,VDE
424,,2021-11-02,,,,,,,,,,,,,,,,,1630.0,16.540000915527344,16.649999618530273,15.890000343322754,16.030000686645508,0.0,0.0,0.0,,^VIX
425,,2021-11-03,,,,,,,,,,,,,,,,,211.0,68.7350746998698,69.7206422209619,68.5056709484873,68.9814682006836,981400.0,0.0,0.0,0.0,VDE
426,,2021-11-03,,,,,,,,,,,,,,,,,1631.0,16.110000610351562,16.389999389648438,14.899999618530272,15.100000381469728,0.0,0.0,0.0,,^VIX
427,,2021-11-04,,,,,,,,,,,,,,,,,212.0,69.71215725774024,70.23043217418748,68.38672979956783,68.97297668457031,1174800.0,0.0,0.0,0.0,VDE
428,,2021-11-04,,,,,,,,,,,,,,,,,1632.0,15.0600004196167,16.139999389648438,14.729999542236328,15.4399995803833,0.0,0.0,0.0,,^VIX
429,,2021-11-05,,,,,,,,,,,,,,,,,213.0,69.95854508383357,70.40035640222932,69.42328041033187,70.08599090576172,934400.0,0.0,0.0,0.0,VDE
430,,2021-11-05,,,,,,,,,,,,,,,,,1633.0,15.59000015258789,17.020000457763672,14.949999809265137,16.479999542236328,0.0,0.0,0.0,,^VIX
431,,2021-11-08,,,,,,,,,,,,,,,,,214.0,70.68921699062673,71.53884703369755,70.4088440028571,70.77418518066406,960500.0,0.0,0.0,0.0,VDE
432,,2021-11-08,,,,,,,,,,,,,,,,,1634.0,17.229999542236328,17.690000534057617,16.440000534057617,17.219999313354492,0.0,0.0,0.0,,^VIX
433,,2021-11-09,,,,,,,,,,,,,,,,,215.0,70.80816804408222,71.02907368078738,69.74613043975775,71.00358581542969,940600.0,0.0,0.0,0.0,VDE
434,,2021-11-09,,,,,,,,,,,,,,,,,1635.0,17.43000030517578,18.56999969482422,17.209999084472656,17.780000686645508,0.0,0.0,0.0,,^VIX
435,,2021-11-10,,,,,,,,,,,,,,,,,216.0,70.67223501749115,70.84215845193569,68.47168959310238,68.9474868774414,1041000.0,0.0,0.0,0.0,VDE
436,,2021-11-10,,,,,,,,,,,,,,,,,1636.0,17.739999771118164,19.899999618530273,17.219999313354492,18.729999542236328,0.0,0.0,0.0,,^VIX
437,,2021-11-11,,,,,,,,,,,,,,,,,217.0,69.13439296681628,69.76311732937748,69.06642101352257,69.24484252929688,804400.0,0.0,0.0,0.0,VDE
438,,2021-11-11,,,,,,,,,,,,,,,,,1637.0,18.34000015258789,18.38999938964844,17.270000457763672,17.65999984741211,0.0,0.0,0.0,,^VIX
439,,2021-11-12,,,,,,,,,,,,,,,,,218.0,68.89648968340387,69.35529063525783,68.61611672573932,69.04093170166016,680400.0,0.0,0.0,0.0,VDE
440,,2021-11-12,,,,,,,,,,,,,,,,,1638.0,17.489999771118164,17.690000534057617,16.149999618530273,16.290000915527344,0.0,0.0,0.0,,^VIX
441,,2021-11-15,,,,,,,,,,,,,,,,,219.0,69.01544608705193,69.95852940070917,68.30175353354632,69.52522277832031,750100.0,0.0,0.0,0.0,VDE
442,,2021-11-15,,,,,,,,,,,,,,,,,1639.0,17.030000686645508,17.459999084472656,16.489999771118164,16.489999771118164,0.0,0.0,0.0,,^VIX
443,,2021-11-16,,,,,,,,,,,,,,,,,220.0,69.72913800374842,70.16245114462399,69.2278593852586,69.60169219970703,856600.0,0.0,0.0,0.0,VDE
444,,2021-11-16,,,,,,,,,,,,,,,,,1640.0,16.860000610351562,17.079999923706055,16.030000686645508,16.3700008392334,0.0,0.0,0.0,,^VIX
445,,2021-11-17,,,,,,,,,,,,,,,,,221.0,69.02395196410724,69.93305597049832,68.17432180926832,68.42071533203125,1098100.0,0.0,0.0,0.0,VDE
446,,2021-11-17,,,,,,,,,,,,,,,,,1641.0,16.360000610351562,17.190000534057617,16.280000686645508,17.110000610351562,0.0,0.0,0.0,,^VIX
447,,2021-11-18,,,,,,,,,,,,,,,,,222.0,68.3357356141699,68.87949825147318,67.21422436446166,68.11483001708984,1070700.0,0.0,0.0,0.0,VDE
448,,2021-11-18,,,,,,,,,,,,,,,,,1642.0,16.809999465942383,18.149999618530273,16.3799991607666,17.59000015258789,0.0,0.0,0.0,,^VIX
449,,2021-11-19,,,,,,,,,,,,,,,,,223.0,66.50054377216813,66.6959615434919,65.26008462832709,65.42151641845703,4115400.0,0.0,0.0,0.0,VDE
450,,2021-11-19,,,,,,,,,,,,,,,,,1643.0,17.360000610351562,19.010000228881836,17.229999542236328,17.90999984741211,0.0,0.0,0.0,,^VIX
451,,2021-11-22,,,,,,,,,,,,,,,,,224.0,65.31955463297116,67.52009979015993,65.31955463297116,66.46656036376953,1452400.0,0.0,0.0,0.0,VDE
452,,2021-11-22,,,,,,,,,,,,,,,,,1644.0,18.200000762939453,19.59000015258789,17.350000381469727,19.170000076293945,0.0,0.0,0.0,,^VIX
453,,2021-11-23,,,,,,,,,,,,,,,,,225.0,67.31619467482524,68.75206511461704,67.2822086934707,68.53965759277344,1030500.0,0.0,0.0,0.0,VDE
454,,2021-11-23,,,,,,,,,,,,,,,,,1645.0,20.239999771118164,20.90999984741211,19.030000686645508,19.3799991607666,0.0,0.0,0.0,,^VIX
455,,2021-11-24,,,,,,,,,,,,,,,,,226.0,68.19129758622637,69.58469010359666,68.06385180479923,69.27032470703125,1353700.0,0.0,0.0,0.0,VDE
456,,2021-11-24,,,,,,,,,,,,,,,,,1646.0,19.170000076293945,20.959999084472656,18.520000457763672,18.579999923706055,0.0,0.0,0.0,,^VIX
457,,2021-11-26,,,,,,,,,,,,,,,,,227.0,65.77835408870268,66.5430223972765,64.59736888852412,66.2711410522461,1822300.0,0.0,0.0,0.0,VDE
458,,2021-11-26,,,,,,,,,,,,,,,,,1647.0,26.6200008392334,28.989999771118164,23.8799991607666,28.6200008392334,0.0,0.0,0.0,,^VIX
459,,2021-11-29,,,,,,,,,,,,,,,,,228.0,67.87694259635276,68.48867725526306,66.45806200159082,66.73844146728516,1362900.0,0.0,0.0,0.0,VDE
460,,2021-11-29,,,,,,,,,,,,,,,,,1648.0,25.309999465942383,25.690000534057617,21.709999084472656,22.959999084472656,0.0,0.0,0.0,,^VIX
461,,2021-11-30,,,,,,,,,,,,,,,,,229.0,65.396027644646,66.3391175426438,64.63985739953611,65.0391845703125,2240200.0,0.0,0.0,0.0,VDE
462,,2021-11-30,,,,,,,,,,,,,,,,,1649.0,26.229999542236328,28.559999465942383,23.709999084472656,27.190000534057617,0.0,0.0,0.0,,^VIX
463,11.0,2021-12-01,179.575,155.672,4.8,355.931,335.032,187.738,226.47,55.42,131.344,347.71,212.777,248.128,241.338,35.9,283.908,278.802,230.0,66.56852006819858,67.12078095476542,64.0876016190075,64.1045913696289,1944300.0,0.0,0.0,0.0,VDE
464,11.0,2021-12-01,179.575,155.672,4.8,355.931,335.032,187.738,226.47,55.42,131.344,347.71,212.777,248.128,241.338,35.9,283.908,278.802,1650.0,24.920000076293945,32.61000061035156,22.3799991607666,31.1200008392334,0.0,0.0,0.0,,^VIX
465,,2021-12-02,,,,,,,,,,,,,,,,,231.0,64.00263433760051,66.22866095880951,63.33992392419744,65.94828796386719,2414300.0,0.0,0.0,0.0,VDE
466,,2021-12-02,,,,,,,,,,,,,,,,,1651.0,29.440000534057617,30.68000030517578,27.149999618530273,27.950000762939453,0.0,0.0,0.0,,^VIX
467,,2021-12-03,,,,,,,,,,,,,,,,,232.0,66.84040582642844,67.17176108361531,64.80979018072885,65.43851470947266,2380400.0,0.0,0.0,0.0,VDE
468,,2021-12-03,,,,,,,,,,,,,,,,,1652.0,26.950000762939453,35.31999969482422,25.88999938964844,30.670000076293945,0.0,0.0,0.0,,^VIX
469,,2021-12-06,,,,,,,,,,,,,,,,,233.0,66.398602742843,67.3416928021137,65.54897252599834,66.56002807617188,2466400.0,0.0,0.0,0.0,VDE
470,,2021-12-06,,,,,,,,,,,,,,,,,1653.0,28.989999771118164,30.81999969482422,26.75,27.18000030517578,0.0,0.0,0.0,,^VIX
471,,2021-12-07,,,,,,,,,,,,,,,,,234.0,67.56256760637685,68.88799467414756,67.46911427984449,68.18280029296875,1533700.0,0.0,0.0,0.0,VDE
472,,2021-12-07,,,,,,,,,,,,,,,,,1654.0,24.579999923706055,24.690000534057617,21.579999923706055,21.88999938964844,0.0,0.0,0.0,,^VIX
473,,2021-12-08,,,,,,,,,,,,,,,,,235.0,68.48018595879526,68.8965029000558,68.12334286628622,68.29326629638672,1043300.0,0.0,0.0,0.0,VDE
474,,2021-12-08,,,,,,,,,,,,,,,,,1655.0,21.739999771118164,23.11000061035156,19.850000381469727,19.899999618530273,0.0,0.0,0.0,,^VIX
475,,2021-12-09,,,,,,,,,,,,,,,,,236.0,67.7580047978388,67.94492446891006,67.25672611829647,67.58808135986328,773400.0,0.0,0.0,0.0,VDE
476,,2021-12-09,,,,,,,,,,,,,,,,,1656.0,20.309999465942383,22.1200008392334,19.940000534057617,21.579999923706055,0.0,0.0,0.0,,^VIX
477,,2021-12-10,,,,,,,,,,,,,,,,,237.0,68.37824668767398,68.37824668767398,66.86589936856001,68.15734100341797,1031700.0,0.0,0.0,0.0,VDE
478,,2021-12-10,,,,,,,,,,,,,,,,,1657.0,21.270000457763672,21.299999237060547,18.690000534057617,18.690000534057617,0.0,0.0,0.0,,^VIX
479,,2021-12-13,,,,,,,,,,,,,,,,,238.0,67.46062316799629,67.66453255260258,65.88880896742131,66.16069030761719,1304800.0,0.0,0.0,0.0,VDE
480,,2021-12-13,,,,,,,,,,,,,,,,,1658.0,19.290000915527344,21.18000030517578,18.959999084472656,20.309999465942383,0.0,0.0,0.0,,^VIX
481,,2021-12-14,,,,,,,,,,,,,,,,,239.0,65.8038615891265,66.88289565827523,65.55747451599062,65.77837371826172,1501600.0,0.0,0.0,0.0,VDE
482,,2021-12-14,,,,,,,,,,,,,,,,,1659.0,19.670000076293945,23.0,19.670000076293945,21.88999938964844,0.0,0.0,0.0,,^VIX
483,,2021-12-15,,,,,,,,,,,,,,,,,240.0,65.67640648551684,65.95677947996012,63.95165201201246,65.59143829345703,2303400.0,0.0,0.0,0.0,VDE
484,,2021-12-15,,,,,,,,,,,,,,,,,1660.0,21.600000381469727,23.469999313354492,19.020000457763672,19.290000915527344,0.0,0.0,0.0,,^VIX
485,,2021-12-16,,,,,,,,,,,,,,,,,241.0,66.23565292716617,67.35376801889461,65.76259994398785,65.84001159667969,1579100.0,0.939,0.0,0.0,VDE
486,,2021-12-16,,,,,,,,,,,,,,,,,1661.0,18.559999465942383,22.1299991607666,18.190000534057617,20.56999969482422,0.0,0.0,0.0,,^VIX
487,,2021-12-17,,,,,,,,,,,,,,,,,242.0,65.39274673533569,65.60776958087447,63.98219739355946,64.62726593017578,2217200.0,0.0,0.0,0.0,VDE
488,,2021-12-17,,,,,,,,,,,,,,,,,1662.0,20.700000762939453,23.260000228881836,20.489999771118164,21.56999969482422,0.0,0.0,0.0,,^VIX
489,,2021-12-20,,,,,,,,,,,,,,,,,243.0,62.9501043517399,63.827394869264594,62.09860896952065,63.732784271240234,2078400.0,0.0,0.0,0.0,VDE
490,,2021-12-20,,,,,,,,,,,,,,,,,1663.0,25.88999938964844,27.38999938964844,22.850000381469727,22.8700008392334,0.0,0.0,0.0,,^VIX
491,,2021-12-21,,,,,,,,,,,,,,,,,244.0,64.5412625159841,65.95181195417649,64.53265976422111,65.74539184570312,1796400.0,0.0,0.0,0.0,VDE
492,,2021-12-21,,,,,,,,,,,,,,,,,1664.0,22.280000686645508,22.68000030517578,20.899999618530273,21.010000228881836,0.0,0.0,0.0,,^VIX
493,,2021-12-22,,,,,,,,,,,,,,,,,245.0,65.75398869264262,66.57107950689307,64.97130888578806,66.13243103027344,997200.0,0.0,0.0,0.0,VDE
494,,2021-12-22,,,,,,,,,,,,,,,,,1665.0,21.040000915527344,21.36000061035156,18.59000015258789,18.6299991607666,0.0,0.0,0.0,,^VIX
495,,2021-12-23,,,,,,,,,,,,,,,,,246.0,66.46787031331549,67.03553385514194,66.13243515204618,66.16683959960938,1006600.0,0.0,0.0,0.0,VDE
496,,2021-12-23,,,,,,,,,,,,,,,,,1666.0,18.809999465942383,18.93000030517578,17.6200008392334,17.959999084472656,0.0,0.0,0.0,,^VIX
497,,2021-12-27,,,,,,,,,,,,,,,,,247.0,66.02062481415668,67.72360229492188,65.35835069009894,67.72360229492188,754600.0,0.0,0.0,0.0,VDE
498,,2021-12-27,,,,,,,,,,,,,,,,,1667.0,19.3700008392334,19.40999984741211,17.549999237060547,17.68000030517578,0.0,0.0,0.0,,^VIX
499,,2021-12-28,,,,,,,,,,,,,,,,,248.0,67.88702284067068,68.32567134614646,67.1989470109823,67.56878662109375,809400.0,0.0,0.0,0.0,VDE
500,,2021-12-28,,,,,,,,,,,,,,,,,1668.0,17.780000686645508,18.469999313354492,17.510000228881836,17.540000915527344,0.0,0.0,0.0,,^VIX
501,,2021-12-29,,,,,,,,,,,,,,,,,249.0,67.44837277980747,67.7838079345015,66.80330416509169,67.15594482421875,802500.0,0.0,0.0,0.0,VDE
502,,2021-12-29,,,,,,,,,,,,,,,,,1669.0,17.6299991607666,18.0,16.709999084472656,16.950000762939453,0.0,0.0,0.0,,^VIX
503,,2021-12-30,,,,,,,,,,,,,,,,,250.0,67.181733071978,67.67198485855543,66.54526733687199,66.55386352539062,790900.0,0.0,0.0,0.0,VDE
504,,2021-12-30,,,,,,,,,,,,,,,,,1670.0,17.299999237060547,17.790000915527344,16.6200008392334,17.329999923706055,0.0,0.0,0.0,,^VIX
505,,2021-12-31,,,,,,,,,,,,,,,,,251.0,66.45066304957487,67.07852609354416,66.38185416306474,66.75169372558594,770800.0,0.0,0.0,0.0,VDE
506,,2021-12-31,,,,,,,,,,,,,,,,,1671.0,17.6299991607666,18.270000457763672,16.989999771118164,17.219999313354492,0.0,0.0,0.0,,^VIX
507,12.0,2022-01-01,185.887,158.066,4.9,357.737,345.742,198.275,231.495,56.336,133.074,356.302,212.003,249.64,246.453,35.6,285.996,281.148,,,,,,,,,,
508,,2022-01-03,,,,,,,,,,,,,,,,,252.0,66.88070009174581,68.9707221746746,66.83769290274871,68.893310546875,1338000.0,0.0,0.0,0.0,VDE
509,,2022-01-03,,,,,,,,,,,,,,,,,1672.0,17.600000381469727,18.540000915527344,16.559999465942383,16.600000381469727,0.0,0.0,0.0,,^VIX
510,,2022-01-04,,,,,,,,,,,,,,,,,253.0,69.60722347858825,71.55103261198103,69.60722347858825,71.30160522460938,3049400.0,0.0,0.0,0.0,VDE
511,,2022-01-04,,,,,,,,,,,,,,,,,1673.0,16.56999969482422,17.809999465942383,16.34000015258789,16.90999984741211,0.0,0.0,0.0,,^VIX
512,,2022-01-05,,,,,,,,,,,,,,,,,254.0,72.02405487993418,72.74653509706451,70.88873444899531,70.98334503173828,2350500.0,0.0,0.0,0.0,VDE
513,,2022-01-05,,,,,,,,,,,,,,,,,1674.0,17.06999969482422,20.170000076293945,16.579999923706055,19.729999542236328,0.0,0.0,0.0,,^VIX
514,,2022-01-06,,,,,,,,,,,,,,,,,255.0,72.60892014011722,73.04756862606885,71.56821025146895,72.66053009033203,1791500.0,0.0,0.0,0.0,VDE
515,,2022-01-06,,,,,,,,,,,,,,,,,1675.0,20.290000915527344,21.059999465942383,19.079999923706055,19.61000061035156,0.0,0.0,0.0,,^VIX
516,,2022-01-07,,,,,,,,,,,,,,,,,256.0,72.97016827165439,73.76145753159715,72.47132013022862,73.5550308227539,1895900.0,0.0,0.0,0.0,VDE
517,,2022-01-07,,,,,,,,,,,,,,,,,1676.0,19.850000381469727,20.799999237060547,18.56999969482422,18.760000228881836,0.0,0.0,0.0,,^VIX
518,,2022-01-10,,,,,,,,,,,,,,,,,257.0,73.64964419640023,73.84746815932768,72.34230780106834,73.314208984375,2279600.0,0.0,0.0,0.0,VDE
519,,2022-01-10,,,,,,,,,,,,,,,,,1677.0,19.579999923706055,23.329999923706055,19.290000915527344,19.399999618530273,0.0,0.0,0.0,,^VIX
520,,2022-01-11,,,,,,,,,,,,,,,,,258.0,73.96785449528902,76.00627331287755,73.34858768680763,75.87725830078125,1928800.0,0.0,0.0,0.0,VDE
521,,2022-01-11,,,,,,,,,,,,,,,,,1678.0,19.6200008392334,21.0,18.200000762939453,18.40999984741211,0.0,0.0,0.0,,^VIX
522,,2022-01-12,,,,,,,,,,,,,,,,,259.0,76.1181027217164,76.53094955595188,75.46443130166764,76.1611099243164,1734200.0,0.0,0.0,0.0,VDE
523,,2022-01-12,,,,,,,,,,,,,,,,,1679.0,18.170000076293945,18.690000534057617,17.360000610351562,17.6200008392334,0.0,0.0,0.0,,^VIX
524,,2022-01-13,,,,,,,,,,,,,,,,,260.0,76.00627445415533,76.72874803358124,75.27519156195734,75.54182434082031,1200100.0,0.0,0.0,0.0,VDE
525,,2022-01-13,,,,,,,,,,,,,,,,,1680.0,18.059999465942383,20.61000061035156,17.450000762939453,20.309999465942383,0.0,0.0,0.0,,^VIX
526,,2022-01-14,,,,,,,,,,,,,,,,,261.0,75.5332410888548,77.5114543161063,75.5332410888548,77.45124816894531,1599500.0,0.0,0.0,0.0,VDE
527,,2022-01-14,,,,,,,,,,,,,,,,,1681.0,20.11000061035156,22.06999969482422,19.049999237060547,19.190000534057617,0.0,0.0,0.0,,^VIX
528,,2022-01-18,,,,,,,,,,,,,,,,,262.0,78.36293372116833,78.64676547884109,76.4019262353876,77.53724670410156,2473900.0,0.0,0.0,0.0,VDE
529,,2022-01-18,,,,,,,,,,,,,,,,,1682.0,21.18000030517578,23.200000762939453,21.18000030517578,22.790000915527344,0.0,0.0,0.0,,^VIX
530,,2022-01-19,,,,,,,,,,,,,,,,,263.0,78.11350649541144,78.18231538740366,76.22130789946502,76.88357543945312,1533200.0,0.0,0.0,0.0,VDE
531,,2022-01-19,,,,,,,,,,,,,,,,,1683.0,23.1200008392334,23.989999771118164,21.850000381469727,23.850000381469727,0.0,0.0,0.0,,^VIX
532,,2022-01-20,,,,,,,,,,,,,,,,,264.0,76.36753819449928,78.13072213527677,75.79987455720978,75.93749237060547,1579100.0,0.0,0.0,0.0,VDE
533,,2022-01-20,,,,,,,,,,,,,,,,,1684.0,23.459999084472656,25.88999938964844,21.68000030517578,25.59000015258789,0.0,0.0,0.0,,^VIX
534,,2022-01-21,,,,,,,,,,,,,,,,,265.0,75.16340458907563,75.47303809081671,73.52922923254835,74.32051849365234,2692000.0,0.0,0.0,0.0,VDE
535,,2022-01-21,,,,,,,,,,,,,,,,,1685.0,25.3799991607666,29.790000915527344,25.309999465942383,28.850000381469727,0.0,0.0,0.0,,^VIX
536,,2022-01-24,,,,,,,,,,,,,,,,,266.0,72.47131016375221,75.13759244750958,71.10376129414244,74.87956237792969,2895800.0,0.0,0.0,0.0,VDE
537,,2022-01-24,,,,,,,,,,,,,,,,,1686.0,28.200000762939453,38.939998626708984,28.020000457763672,29.899999618530273,0.0,0.0,0.0,,^VIX
538,,2022-01-25,,,,,,,,,,,,,,,,,267.0,74.47532630379446,78.01890595388342,73.16798999751602,77.65766906738281,2295600.0,0.0,0.0,0.0,VDE
539,,2022-01-25,,,,,,,,,,,,,,,,,1687.0,32.290000915527344,35.849998474121094,29.1299991607666,31.15999984741211,0.0,0.0,0.0,,^VIX
540,,2022-01-26,,,,,,,,,,,,,,,,,268.0,78.74997612513255,79.2660362778925,76.62554905713333,77.4598388671875,3162000.0,0.0,0.0,0.0,VDE
541,,2022-01-26,,,,,,,,,,,,,,,,,1688.0,29.350000381469727,33.040000915527344,26.899999618530273,31.959999084472656,0.0,0.0,0.0,,^VIX
542,,2022-01-27,,,,,,,,,,,,,,,,,269.0,78.93918303425167,79.7390682520399,76.93516861435546,78.25111389160156,2047400.0,0.0,0.0,0.0,VDE
543,,2022-01-27,,,,,,,,,,,,,,,,,1689.0,32.189998626708984,33.0,28.420000076293945,30.489999771118164,0.0,0.0,0.0,,^VIX
544,,2022-01-28,,,,,,,,,,,,,,,,,270.0,77.84689055701809,78.75858552980522,76.38473093732738,78.08771514892578,3111200.0,0.0,0.0,0.0,VDE
545,,2022-01-28,,,,,,,,,,,,,,,,,1690.0,30.270000457763672,32.81999969482422,27.280000686645508,27.65999984741211,0.0,0.0,0.0,,^VIX
546,,2022-01-31,,,,,,,,,,,,,,,,,271.0,77.79526424294463,78.93058462463816,76.59973772593314,78.42313385009766,1962900.0,0.0,0.0,0.0,VDE
547,,2022-01-31,,,,,,,,,,,,,,,,,1691.0,28.36000061035156,29.40999984741211,24.709999084472656,24.829999923706055,0.0,0.0,0.0,,^VIX
548,13.0,2022-02-01,190.459,159.547,4.9,359.627,343.583,208.028,237.245,56.366,134.581,357.549,213.299,250.385,252.66,35.2,288.059,283.716,272.0,78.08770318794035,81.48506177563978,77.78667249416573,81.304443359375,2368500.0,0.0,0.0,0.0,VDE
549,13.0,2022-02-01,190.459,159.547,4.9,359.627,343.583,208.028,237.245,56.366,134.581,357.549,213.299,250.385,252.66,35.2,288.059,283.716,1692.0,24.56999969482422,25.329999923706055,21.959999084472656,21.959999084472656,0.0,0.0,0.0,,^VIX
550,,2022-02-02,,,,,,,,,,,,,,,,,273.0,81.1410448639529,81.75171572318492,79.91112007738506,81.57109069824219,2339300.0,0.0,0.0,0.0,VDE
551,,2022-02-02,,,,,,,,,,,,,,,,,1693.0,21.559999465942383,22.729999542236328,20.459999084472656,22.09000015258789,0.0,0.0,0.0,,^VIX
552,,2022-02-03,,,,,,,,,,,,,,,,,274.0,81.22705602561435,81.373270028539,79.83370521603649,80.63359069824219,1807600.0,0.0,0.0,0.0,VDE
553,,2022-02-03,,,,,,,,,,,,,,,,,1694.0,22.6299991607666,25.809999465942383,22.299999237060547,24.350000381469727,0.0,0.0,0.0,,^VIX
554,,2022-02-04,,,,,,,,,,,,,,,,,275.0,81.67429656160053,83.30847189424858,81.51947981299223,81.86351776123047,2042900.0,0.0,0.0,0.0,VDE
555,,2022-02-04,,,,,,,,,,,,,,,,,1695.0,23.770000457763672,26.260000228881836,22.06999969482422,23.219999313354492,0.0,0.0,0.0,,^VIX
556,,2022-02-07,,,,,,,,,,,,,,,,,276.0,81.48507682724751,83.53209904698691,80.82280917861182,82.7494125366211,1712500.0,0.0,0.0,0.0,VDE
557,,2022-02-07,,,,,,,,,,,,,,,,,1696.0,24.09000015258789,24.81999969482422,22.020000457763672,22.86000061035156,0.0,0.0,0.0,,^VIX
558,,2022-02-08,,,,,,,,,,,,,,,,,277.0,82.52577704092037,82.62899038353328,80.3497465894897,81.00341796875,1910200.0,0.0,0.0,0.0,VDE
559,,2022-02-08,,,,,,,,,,,,,,,,,1697.0,23.09000015258789,23.479999542236328,21.31999969482422,21.440000534057617,0.0,0.0,0.0,,^VIX
560,,2022-02-09,,,,,,,,,,,,,,,,,278.0,81.23564999071901,82.3107645038941,80.97762644474392,81.73450469970703,1346800.0,0.0,0.0,0.0,VDE
561,,2022-02-09,,,,,,,,,,,,,,,,,1698.0,21.270000457763672,21.299999237060547,19.93000030517578,19.959999084472656,0.0,0.0,0.0,,^VIX
562,,2022-02-10,,,,,,,,,,,,,,,,,279.0,81.30445007206478,82.85261742783607,80.7023886348079,81.27864837646484,1460400.0,0.0,0.0,0.0,VDE
563,,2022-02-10,,,,,,,,,,,,,,,,,1699.0,20.3700008392334,24.770000457763672,20.18000030517578,23.90999984741211,0.0,0.0,0.0,,^VIX
564,,2022-02-11,,,,,,,,,,,,,,,,,280.0,81.75169844643793,83.79871382274283,81.33024889327554,83.61809539794922,2406500.0,0.0,0.0,0.0,VDE
565,,2022-02-11,,,,,,,,,,,,,,,,,1700.0,24.38999938964844,30.989999771118164,23.329999923706055,27.36000061035156,0.0,0.0,0.0,,^VIX
566,,2022-02-14,,,,,,,,,,,,,,,,,281.0,83.25687890635095,83.35148951799285,80.84861952961346,81.8033218383789,2547300.0,0.0,0.0,0.0,VDE
567,,2022-02-14,,,,,,,,,,,,,,,,,1701.0,29.170000076293945,32.040000915527344,28.329999923706055,28.329999923706055,0.0,0.0,0.0,,^VIX
568,,2022-02-15,,,,,,,,,,,,,,,,,282.0,79.85949755171202,81.07222976337181,79.23163440713249,80.90020751953125,1898600.0,0.0,0.0,0.0,VDE
569,,2022-02-15,,,,,,,,,,,,,,,,,1702.0,28.09000015258789,28.09000015258789,25.329999923706055,25.700000762939453,0.0,0.0,0.0,,^VIX
570,,2022-02-16,,,,,,,,,,,,,,,,,283.0,81.57107848871813,82.93002469654067,80.95181809209427,81.44207000732422,1836600.0,0.0,0.0,0.0,VDE
571,,2022-02-16,,,,,,,,,,,,,,,,,1703.0,25.190000534057617,27.09000015258789,23.8799991607666,24.290000915527344,0.0,0.0,0.0,,^VIX
572,,2022-02-17,,,,,,,,,,,,,,,,,284.0,81.33885452019054,82.20754878992761,80.72819033040784,81.27864837646484,2052600.0,0.0,0.0,0.0,VDE
573,,2022-02-17,,,,,,,,,,,,,,,,,1704.0,24.829999923706055,28.3700008392334,24.760000228881836,28.11000061035156,0.0,0.0,0.0,,^VIX
574,,2022-02-18,,,,,,,,,,,,,,,,,285.0,80.38414965355733,81.48506570790454,79.97130941416579,80.72818756103516,1545400.0,0.0,0.0,0.0,VDE
575,,2022-02-18,,,,,,,,,,,,,,,,,1705.0,26.65999984741211,29.709999084472656,26.3799991607666,27.75,0.0,0.0,0.0,,^VIX
576,,2022-02-22,,,,,,,,,,,,,,,,,286.0,83.1450764936671,83.1450764936671,78.20815117561204,79.33486938476562,2013000.0,0.0,0.0,0.0,VDE
577,,2022-02-22,,,,,,,,,,,,,,,,,1706.0,31.799999237060547,32.040000915527344,28.399999618530273,28.809999465942383,0.0,0.0,0.0,,^VIX
578,,2022-02-23,,,,,,,,,,,,,,,,,287.0,79.92830309321835,80.93460857001669,79.5326617919637,80.28093719482422,1959000.0,0.0,0.0,0.0,VDE
579,,2022-02-23,,,,,,,,,,,,,,,,,1707.0,28.040000915527344,31.06999969482422,27.200000762939453,31.020000457763672,0.0,0.0,0.0,,^VIX
580,,2022-02-24,,,,,,,,,,,,,,,,,288.0,82.10434557049678,82.10434557049678,77.82968915289814,79.99712371826172,3188500.0,0.0,0.0,0.0,VDE
581,,2022-02-24,,,,,,,,,,,,,,,,,1708.0,37.5,37.790000915527344,29.450000762939453,30.31999969482422,0.0,0.0,0.0,,^VIX
582,,2022-02-25,,,,,,,,,,,,,,,,,289.0,80.39276611039217,82.04414047342378,80.19494214722663,82.03553771972656,2373200.0,0.0,0.0,0.0,VDE
583,,2022-02-25,,,,,,,,,,,,,,,,,1709.0,31.68000030517578,32.0,26.93000030517578,27.59000015258789,0.0,0.0,0.0,,^VIX
584,,2022-02-28,,,,,,,,,,,,,,,,,290.0,81.77750300489966,84.38357925129138,81.2786483502037,84.30616760253906,2683000.0,0.0,0.0,0.0,VDE
585,,2022-02-28,,,,,,,,,,,,,,,,,1710.0,32.439998626708984,33.5099983215332,28.43000030517578,30.149999618530273,0.0,0.0,0.0,,^VIX
586,14.0,2022-03-01,198.15,160.579,5.4,361.083,345.852,211.126,245.404,56.726,137.341,377.648,214.692,253.431,260.014,34.8,289.305,287.504,291.0,84.99424667423601,86.55101027927515,84.03094177631259,85.1060562133789,2571900.0,0.0,0.0,0.0,VDE
587,14.0,2022-03-01,198.15,160.579,5.4,361.083,345.852,211.126,245.404,56.726,137.341,377.648,214.692,253.431,260.014,34.8,289.305,287.504,1711.0,29.450000762939453,35.189998626708984,29.440000534057617,33.31999969482422,0.0,0.0,0.0,,^VIX
588,,2022-03-02,,,,,,,,,,,,,,,,,292.0,86.66282957330105,87.88415804393095,86.17257763441565,87.17028045654297,2353700.0,0.0,0.0,0.0,VDE
589,,2022-03-02,,,,,,,,,,,,,,,,,1712.0,34.20000076293945,34.40999984741211,30.1200008392334,30.739999771118164,0.0,0.0,0.0,,^VIX
590,,2022-03-03,,,,,,,,,,,,,,,,,293.0,86.26718717303152,87.89275971682876,86.07796597754563,87.3250961303711,3128100.0,0.0,0.0,0.0,VDE
591,,2022-03-03,,,,,,,,,,,,,,,,,1713.0,30.520000457763672,32.0099983215332,29.309999465942383,30.479999542236328,0.0,0.0,0.0,,^VIX
592,,2022-03-04,,,,,,,,,,,,,,,,,294.0,87.45411067750928,90.077392578125,87.26488948310711,90.077392578125,2638100.0,0.0,0.0,0.0,VDE
593,,2022-03-04,,,,,,,,,,,,,,,,,1714.0,31.899999618530273,34.650001525878906,31.469999313354492,31.979999542236328,0.0,0.0,0.0,,^VIX
594,,2022-03-07,,,,,,,,,,,,,,,,,295.0,91.1181004369791,93.05330641450014,89.3979173458493,91.4965362548828,4433300.0,0.0,0.0,0.0,VDE
595,,2022-03-07,,,,,,,,,,,,,,,,,1715.0,35.880001068115234,36.54999923706055,32.59000015258789,36.45000076293945,0.0,0.0,0.0,,^VIX
596,,2022-03-08,,,,,,,,,,,,,,,,,296.0,93.23392609065432,95.90020860494326,90.02578169579269,92.4254379272461,4846700.0,0.0,0.0,0.0,VDE
597,,2022-03-08,,,,,,,,,,,,,,,,,1716.0,36.189998626708984,37.52000045776367,32.779998779296875,35.130001068115234,0.0,0.0,0.0,,^VIX
598,,2022-03-09,,,,,,,,,,,,,,,,,297.0,89.13988497574782,91.90938073149474,87.63472480953558,89.93116760253906,3725500.0,0.0,0.0,0.0,VDE
599,,2022-03-09,,,,,,,,,,,,,,,,,1717.0,33.7400016784668,34.119998931884766,31.38999938964844,32.45000076293945,0.0,0.0,0.0,,^VIX
600,,2022-03-10,,,,,,,,,,,,,,,,,298.0,90.94606560544322,92.82966792940788,90.36980592453295,92.56304168701172,2720900.0,0.0,0.0,0.0,VDE
601,,2022-03-10,,,,,,,,,,,,,,,,,1718.0,33.029998779296875,34.029998779296875,30.229999542236328,30.229999542236328,0.0,0.0,0.0,,^VIX
602,,2022-03-11,,,,,,,,,,,,,,,,,299.0,91.05788308202342,92.87267654472213,91.03207482677216,91.7115478515625,2982300.0,0.0,0.0,0.0,VDE
603,,2022-03-11,,,,,,,,,,,,,,,,,1719.0,30.43000030517578,31.040000915527344,28.84000015258789,30.75,0.0,0.0,0.0,,^VIX
604,,2022-03-14,,,,,,,,,,,,,,,,,300.0,89.87956988659293,90.309615675524,87.59172313973022,88.79585266113281,3221300.0,0.0,0.0,0.0,VDE
605,,2022-03-14,,,,,,,,,,,,,,,,,1720.0,31.030000686645508,33.18000030517578,30.059999465942383,31.770000457763672,0.0,0.0,0.0,,^VIX
606,,2022-03-15,,,,,,,,,,,,,,,,,301.0,85.30387211893878,86.80042943696168,84.11694825457266,85.80272674560547,4236800.0,0.0,0.0,0.0,VDE
607,,2022-03-15,,,,,,,,,,,,,,,,,1721.0,33.130001068115234,33.83000183105469,29.56999969482422,29.829999923706055,0.0,0.0,0.0,,^VIX
608,,2022-03-16,,,,,,,,,,,,,,,,,302.0,86.09515743506782,86.85204215119455,84.60720282173207,85.56190490722656,2643100.0,0.0,0.0,0.0,VDE
609,,2022-03-16,,,,,,,,,,,,,,,,,1722.0,29.020000457763672,29.799999237060547,26.290000915527344,26.670000076293945,0.0,0.0,0.0,,^VIX
610,,2022-03-17,,,,,,,,,,,,,,,,,303.0,87.30790557843058,88.83886767164391,86.6886385380345,88.61524200439453,1883500.0,0.0,0.0,0.0,VDE
611,,2022-03-17,,,,,,,,,,,,,,,,,1723.0,26.510000228881836,27.469999313354492,25.25,25.670000076293945,0.0,0.0,0.0,,^VIX
612,,2022-03-18,,,,,,,,,,,,,,,,,304.0,88.52921356978413,89.07967157505696,87.8841449796697,88.5980224609375,1668700.0,0.0,0.0,0.0,VDE
613,,2022-03-18,,,,,,,,,,,,,,,,,1724.0,26.36000061035156,26.81999969482422,23.850000381469727,23.8700008392334,0.0,0.0,0.0,,^VIX
614,,2022-03-21,,,,,,,,,,,,,,,,,305.0,90.33540080325862,92.27920925003968,90.05156905975097,92.02117919921876,2048800.0,0.0,0.0,0.0,VDE
615,,2022-03-21,,,,,,,,,,,,,,,,,1725.0,25.13999938964844,25.36000061035156,22.989999771118164,23.530000686645508,0.0,0.0,0.0,,^VIX
616,,2022-03-22,,,,,,,,,,,,,,,,,306.0,91.57394836360167,92.16741363283856,90.24080383652624,91.427734375,1667700.0,0.0,0.0,0.0,VDE
617,,2022-03-22,,,,,,,,,,,,,,,,,1726.0,24.020000457763672,24.020000457763672,22.700000762939453,22.940000534057617,0.0,0.0,0.0,,^VIX
618,,2022-03-23,,,,,,,,,,,,,,,,,307.0,92.94150160830652,93.74998985921916,92.61466914358664,93.01891326904295,1558400.0,0.0,0.0,0.0,VDE
619,,2022-03-23,,,,,,,,,,,,,,,,,1727.0,23.040000915527344,24.030000686645508,22.63999938964844,23.56999969482422,0.0,0.0,0.0,,^VIX
620,,2022-03-24,,,,,,,,,,,,,,,,,308.0,93.4002184614054,94.18888454184702,92.77622699055328,93.34822082519533,1315600.0,0.82,0.0,0.0,VDE
621,,2022-03-24,,,,,,,,,,,,,,,,,1728.0,23.61000061035156,23.790000915527344,21.489999771118164,21.670000076293945,0.0,0.0,0.0,,^VIX
622,,2022-03-25,,,,,,,,,,,,,,,,,309.0,92.78489036798076,95.8875438799032,92.78489036798076,95.8095474243164,1204100.0,0.0,0.0,0.0,VDE
623,,2022-03-25,,,,,,,,,,,,,,,,,1729.0,21.8700008392334,22.86000061035156,20.799999237060547,20.809999465942383,0.0,0.0,0.0,,^VIX
624,,2022-03-28,,,,,,,,,,,,,,,,,310.0,94.00689822690634,94.00689822690634,92.73290307992656,93.40023040771484,881600.0,0.0,0.0,0.0,VDE
625,,2022-03-28,,,,,,,,,,,,,,,,,1730.0,22.13999938964844,23.329999923706055,19.540000915527344,19.6299991607666,0.0,0.0,0.0,,^VIX
626,,2022-03-29,,,,,,,,,,,,,,,,,311.0,91.29423745742884,93.0795669555664,90.02891082234969,93.0795669555664,1841000.0,0.0,0.0,0.0,VDE
627,,2022-03-29,,,,,,,,,,,,,,,,,1731.0,19.700000762939453,19.729999542236328,18.670000076293945,18.899999618530273,0.0,0.0,0.0,,^VIX
628,,2022-03-30,,,,,,,,,,,,,,,,,312.0,93.9722354655361,94.89956427663152,93.50423682085548,94.05023193359376,1029900.0,0.0,0.0,0.0,VDE
629,,2022-03-30,,,,,,,,,,,,,,,,,1732.0,19.3799991607666,20.510000228881836,18.719999313354492,19.329999923706055,0.0,0.0,0.0,,^VIX
630,,2022-03-31,,,,,,,,,,,,,,,,,313.0,93.03621849722518,95.02087642516364,92.75021828395188,92.7675552368164,1343200.0,0.0,0.0,0.0,VDE
631,,2022-03-31,,,,,,,,,,,,,,,,,1733.0,19.68000030517578,21.479999542236328,19.540000915527344,20.559999465942383,0.0,0.0,0.0,,^VIX
632,15.0,2022-04-01,200.798,162.726,5.4,362.951,343.786,209.823,249.56,56.488,138.179,389.471,217.229,254.639,265.31,34.6,290.846,289.109,314.0,92.53357665366563,94.55290239887331,92.53357665366563,93.92024230957033,691000.0,0.0,0.0,0.0,VDE
633,15.0,2022-04-01,200.798,162.726,5.4,362.951,343.786,209.823,249.56,56.488,138.179,389.471,217.229,254.639,265.31,34.6,290.846,289.109,1734.0,20.6200008392334,20.86000061035156,19.40999984741211,19.6299991607666,0.0,0.0,0.0,,^VIX
634,,2022-04-04,,,,,,,,,,,,,,,,,315.0,94.65690430669972,94.78690503845478,92.98424497546824,93.92024230957033,881300.0,0.0,0.0,0.0,VDE
635,,2022-04-04,,,,,,,,,,,,,,,,,1735.0,20.75,20.780000686645508,18.450000762939453,18.56999969482422,0.0,0.0,0.0,,^VIX
636,,2022-04-05,,,,,,,,,,,,,,,,,316.0,94.19755500014868,95.5928822394283,92.2822315514983,92.368896484375,835400.0,0.0,0.0,0.0,VDE
637,,2022-04-05,,,,,,,,,,,,,,,,,1736.0,18.790000915527344,21.56999969482422,18.549999237060547,21.030000686645508,0.0,0.0,0.0,,^VIX
638,,2022-04-06,,,,,,,,,,,,,,,,,317.0,93.426229628015,94.16289150536736,92.35156325821237,92.83689880371094,915200.0,0.0,0.0,0.0,VDE
639,,2022-04-06,,,,,,,,,,,,,,,,,1737.0,21.270000457763672,24.780000686645508,21.239999771118164,22.100000381469727,0.0,0.0,0.0,,^VIX
640,,2022-04-07,,,,,,,,,,,,,,,,,318.0,93.4002479359412,94.32757687628586,91.56292701419989,94.02424621582033,703000.0,0.0,0.0,0.0,VDE
641,,2022-04-07,,,,,,,,,,,,,,,,,1738.0,21.969999313354492,23.81999969482422,21.1200008392334,21.549999237060547,0.0,0.0,0.0,,^VIX
642,,2022-04-08,,,,,,,,,,,,,,,,,319.0,94.28424376679148,96.78023016998851,94.11957572422254,96.54623413085938,1654200.0,0.0,0.0,0.0,VDE
643,,2022-04-08,,,,,,,,,,,,,,,,,1739.0,21.25,22.34000015258789,20.280000686645508,21.15999984741211,0.0,0.0,0.0,,^VIX
644,,2022-04-11,,,,,,,,,,,,,,,,,320.0,95.48021721156888,95.48888568897416,93.4522298980586,93.68622589111328,1186600.0,0.0,0.0,0.0,VDE
645,,2022-04-11,,,,,,,,,,,,,,,,,1740.0,23.09000015258789,24.420000076293945,22.09000015258789,24.3700008392334,0.0,0.0,0.0,,^VIX
646,,2022-04-12,,,,,,,,,,,,,,,,,321.0,95.30690084453416,96.89289521683224,95.03823751589016,95.26356506347656,852700.0,0.0,0.0,0.0,VDE
647,,2022-04-12,,,,,,,,,,,,,,,,,1741.0,24.940000534057617,25.3799991607666,22.270000457763672,24.260000228881836,0.0,0.0,0.0,,^VIX
648,,2022-04-13,,,,,,,,,,,,,,,,,322.0,96.36422054298774,96.9708817429043,94.78689481109352,96.77155303955078,859400.0,0.0,0.0,0.0,VDE
649,,2022-04-13,,,,,,,,,,,,,,,,,1742.0,23.520000457763672,24.450000762939453,21.3700008392334,21.81999969482422,0.0,0.0,0.0,,^VIX
650,,2022-04-14,,,,,,,,,,,,,,,,,323.0,96.2948958476496,97.92421938934064,96.15622663791666,97.17022705078124,788400.0,0.0,0.0,0.0,VDE
651,,2022-04-14,,,,,,,,,,,,,,,,,1743.0,21.719999313354492,22.700000762939453,20.850000381469727,22.700000762939453,0.0,0.0,0.0,,^VIX
652,,2022-04-18,,,,,,,,,,,,,,,,,324.0,97.93289281116124,99.27622274677869,97.37822916845636,98.712890625,1428900.0,0.0,0.0,0.0,VDE
653,,2022-04-18,,,,,,,,,,,,,,,,,1744.0,24.520000457763672,24.600000381469727,21.979999542236328,22.170000076293945,0.0,0.0,0.0,,^VIX
654,,2022-04-19,,,,,,,,,,,,,,,,,325.0,98.0281876879359,99.03351266537936,97.10085915514246,97.7421875,827200.0,0.0,0.0,0.0,VDE
655,,2022-04-19,,,,,,,,,,,,,,,,,1745.0,22.549999237060547,22.920000076293945,20.36000061035156,21.3700008392334,0.0,0.0,0.0,,^VIX
656,,2022-04-20,,,,,,,,,,,,,,,,,326.0,98.1148625587275,98.7475291041932,97.0922005262405,98.21886444091795,583400.0,0.0,0.0,0.0,VDE
657,,2022-04-20,,,,,,,,,,,,,,,,,1746.0,21.1299991607666,21.31999969482422,19.75,20.31999969482422,0.0,0.0,0.0,,^VIX
658,,2022-04-21,,,,,,,,,,,,,,,,,327.0,98.87753235975944,99.3108636575663,94.60489211101007,94.96022033691406,992200.0,0.0,0.0,0.0,VDE
659,,2022-04-21,,,,,,,,,,,,,,,,,1747.0,20.239999771118164,23.280000686645508,19.809999465942383,22.68000030517578,0.0,0.0,0.0,,^VIX
660,,2022-04-22,,,,,,,,,,,,,,,,,328.0,94.50088983912852,95.92221596125016,92.35156370132144,92.4989013671875,797500.0,0.0,0.0,0.0,VDE
661,,2022-04-22,,,,,,,,,,,,,,,,,1748.0,22.709999084472656,28.270000457763672,22.6200008392334,28.209999084472656,0.0,0.0,0.0,,^VIX
662,,2022-04-25,,,,,,,,,,,,,,,,,329.0,89.57825484926978,89.99424923156614,86.12027261844351,89.50025177001953,1834500.0,0.0,0.0,0.0,VDE
663,,2022-04-25,,,,,,,,,,,,,,,,,1749.0,30.040000915527344,31.600000381469727,26.799999237060547,27.020000457763672,0.0,0.0,0.0,,^VIX
664,,2022-04-26,,,,,,,,,,,,,,,,,330.0,90.08091161535822,91.99623514356988,89.25757818855249,89.5089111328125,1218000.0,0.0,0.0,0.0,VDE
665,,2022-04-26,,,,,,,,,,,,,,,,,1750.0,27.3799991607666,33.810001373291016,27.059999465942383,33.52000045776367,0.0,0.0,0.0,,^VIX
666,,2022-04-27,,,,,,,,,,,,,,,,,331.0,90.09825171708836,91.7189133144042,88.42559247467636,90.84358215332033,1626500.0,0.0,0.0,0.0,VDE
667,,2022-04-27,,,,,,,,,,,,,,,,,1751.0,31.11000061035156,32.77000045776367,29.81999969482422,31.600000381469727,0.0,0.0,0.0,,^VIX
668,,2022-04-28,,,,,,,,,,,,,,,,,332.0,91.28557728076296,94.44889723303972,89.48291740615838,93.6688995361328,1246400.0,0.0,0.0,0.0,VDE
669,,2022-04-28,,,,,,,,,,,,,,,,,1752.0,29.90999984741211,32.0,28.0,29.989999771118164,0.0,0.0,0.0,,^VIX
670,,2022-04-29,,,,,,,,,,,,,,,,,333.0,93.928891524881,94.37089130847058,90.80890744354912,91.21623992919922,1004200.0,0.0,0.0,0.0,VDE
671,,2022-04-29,,,,,,,,,,,,,,,,,1753.0,28.969999313354492,34.34000015258789,28.540000915527344,33.400001525878906,0.0,0.0,0.0,,^VIX
672,16.0,2022-05-01,203.759,164.074,5.3,365.116,353.015,210.733,256.396,56.624,139.419,393.377,221.341,255.253,273.251,34.2,292.506,292.296,,,,,,,,,,
673,,2022-05-02,,,,,,,,,,,,,,,,,334.0,90.56625124152364,92.4209088719505,90.00291916975212,92.25624084472656,1289600.0,0.0,0.0,0.0,VDE
674,,2022-05-02,,,,,,,,,,,,,,,,,1754.0,33.349998474121094,36.63999938964844,31.739999771118164,32.34000015258789,0.0,0.0,0.0,,^VIX
675,,2022-05-03,,,,,,,,,,,,,,,,,335.0,92.4209041652124,95.51488955112391,92.4209041652124,95.08155822753906,1064600.0,0.0,0.0,0.0,VDE
676,,2022-05-03,,,,,,,,,,,,,,,,,1755.0,31.760000228881836,32.81999969482422,29.059999465942383,29.25,0.0,0.0,0.0,,^VIX
677,,2022-05-04,,,,,,,,,,,,,,,,,336.0,96.84088871080576,99.21554928090885,95.55823161144,99.0075454711914,1443400.0,0.0,0.0,0.0,VDE
678,,2022-05-04,,,,,,,,,,,,,,,,,1756.0,29.1200008392334,29.420000076293945,24.940000534057617,25.420000076293945,0.0,0.0,0.0,,^VIX
679,,2022-05-05,,,,,,,,,,,,,,,,,337.0,99.66621636761784,99.75288132029772,95.32423413360245,97.37822723388672,1082000.0,0.0,0.0,0.0,VDE
680,,2022-05-05,,,,,,,,,,,,,,,,,1757.0,25.969999313354492,33.20000076293945,25.780000686645508,31.200000762939453,0.0,0.0,0.0,,^VIX
681,,2022-05-06,,,,,,,,,,,,,,,,,338.0,98.50487880123984,99.90886804579016,96.42488714355608,99.83087158203124,921200.0,0.0,0.0,0.0,VDE
682,,2022-05-06,,,,,,,,,,,,,,,,,1758.0,32.22999954223633,35.34000015258789,29.829999923706055,30.190000534057617,0.0,0.0,0.0,,^VIX
683,,2022-05-09,,,,,,,,,,,,,,,,,339.0,97.69888522510328,97.82887933528436,90.96491260904524,91.33757781982422,1309300.0,0.0,0.0,0.0,VDE
684,,2022-05-09,,,,,,,,,,,,,,,,,1759.0,31.899999618530273,35.47999954223633,31.899999618530273,34.75,0.0,0.0,0.0,,^VIX
685,,2022-05-10,,,,,,,,,,,,,,,,,340.0,92.5769047422582,94.422893821029,89.95958642784291,92.0135726928711,4441200.0,0.0,0.0,0.0,VDE
686,,2022-05-10,,,,,,,,,,,,,,,,,1760.0,33.65999984741211,34.84000015258789,32.2400016784668,32.9900016784668,0.0,0.0,0.0,,^VIX
687,,2022-05-11,,,,,,,,,,,,,,,,,341.0,93.6342286624927,96.4162148318274,92.93223406813198,93.12289428710938,918500.0,0.0,0.0,0.0,VDE
688,,2022-05-11,,,,,,,,,,,,,,,,,1761.0,32.869998931884766,34.38999938964844,30.690000534057617,32.560001373291016,0.0,0.0,0.0,,^VIX
689,,2022-05-12,,,,,,,,,,,,,,,,,342.0,92.84557905572822,93.4955761254292,90.56625837833714,93.4175796508789,877100.0,0.0,0.0,0.0,VDE
690,,2022-05-12,,,,,,,,,,,,,,,,,1762.0,33.7400016784668,34.7599983215332,31.700000762939453,31.770000457763672,0.0,0.0,0.0,,^VIX
691,,2022-05-13,,,,,,,,,,,,,,,,,343.0,94.8908957597354,97.02288517656032,94.67423008795916,96.5895538330078,707100.0,0.0,0.0,0.0,VDE
692,,2022-05-13,,,,,,,,,,,,,,,,,1763.0,31.09000015258789,31.200000762939453,28.780000686645508,28.8700008392334,0.0,0.0,0.0,,^VIX
693,,2022-05-16,,,,,,,,,,,,,,,,,344.0,96.85821885893267,100.08220494969127,96.85821885893267,99.04220581054688,1079200.0,0.0,0.0,0.0,VDE
694,,2022-05-16,,,,,,,,,,,,,,,,,1764.0,30.010000228881836,30.229999542236328,27.36000061035156,27.469999313354492,0.0,0.0,0.0,,^VIX
695,,2022-05-17,,,,,,,,,,,,,,,,,345.0,100.3941968961359,101.02686353173436,99.32820555328594,100.46353149414062,1025100.0,0.0,0.0,0.0,VDE
696,,2022-05-17,,,,,,,,,,,,,,,,,1765.0,27.06999969482422,27.170000076293945,25.510000228881836,26.100000381469727,0.0,0.0,0.0,,^VIX
697,,2022-05-18,,,,,,,,,,,,,,,,,346.0,101.19153418173634,101.25220030354106,96.58088908824344,97.8375473022461,829000.0,0.0,0.0,0.0,VDE
698,,2022-05-18,,,,,,,,,,,,,,,,,1766.0,26.739999771118164,31.489999771118164,26.209999084472656,30.959999084472656,0.0,0.0,0.0,,^VIX
699,,2022-05-19,,,,,,,,,,,,,,,,,347.0,95.73154291425212,99.12885846779652,95.53221423379324,97.5342025756836,751500.0,0.0,0.0,0.0,VDE
700,,2022-05-19,,,,,,,,,,,,,,,,,1767.0,31.239999771118164,33.11000061035156,29.059999465942383,29.350000381469727,0.0,0.0,0.0,,^VIX
701,,2022-05-20,,,,,,,,,,,,,,,,,348.0,98.47021046831456,99.67487099586968,95.94821903947616,97.96754455566406,654800.0,0.0,0.0,0.0,VDE
702,,2022-05-20,,,,,,,,,,,,,,,,,1768.0,28.780000686645508,32.90999984741211,28.059999465942383,29.43000030517578,0.0,0.0,0.0,,^VIX
703,,2022-05-23,,,,,,,,,,,,,,,,,349.0,99.04219164287257,101.07018537623377,98.5221954537398,100.75818634033205,871700.0,0.0,0.0,0.0,VDE
704,,2022-05-23,,,,,,,,,,,,,,,,,1769.0,28.979999542236328,30.38999938964844,28.290000915527344,28.479999542236328,0.0,0.0,0.0,,^VIX
705,,2022-05-24,,,,,,,,,,,,,,,,,350.0,99.5535284807984,101.48618224475264,98.78219934815506,101.07884979248048,816000.0,0.0,0.0,0.0,VDE
706,,2022-05-24,,,,,,,,,,,,,,,,,1770.0,29.43000030517578,31.06999969482422,29.040000915527344,29.450000762939453,0.0,0.0,0.0,,^VIX
707,,2022-05-25,,,,,,,,,,,,,,,,,351.0,101.37351915938918,103.55750586804515,101.30418456873711,103.3581771850586,796800.0,0.0,0.0,0.0,VDE
708,,2022-05-25,,,,,,,,,,,,,,,,,1771.0,29.329999923706055,30.229999542236328,28.15999984741211,28.3700008392334,0.0,0.0,0.0,,^VIX
709,,2022-05-26,,,,,,,,,,,,,,,,,352.0,104.07751915750823,105.56818004065948,104.07751915750823,104.7275161743164,921100.0,0.0,0.0,0.0,VDE
710,,2022-05-26,,,,,,,,,,,,,,,,,1772.0,28.420000076293945,28.459999084472656,27.11000061035156,27.5,0.0,0.0,0.0,,^VIX
711,,2022-05-27,,,,,,,,,,,,,,,,,353.0,104.2161737344608,106.8161614367758,103.9995080926012,106.781494140625,748200.0,0.0,0.0,0.0,VDE
712,,2022-05-27,,,,,,,,,,,,,,,,,1773.0,27.5,27.540000915527344,25.56999969482422,25.719999313354492,0.0,0.0,0.0,,^VIX
713,,2022-05-31,,,,,,,,,,,,,,,,,354.0,108.33281050626294,109.06080381905224,104.562830023067,105.07415771484376,1347600.0,0.0,0.0,0.0,VDE
714,,2022-05-31,,,,,,,,,,,,,,,,,1774.0,27.469999313354492,28.350000381469727,25.940000534057617,26.190000534057617,0.0,0.0,0.0,,^VIX
715,17.0,2022-06-01,202.669,165.382,5.3,367.927,349.8,203.35,262.418,56.916,140.819,407.819,243.575,256.074,280.251,33.7,294.68,296.311,355.0,106.54750713534398,107.8648314395305,105.40351271440709,107.076171875,878700.0,0.0,0.0,0.0,VDE
716,17.0,2022-06-01,202.669,165.382,5.3,367.927,349.8,203.35,262.418,56.916,140.819,407.819,243.575,256.074,280.251,33.7,294.68,296.311,1775.0,26.049999237060547,27.729999542236328,25.3799991607666,25.690000534057617,0.0,0.0,0.0,,^VIX
717,,2022-06-02,,,,,,,,,,,,,,,,,356.0,106.26149926036312,107.61349076671242,105.79350067460126,106.850830078125,714000.0,0.0,0.0,0.0,VDE
718,,2022-06-02,,,,,,,,,,,,,,,,,1776.0,25.729999542236328,26.5,24.329999923706055,24.719999313354492,0.0,0.0,0.0,,^VIX
719,,2022-06-03,,,,,,,,,,,,,,,,,357.0,107.0241567393158,108.52348586422404,106.94616028341665,108.21148681640624,702200.0,0.0,0.0,0.0,VDE
720,,2022-06-03,,,,,,,,,,,,,,,,,1777.0,24.90999984741211,25.959999084472656,24.760000228881836,24.790000915527344,0.0,0.0,0.0,,^VIX
721,,2022-06-06,,,,,,,,,,,,,,,,,358.0,108.80081896936484,108.92215119923485,107.57015971662034,108.28082275390624,569600.0,0.0,0.0,0.0,VDE
722,,2022-06-06,,,,,,,,,,,,,,,,,1778.0,25.3700008392334,25.809999465942383,24.81999969482422,25.06999969482422,0.0,0.0,0.0,,^VIX
723,,2022-06-07,,,,,,,,,,,,,,,,,359.0,108.2808383587572,111.80814862245671,108.0988399877236,111.79082489013672,1034000.0,0.0,0.0,0.0,VDE
724,,2022-06-07,,,,,,,,,,,,,,,,,1779.0,25.540000915527344,26.239999771118164,23.8799991607666,24.020000457763672,0.0,0.0,0.0,,^VIX
725,,2022-06-08,,,,,,,,,,,,,,,,,360.0,112.21547547290918,112.96948096586588,111.05415070344618,111.66948699951172,1146700.0,0.0,0.0,0.0,VDE
726,,2022-06-08,,,,,,,,,,,,,,,,,1780.0,24.3700008392334,24.780000686645508,23.739999771118164,23.959999084472656,0.0,0.0,0.0,,^VIX
727,,2022-06-09,,,,,,,,,,,,,,,,,361.0,110.6814843816368,111.33148797034586,109.08682830619664,109.13015747070312,866100.0,0.0,0.0,0.0,VDE
728,,2022-06-09,,,,,,,,,,,,,,,,,1781.0,24.290000915527344,26.239999771118164,23.81999969482422,26.09000015258789,0.0,0.0,0.0,,^VIX
729,,2022-06-10,,,,,,,,,,,,,,,,,362.0,108.01216068664428,109.52882028198457,105.9928417934814,107.34483337402344,1258900.0,0.0,0.0,0.0,VDE
730,,2022-06-10,,,,,,,,,,,,,,,,,1782.0,26.260000228881836,29.6299991607666,26.049999237060547,27.75,0.0,0.0,0.0,,^VIX
731,,2022-06-13,,,,,,,,,,,,,,,,,363.0,103.8175145108961,104.2075100392953,99.51020029513474,101.52952575683594,2135800.0,0.0,0.0,0.0,VDE
732,,2022-06-13,,,,,,,,,,,,,,,,,1783.0,31.3700008392334,35.04999923706055,31.290000915527344,34.02000045776367,0.0,0.0,0.0,,^VIX
733,,2022-06-14,,,,,,,,,,,,,,,,,364.0,103.71350496462271,104.71883668861352,100.10819222297228,101.4515151977539,988600.0,0.0,0.0,0.0,VDE
734,,2022-06-14,,,,,,,,,,,,,,,,,1784.0,33.0099983215332,34.0,32.060001373291016,32.689998626708984,0.0,0.0,0.0,,^VIX
735,,2022-06-15,,,,,,,,,,,,,,,,,365.0,101.24352640086704,101.98018830105696,97.79420628448376,99.54486846923828,1354600.0,0.0,0.0,0.0,VDE
736,,2022-06-15,,,,,,,,,,,,,,,,,1785.0,32.38999938964844,32.77000045776367,27.760000228881836,29.6200008392334,0.0,0.0,0.0,,^VIX
737,,2022-06-16,,,,,,,,,,,,,,,,,366.0,97.144216443654,97.4475536707695,93.2182355686172,93.94623565673828,1971900.0,0.0,0.0,0.0,VDE
738,,2022-06-16,,,,,,,,,,,,,,,,,1786.0,30.350000381469727,34.81999969482422,30.350000381469727,32.95000076293945,0.0,0.0,0.0,,^VIX
739,,2022-06-17,,,,,,,,,,,,,,,,,367.0,93.4175738722082,94.07623938015254,87.58493095156057,88.70292663574219,2591400.0,0.0,0.0,0.0,VDE
740,,2022-06-17,,,,,,,,,,,,,,,,,1787.0,32.84000015258789,33.310001373291016,30.469999313354492,31.1299991607666,0.0,0.0,0.0,,^VIX
741,,2022-06-21,,,,,,,,,,,,,,,,,368.0,90.9215783979556,93.8075598897314,90.86090566708916,93.19223022460938,1572500.0,0.0,0.0,0.0,VDE
742,,2022-06-21,,,,,,,,,,,,,,,,,1788.0,30.6299991607666,30.649999618530273,29.329999923706055,30.190000534057617,0.0,0.0,0.0,,^VIX
743,,2022-06-22,,,,,,,,,,,,,,,,,369.0,88.3909255711253,90.8435825615591,88.05292765225835,89.04959106445312,2379000.0,0.0,0.0,0.0,VDE
744,,2022-06-22,,,,,,,,,,,,,,,,,1789.0,31.450000762939453,31.56999969482422,28.780000686645508,28.950000762939453,0.0,0.0,0.0,,^VIX
745,,2022-06-23,,,,,,,,,,,,,,,,,370.0,89.59049247356832,90.1594056863939,84.32148950124694,85.72189331054688,1743400.0,1.008,0.0,0.0,VDE
746,,2022-06-23,,,,,,,,,,,,,,,,,1790.0,29.290000915527344,29.770000457763672,28.739999771118164,29.049999237060547,0.0,0.0,0.0,,^VIX
747,,2022-06-24,,,,,,,,,,,,,,,,,371.0,87.12228425615245,88.8990386168404,86.04572507277722,87.17479705810547,1438900.0,0.0,0.0,0.0,VDE
748,,2022-06-24,,,,,,,,,,,,,,,,,1791.0,29.06999969482422,29.719999313354492,26.829999923706055,27.229999542236328,0.0,0.0,0.0,,^VIX
749,,2022-06-27,,,,,,,,,,,,,,,,,372.0,88.29511666246748,90.46573711930284,88.04129365130714,89.85306549072266,1357100.0,0.0,0.0,0.0,VDE
750,,2022-06-27,,,,,,,,,,,,,,,,,1792.0,28.299999237060547,28.65999984741211,26.93000030517578,26.950000762939453,0.0,0.0,0.0,,^VIX
751,,2022-06-28,,,,,,,,,,,,,,,,,373.0,91.90990045575826,93.71291128042076,90.86835199649944,92.24249267578124,1423900.0,0.0,0.0,0.0,VDE
752,,2022-06-28,,,,,,,,,,,,,,,,,1793.0,26.899999618530273,28.68000030517578,26.469999313354492,28.36000061035156,0.0,0.0,0.0,,^VIX
753,,2022-06-29,,,,,,,,,,,,,,,,,374.0,93.58162335578083,93.9317242983322,88.82027324099057,89.10910034179688,1265200.0,0.0,0.0,0.0,VDE
754,,2022-06-29,,,,,,,,,,,,,,,,,1794.0,28.799999237060547,29.36000061035156,27.850000381469727,28.15999984741211,0.0,0.0,0.0,,^VIX
755,,2022-06-30,,,,,,,,,,,,,,,,,375.0,86.98223639188438,89.27539099591861,86.20326537720798,87.0610122680664,1357200.0,0.0,0.0,0.0,VDE
756,,2022-06-30,,,,,,,,,,,,,,,,,1795.0,29.420000076293945,30.219999313354492,28.280000686645508,28.709999084472656,0.0,0.0,0.0,,^VIX
757,18.0,2022-07-01,202.126,166.387,5.2,370.448,346.79,204.018,256.526,56.804,140.284,414.872,236.704,256.76,272.274,33.8,295.646,296.276,376.0,87.9625304978769,88.56645448589488,85.19674026402915,88.12882995605469,942100.0,0.0,0.0,0.0,VDE
758,18.0,2022-07-01,202.126,166.387,5.2,370.448,346.79,204.018,256.526,56.804,140.284,414.872,236.704,256.76,272.274,33.8,295.646,296.276,1796.0,29.530000686645508,29.59000015258789,26.690000534057617,26.700000762939453,0.0,0.0,0.0,,^VIX
759,,2022-07-05,,,,,,,,,,,,,,,,,377.0,86.3170629666305,86.55337726992887,82.63226529938974,84.46153259277344,1873000.0,0.0,0.0,0.0,VDE
760,,2022-07-05,,,,,,,,,,,,,,,,,1797.0,27.3700008392334,29.81999969482422,27.299999237060547,27.540000915527344,0.0,0.0,0.0,,^VIX
761,,2022-07-06,,,,,,,,,,,,,,,,,378.0,83.47247986989674,85.0304216544651,80.34784194308875,82.82479095458984,2066500.0,0.0,0.0,0.0,VDE
762,,2022-07-06,,,,,,,,,,,,,,,,,1798.0,27.84000015258789,28.06999969482422,26.43000030517578,26.729999542236328,0.0,0.0,0.0,,^VIX
763,,2022-07-07,,,,,,,,,,,,,,,,,379.0,85.00419447247344,86.91223776582822,84.9166642209159,86.1595230102539,1512200.0,0.0,0.0,0.0,VDE
764,,2022-07-07,,,,,,,,,,,,,,,,,1799.0,26.729999542236328,26.790000915527344,25.65999984741211,26.079999923706055,0.0,0.0,0.0,,^VIX
765,,2022-07-08,,,,,,,,,,,,,,,,,380.0,87.24481402730686,87.62992569518931,84.94291173432639,86.12449645996094,732800.0,0.0,0.0,0.0,VDE
766,,2022-07-08,,,,,,,,,,,,,,,,,1800.0,26.40999984741211,26.61000061035156,24.43000030517578,24.63999938964844,0.0,0.0,0.0,,^VIX
767,,2022-07-11,,,,,,,,,,,,,,,,,381.0,85.12672540261802,86.05448726891396,84.1551984122959,85.26676177978516,645700.0,0.0,0.0,0.0,VDE
768,,2022-07-11,,,,,,,,,,,,,,,,,1801.0,26.420000076293945,26.739999771118164,25.790000915527344,26.170000076293945,0.0,0.0,0.0,,^VIX
769,,2022-07-12,,,,,,,,,,,,,,,,,382.0,83.09613935089081,84.08516828307452,82.08084734040582,83.57752227783203,980800.0,0.0,0.0,0.0,VDE
770,,2022-07-12,,,,,,,,,,,,,,,,,1802.0,27.13999938964844,27.75,25.81999969482422,27.290000915527344,0.0,0.0,0.0,,^VIX
771,,2022-07-13,,,,,,,,,,,,,,,,,383.0,82.45720466462082,85.25800537526855,82.44845030518705,83.57752227783203,880700.0,0.0,0.0,0.0,VDE
772,,2022-07-13,,,,,,,,,,,,,,,,,1803.0,27.350000381469727,29.059999465942383,26.229999542236328,26.81999969482422,0.0,0.0,0.0,,^VIX
773,,2022-07-14,,,,,,,,,,,,,,,,,384.0,80.75920923184302,82.18586914480696,79.53386617209576,82.07208251953125,1226700.0,0.0,0.0,0.0,VDE
774,,2022-07-14,,,,,,,,,,,,,,,,,1804.0,27.469999313354492,28.450000762939453,26.200000762939453,26.399999618530273,0.0,0.0,0.0,,^VIX
775,,2022-07-15,,,,,,,,,,,,,,,,,385.0,83.89259841152054,83.99763067430148,82.11584436792596,83.6300277709961,784000.0,0.0,0.0,0.0,VDE
776,,2022-07-15,,,,,,,,,,,,,,,,,1805.0,26.719999313354492,26.719999313354492,24.1299991607666,24.229999542236328,0.0,0.0,0.0,,^VIX
777,,2022-07-18,,,,,,,,,,,,,,,,,386.0,85.58185461879711,86.86847184451041,85.09171726714274,85.44181823730469,990700.0,0.0,0.0,0.0,VDE
778,,2022-07-18,,,,,,,,,,,,,,,,,1806.0,24.829999923706055,25.90999984741211,24.3799991607666,25.299999237060547,0.0,0.0,0.0,,^VIX
779,,2022-07-19,,,,,,,,,,,,,,,,,387.0,85.43306489338708,88.41766084182953,85.43306489338708,88.17259216308594,1028000.0,0.0,0.0,0.0,VDE
780,,2022-07-19,,,,,,,,,,,,,,,,,1807.0,25.1200008392334,25.40999984741211,24.229999542236328,24.5,0.0,0.0,0.0,,^VIX
781,,2022-07-20,,,,,,,,,,,,,,,,,388.0,87.27108194672886,89.73052963961658,86.91223330870432,89.3891830444336,1101200.0,0.0,0.0,0.0,VDE
782,,2022-07-20,,,,,,,,,,,,,,,,,1808.0,24.229999542236328,24.729999542236328,23.399999618530273,23.8799991607666,0.0,0.0,0.0,,^VIX
783,,2022-07-21,,,,,,,,,,,,,,,,,389.0,87.00850379108056,87.82247892713855,85.18798432084783,87.76996612548828,967600.0,0.0,0.0,0.0,VDE
784,,2022-07-21,,,,,,,,,,,,,,,,,1809.0,24.06999969482422,24.670000076293945,22.920000076293945,23.11000061035156,0.0,0.0,0.0,,^VIX
785,,2022-07-22,,,,,,,,,,,,,,,,,390.0,88.03255262578918,88.96031449854051,86.41334318985923,86.90348052978516,594600.0,0.0,0.0,0.0,VDE
786,,2022-07-22,,,,,,,,,,,,,,,,,1810.0,23.299999237060547,23.809999465942383,22.40999984741211,23.030000686645508,0.0,0.0,0.0,,^VIX
787,,2022-07-25,,,,,,,,,,,,,,,,,391.0,87.9362583618477,90.45697279880332,87.1747894122167,90.3606948852539,603800.0,0.0,0.0,0.0,VDE
788,,2022-07-25,,,,,,,,,,,,,,,,,1811.0,24.329999923706055,24.56999969482422,23.190000534057617,23.36000061035156,0.0,0.0,0.0,,^VIX
789,,2022-07-26,,,,,,,,,,,,,,,,,392.0,91.57729451635024,91.93614978829324,89.1090927638122,89.73927307128906,1783700.0,0.0,0.0,0.0,VDE
790,,2022-07-26,,,,,,,,,,,,,,,,,1812.0,23.950000762939453,25.309999465942383,23.81999969482422,24.690000534057617,0.0,0.0,0.0,,^VIX
791,,2022-07-27,,,,,,,,,,,,,,,,,393.0,90.51825893174971,92.34753299507015,89.46796269889876,91.93616485595705,654100.0,0.0,0.0,0.0,VDE
792,,2022-07-27,,,,,,,,,,,,,,,,,1813.0,24.270000457763672,24.40999984741211,23.020000457763672,23.239999771118164,0.0,0.0,0.0,,^VIX
793,,2022-07-28,,,,,,,,,,,,,,,,,394.0,92.69762643285983,93.45908880263512,90.63203822215944,92.27750396728516,802500.0,0.0,0.0,0.0,VDE
794,,2022-07-28,,,,,,,,,,,,,,,,,1814.0,23.329999923706055,23.540000915527344,22.219999313354492,22.329999923706055,0.0,0.0,0.0,,^VIX
795,,2022-07-29,,,,,,,,,,,,,,,,,395.0,94.20305057972789,96.49620543946617,93.9317255175982,96.25113677978516,991700.0,0.0,0.0,0.0,VDE
796,,2022-07-29,,,,,,,,,,,,,,,,,1815.0,22.1299991607666,22.15999984741211,21.209999084472656,21.329999923706055,0.0,0.0,0.0,,^VIX
797,19.0,2022-08-01,198.87,167.175,4.8,373.283,342.753,200.068,251.494,56.632,139.965,416.591,254.138,257.241,269.546,33.8,297.178,296.171,396.0,94.3693525593476,94.8069770855322,92.89017952400503,94.19430541992188,913300.0,0.0,0.0,0.0,VDE
798,19.0,2022-08-01,198.87,167.175,4.8,373.283,342.753,200.068,251.494,56.632,139.965,416.591,254.138,257.241,269.546,33.8,297.178,296.171,1816.0,22.40999984741211,23.270000457763672,22.260000228881836,22.84000015258789,0.0,0.0,0.0,,^VIX
799,,2022-08-02,,,,,,,,,,,,,,,,,397.0,94.22932516259225,94.955776870292,93.18777655418351,94.04551696777344,486800.0,0.0,0.0,0.0,VDE
800,,2022-08-02,,,,,,,,,,,,,,,,,1817.0,24.079999923706055,24.68000030517578,22.670000076293945,23.93000030517578,0.0,0.0,0.0,,^VIX
801,,2022-08-03,,,,,,,,,,,,,,,,,398.0,94.52689980205623,94.67569054170832,90.78083484128292,91.47228240966795,753100.0,0.0,0.0,0.0,VDE
802,,2022-08-03,,,,,,,,,,,,,,,,,1818.0,23.86000061035156,23.920000076293945,21.68000030517578,21.950000762939453,0.0,0.0,0.0,,^VIX
803,,2022-08-04,,,,,,,,,,,,,,,,,399.0,90.8595907835144,91.13967017862436,87.78747179648245,88.1025619506836,1033100.0,0.0,0.0,0.0,VDE
804,,2022-08-04,,,,,,,,,,,,,,,,,1819.0,22.059999465942383,22.65999984741211,21.440000534057617,21.440000534057617,0.0,0.0,0.0,,^VIX
805,,2022-08-05,,,,,,,,,,,,,,,,,400.0,87.19230429338567,90.78082371420298,86.78969057081784,89.94933319091797,786900.0,0.0,0.0,0.0,VDE
806,,2022-08-05,,,,,,,,,,,,,,,,,1820.0,21.5,22.579999923706055,20.760000228881836,21.149999618530273,0.0,0.0,0.0,,^VIX
807,,2022-08-08,,,,,,,,,,,,,,,,,401.0,89.77429114411505,91.24470975548084,89.77429114411505,90.31694793701172,1262300.0,0.0,0.0,0.0,VDE
808,,2022-08-08,,,,,,,,,,,,,,,,,1821.0,21.739999771118164,22.010000228881836,20.829999923706055,21.290000915527344,0.0,0.0,0.0,,^VIX
809,,2022-08-09,,,,,,,,,,,,,,,,,402.0,91.63857014448804,93.16150825418,91.516035815334,92.00617980957033,619200.0,0.0,0.0,0.0,VDE
810,,2022-08-09,,,,,,,,,,,,,,,,,1822.0,21.40999984741211,22.229999542236328,21.40999984741211,21.770000457763672,0.0,0.0,0.0,,^VIX
811,,2022-08-10,,,,,,,,,,,,,,,,,403.0,92.22498926615042,93.26653103234456,90.43072615031242,92.75013732910156,702400.0,0.0,0.0,0.0,VDE
812,,2022-08-10,,,,,,,,,,,,,,,,,1823.0,22.280000686645508,22.34000015258789,19.540000915527344,19.739999771118164,0.0,0.0,0.0,,^VIX
813,,2022-08-11,,,,,,,,,,,,,,,,,404.0,94.47439832211366,96.89883560476083,94.36936601690788,96.04984283447266,1051200.0,0.0,0.0,0.0,VDE
814,,2022-08-11,,,,,,,,,,,,,,,,,1824.0,19.84000015258789,20.850000381469727,19.709999084472656,20.200000762939453,0.0,0.0,0.0,,^VIX
815,,2022-08-12,,,,,,,,,,,,,,,,,405.0,95.48966390049914,96.9338260759813,95.08705016461306,96.9250717163086,594100.0,0.0,0.0,0.0,VDE
816,,2022-08-12,,,,,,,,,,,,,,,,,1825.0,20.34000015258789,20.350000381469727,19.1200008392334,19.530000686645508,0.0,0.0,0.0,,^VIX
817,,2022-08-15,,,,,,,,,,,,,,,,,406.0,93.43284032693346,95.46341794796432,92.33877896479136,94.92076110839844,733100.0,0.0,0.0,0.0,VDE
818,,2022-08-15,,,,,,,,,,,,,,,,,1826.0,20.739999771118164,21.15999984741211,19.809999465942383,19.950000762939453,0.0,0.0,0.0,,^VIX
819,,2022-08-16,,,,,,,,,,,,,,,,,407.0,95.27961139141443,96.2773947666042,94.20305212996224,94.82447814941406,706800.0,0.0,0.0,0.0,VDE
820,,2022-08-16,,,,,,,,,,,,,,,,,1827.0,20.229999542236328,20.38999938964844,19.5,19.690000534057617,0.0,0.0,0.0,,^VIX
821,,2022-08-17,,,,,,,,,,,,,,,,,408.0,94.50064182435403,96.53997373133902,94.17679726907518,95.5596923828125,544200.0,0.0,0.0,0.0,VDE
822,,2022-08-17,,,,,,,,,,,,,,,,,1828.0,19.739999771118164,20.6299991607666,19.40999984741211,19.899999618530273,0.0,0.0,0.0,,^VIX
823,,2022-08-18,,,,,,,,,,,,,,,,,409.0,96.5837466565082,98.5180465626009,96.5837466565082,98.3867645263672,770800.0,0.0,0.0,0.0,VDE
824,,2022-08-18,,,,,,,,,,,,,,,,,1829.0,20.510000228881836,20.61000061035156,19.43000030517578,19.559999465942383,0.0,0.0,0.0,,^VIX
825,,2022-08-19,,,,,,,,,,,,,,,,,410.0,98.06290938225732,98.82437849867328,97.51150485647928,98.15918731689452,518600.0,0.0,0.0,0.0,VDE
826,,2022-08-19,,,,,,,,,,,,,,,,,1830.0,20.15999984741211,21.270000457763672,20.079999923706055,20.600000381469727,0.0,0.0,0.0,,^VIX
827,,2022-08-22,,,,,,,,,,,,,,,,,411.0,97.48522845812332,98.66681991679113,95.7697412679702,98.0453872680664,589500.0,0.0,0.0,0.0,VDE
828,,2022-08-22,,,,,,,,,,,,,,,,,1831.0,22.40999984741211,24.6200008392334,22.38999938964844,23.799999237060547,0.0,0.0,0.0,,^VIX
829,,2022-08-23,,,,,,,,,,,,,,,,,412.0,99.72585379343025,102.36910232098728,99.65583228442536,101.38007354736328,886300.0,0.0,0.0,0.0,VDE
830,,2022-08-23,,,,,,,,,,,,,,,,,1832.0,24.1299991607666,24.209999084472656,23.06999969482422,24.11000061035156,0.0,0.0,0.0,,^VIX
831,,2022-08-24,,,,,,,,,,,,,,,,,413.0,101.5463853674655,102.84175681701556,100.99498090507062,102.68421173095705,664300.0,0.0,0.0,0.0,VDE
832,,2022-08-24,,,,,,,,,,,,,,,,,1833.0,24.3700008392334,24.86000061035156,22.729999542236328,22.81999969482422,0.0,0.0,0.0,,^VIX
833,,2022-08-25,,,,,,,,,,,,,,,,,414.0,103.2881360079282,103.89205327508968,102.45664545418836,103.36690521240234,832800.0,0.0,0.0,0.0,VDE
834,,2022-08-25,,,,,,,,,,,,,,,,,1834.0,22.40999984741211,23.1299991607666,21.770000457763672,21.780000686645508,0.0,0.0,0.0,,^VIX
835,,2022-08-26,,,,,,,,,,,,,,,,,415.0,103.30563668769906,104.37344151840294,101.78270532269867,102.25534057617188,913600.0,0.0,0.0,0.0,VDE
836,,2022-08-26,,,,,,,,,,,,,,,,,1835.0,22.06999969482422,25.899999618530273,21.670000076293945,25.559999465942383,0.0,0.0,0.0,,^VIX
837,,2022-08-29,,,,,,,,,,,,,,,,,416.0,101.94902826027231,105.09116963697151,101.8790067226692,103.67326354980467,974000.0,0.0,0.0,0.0,VDE
838,,2022-08-29,,,,,,,,,,,,,,,,,1836.0,26.86000061035156,27.670000076293945,25.469999313354492,26.209999084472656,0.0,0.0,0.0,,^VIX
839,,2022-08-30,,,,,,,,,,,,,,,,,417.0,102.02776989062924,102.02776989062924,99.0781785235605,99.9796905517578,1434200.0,0.0,0.0,0.0,VDE
840,,2022-08-30,,,,,,,,,,,,,,,,,1837.0,25.75,27.690000534057617,25.1299991607666,26.209999084472656,0.0,0.0,0.0,,^VIX
841,,2022-08-31,,,,,,,,,,,,,,,,,418.0,98.17667239405615,100.88994278350084,97.1088676145204,99.33200073242188,877300.0,0.0,0.0,0.0,VDE
842,,2022-08-31,,,,,,,,,,,,,,,,,1838.0,25.86000061035156,26.6200008392334,25.309999465942383,25.8700008392334,0.0,0.0,0.0,,^VIX
843,20.0,2022-09-01,197.733,167.846,4.7,376.569,336.464,197.526,251.891,56.822,140.066,416.819,254.218,257.796,267.898,33.7,298.442,296.808,419.0,97.88784341467382,98.16792950078236,95.56843894326094,96.8375473022461,961800.0,0.0,0.0,0.0,VDE
844,20.0,2022-09-01,197.733,167.846,4.7,376.569,336.464,197.526,251.891,56.822,140.066,416.819,254.218,257.796,267.898,33.7,298.442,296.808,1839.0,26.8799991607666,27.450000762939453,25.25,25.559999465942383,0.0,0.0,0.0,,^VIX
845,,2022-09-02,,,,,,,,,,,,,,,,,420.0,99.19196300413503,99.91842121986922,98.06289108124705,98.85061645507812,637700.0,0.0,0.0,0.0,VDE
846,,2022-09-02,,,,,,,,,,,,,,,,,1840.0,25.510000228881836,26.280000686645508,23.190000534057617,25.469999313354492,0.0,0.0,0.0,,^VIX
847,,2022-09-06,,,,,,,,,,,,,,,,,421.0,99.57706632177508,99.94467594180549,97.43270914675772,97.75655364990234,594500.0,0.0,0.0,0.0,VDE
848,,2022-09-06,,,,,,,,,,,,,,,,,1841.0,25.459999084472656,27.799999237060547,25.329999923706055,26.90999984741211,0.0,0.0,0.0,,^VIX
849,,2022-09-07,,,,,,,,,,,,,,,,,422.0,95.61220199338874,96.98634270088208,94.75446168501767,96.6099853515625,957300.0,0.0,0.0,0.0,VDE
850,,2022-09-07,,,,,,,,,,,,,,,,,1842.0,26.93000030517578,27.149999618530273,24.540000915527344,24.63999938964844,0.0,0.0,0.0,,^VIX
851,,2022-09-08,,,,,,,,,,,,,,,,,423.0,97.05636733866596,97.6340349211994,96.02357318491676,97.17890167236328,697900.0,0.0,0.0,0.0,VDE
852,,2022-09-08,,,,,,,,,,,,,,,,,1843.0,24.700000762939453,25.899999618530273,23.559999465942383,23.61000061035156,0.0,0.0,0.0,,^VIX
853,,2022-09-09,,,,,,,,,,,,,,,,,424.0,99.01691097261148,100.11972651559216,98.30796146236224,99.65584564208984,531800.0,0.0,0.0,0.0,VDE
854,,2022-09-09,,,,,,,,,,,,,,,,,1844.0,23.489999771118164,23.56999969482422,22.63999938964844,22.790000915527344,0.0,0.0,0.0,,^VIX
855,,2022-09-12,,,,,,,,,,,,,,,,,425.0,100.9774598870132,102.3866110370478,100.10221105730815,101.38007354736328,1000900.0,0.0,0.0,0.0,VDE
856,,2022-09-12,,,,,,,,,,,,,,,,,1845.0,23.579999923706055,24.229999542236328,23.15999984741211,23.8700008392334,0.0,0.0,0.0,,^VIX
857,,2022-09-13,,,,,,,,,,,,,,,,,426.0,100.2510171155554,101.48511468215844,98.42174330884042,98.8243637084961,1033500.0,0.0,0.0,0.0,VDE
858,,2022-09-13,,,,,,,,,,,,,,,,,1846.0,23.670000076293945,28.149999618530273,23.530000686645508,27.270000457763672,0.0,0.0,0.0,,^VIX
859,,2022-09-14,,,,,,,,,,,,,,,,,427.0,99.87466885148706,102.70171952149131,99.87466885148706,101.89649200439452,769000.0,0.0,0.0,0.0,VDE
860,,2022-09-14,,,,,,,,,,,,,,,,,1847.0,26.729999542236328,27.559999465942383,26.15999984741211,26.15999984741211,0.0,0.0,0.0,,^VIX
861,,2022-09-15,,,,,,,,,,,,,,,,,428.0,100.00595351848791,100.53110158773596,98.79810561383545,99.2794952392578,458900.0,0.0,0.0,0.0,VDE
862,,2022-09-15,,,,,,,,,,,,,,,,,1848.0,26.100000381469727,26.93000030517578,25.420000076293945,26.270000457763672,0.0,0.0,0.0,,^VIX
863,,2022-09-16,,,,,,,,,,,,,,,,,429.0,98.96440401615496,98.96440401615496,95.4809100631674,96.9600830078125,1049100.0,0.0,0.0,0.0,VDE
864,,2022-09-16,,,,,,,,,,,,,,,,,1849.0,27.469999313354492,28.450000762939453,26.13999938964844,26.299999237060547,0.0,0.0,0.0,,^VIX
865,,2022-09-19,,,,,,,,,,,,,,,,,430.0,94.31684374578953,97.19641405130058,94.08052275217818,97.15264892578124,658700.0,0.0,0.0,0.0,VDE
866,,2022-09-19,,,,,,,,,,,,,,,,,1850.0,27.690000534057617,27.950000762939453,25.559999465942383,25.760000228881836,0.0,0.0,0.0,,^VIX
867,,2022-09-20,,,,,,,,,,,,,,,,,431.0,96.46118131568991,96.90756012834748,95.18331871177034,96.4086685180664,631600.0,0.0,0.0,0.0,VDE
868,,2022-09-20,,,,,,,,,,,,,,,,,1851.0,25.649999618530273,27.809999465942383,25.61000061035156,27.15999984741211,0.0,0.0,0.0,,^VIX
869,,2022-09-21,,,,,,,,,,,,,,,,,432.0,97.95787651812414,98.34298825443676,94.87700266048512,94.92076110839844,653400.0,0.0,0.0,0.0,VDE
870,,2022-09-21,,,,,,,,,,,,,,,,,1852.0,28.030000686645508,30.18000030517578,25.549999237060547,27.989999771118164,0.0,0.0,0.0,,^VIX
871,,2022-09-22,,,,,,,,,,,,,,,,,433.0,96.3824257173456,96.89881944048338,94.29932874946331,94.34309387207033,738600.0,0.0,0.0,0.0,VDE
872,,2022-09-22,,,,,,,,,,,,,,,,,1853.0,28.15999984741211,28.3799991607666,26.709999084472656,27.350000381469727,0.0,0.0,0.0,,^VIX
873,,2022-09-23,,,,,,,,,,,,,,,,,434.0,90.66705462037828,90.82459973166318,86.99976528830197,87.78749084472656,1130800.0,0.0,0.0,0.0,VDE
874,,2022-09-23,,,,,,,,,,,,,,,,,1854.0,27.68000030517578,32.310001373291016,27.579999923706055,29.920000076293945,0.0,0.0,0.0,,^VIX
875,,2022-09-26,,,,,,,,,,,,,,,,,435.0,87.06975131262938,88.33010501128653,85.4242793374658,85.49430084228516,1111600.0,0.0,0.0,0.0,VDE
876,,2022-09-26,,,,,,,,,,,,,,,,,1855.0,31.739999771118164,32.880001068115234,29.829999923706055,32.2599983215332,0.0,0.0,0.0,,^VIX
877,,2022-09-27,,,,,,,,,,,,,,,,,436.0,86.9647402138845,88.20759217753127,86.0894912235496,86.61463928222656,1829900.0,0.0,0.0,0.0,VDE
878,,2022-09-27,,,,,,,,,,,,,,,,,1856.0,31.200000762939453,34.13999938964844,30.299999237060547,32.599998474121094,0.0,0.0,0.0,,^VIX
879,,2022-09-28,,,,,,,,,,,,,,,,,437.0,87.25014381248498,91.07021591216412,87.00197301651701,90.68909454345705,982600.0,1.237,0.0,0.0,VDE
880,,2022-09-28,,,,,,,,,,,,,,,,,1857.0,34.5,34.880001068115234,30.030000686645508,30.18000030517578,0.0,0.0,0.0,,^VIX
881,,2022-09-29,,,,,,,,,,,,,,,,,438.0,89.92686026371098,90.76001095323058,88.21624653102248,90.52069854736328,1184600.0,0.0,0.0,0.0,VDE
882,,2022-09-29,,,,,,,,,,,,,,,,,1858.0,31.670000076293945,33.459999084472656,31.15999984741211,31.84000015258789,0.0,0.0,0.0,,^VIX
883,,2022-09-30,,,,,,,,,,,,,,,,,439.0,89.86481386525959,91.24748366580404,89.02280479690698,90.03321838378906,907100.0,0.0,0.0,0.0,VDE
884,,2022-09-30,,,,,,,,,,,,,,,,,1859.0,31.61000061035156,33.25,29.38999938964844,31.6200008392334,0.0,0.0,0.0,,^VIX
885,21.0,2022-10-01,196.905,168.743,5.0,379.436,333.796,197.549,254.03,57.313,140.74,406.555,252.599,258.277,265.061,33.6,299.315,298.012,,,,,,,,,,
886,,2022-10-03,,,,,,,,,,,,,,,,,440.0,93.44557640444587,95.51958101362304,93.06445503239875,94.95233154296876,1559400.0,0.0,0.0,0.0,VDE
887,,2022-10-03,,,,,,,,,,,,,,,,,1860.0,33.0,33.060001373291016,29.6299991607666,30.100000381469727,0.0,0.0,0.0,,^VIX
888,,2022-10-04,,,,,,,,,,,,,,,,,441.0,97.04405436033966,99.10033512473076,96.29954205905923,99.02056884765624,1072100.0,0.0,0.0,0.0,VDE
889,,2022-10-04,,,,,,,,,,,,,,,,,1861.0,29.520000457763672,29.6200008392334,28.559999465942383,29.06999969482422,0.0,0.0,0.0,,^VIX
890,,2022-10-05,,,,,,,,,,,,,,,,,442.0,99.05601655703812,101.78590158570282,97.99241892784327,101.07684326171876,1759100.0,0.0,0.0,0.0,VDE
891,,2022-10-05,,,,,,,,,,,,,,,,,1862.0,29.36000061035156,30.11000061035156,28.5,28.549999237060547,0.0,0.0,0.0,,^VIX
892,,2022-10-06,,,,,,,,,,,,,,,,,443.0,100.31460432320029,103.06221979850932,100.31460432320029,102.7431411743164,2047600.0,0.0,0.0,0.0,VDE
893,,2022-10-06,,,,,,,,,,,,,,,,,1863.0,28.600000381469727,30.739999771118164,28.559999465942383,30.520000457763672,0.0,0.0,0.0,,^VIX
894,,2022-10-07,,,,,,,,,,,,,,,,,444.0,102.92041711298764,104.07263953763396,101.16548457285111,101.91000366210938,1295000.0,0.0,0.0,0.0,VDE
895,,2022-10-07,,,,,,,,,,,,,,,,,1864.0,30.3700008392334,32.02000045776367,29.8799991607666,31.36000061035156,0.0,0.0,0.0,,^VIX
896,,2022-10-10,,,,,,,,,,,,,,,,,445.0,102.1493081686615,103.18631036836966,99.48145883415276,99.81826782226562,711700.0,0.0,0.0,0.0,VDE
897,,2022-10-10,,,,,,,,,,,,,,,,,1865.0,32.93000030517578,33.9900016784668,32.04999923706055,32.45000076293945,0.0,0.0,0.0,,^VIX
898,,2022-10-11,,,,,,,,,,,,,,,,,446.0,98.01016234800936,100.8109556113214,97.51381401665093,99.0737533569336,712600.0,0.0,0.0,0.0,VDE
899,,2022-10-11,,,,,,,,,,,,,,,,,1866.0,33.560001373291016,34.43000030517578,32.45000076293945,33.630001068115234,0.0,0.0,0.0,,^VIX
900,,2022-10-12,,,,,,,,,,,,,,,,,447.0,98.48876740689867,100.50072894278232,97.70879445803264,99.8625717163086,499100.0,0.0,0.0,0.0,VDE
901,,2022-10-12,,,,,,,,,,,,,,,,,1867.0,33.540000915527344,34.529998779296875,33.11000061035156,33.56999969482422,0.0,0.0,0.0,,^VIX
902,,2022-10-13,,,,,,,,,,,,,,,,,448.0,98.2849266445276,104.23218763679166,98.2849266445276,103.87765502929688,828200.0,0.0,0.0,0.0,VDE
903,,2022-10-13,,,,,,,,,,,,,,,,,1868.0,33.599998474121094,33.869998931884766,31.6299991607666,31.940000534057617,0.0,0.0,0.0,,^VIX
904,,2022-10-14,,,,,,,,,,,,,,,,,449.0,102.94701154294644,104.18787225195544,99.80940921556603,99.97781372070312,574900.0,0.0,0.0,0.0,VDE
905,,2022-10-14,,,,,,,,,,,,,,,,,1869.0,31.88999938964844,32.97999954223633,31.13999938964844,32.02000045776367,0.0,0.0,0.0,,^VIX
906,,2022-10-17,,,,,,,,,,,,,,,,,450.0,101.65297179983202,102.87610214161757,100.97936055144515,101.30730438232422,513800.0,0.0,0.0,0.0,VDE
907,,2022-10-17,,,,,,,,,,,,,,,,,1870.0,32.27000045776367,32.59000015258789,30.700000762939453,31.3700008392334,0.0,0.0,0.0,,^VIX
908,,2022-10-18,,,,,,,,,,,,,,,,,451.0,102.2556768278903,103.1685937023074,100.234843050112,102.11386108398438,583800.0,0.0,0.0,0.0,VDE
909,,2022-10-18,,,,,,,,,,,,,,,,,1871.0,31.100000381469727,31.93000030517578,30.420000076293945,30.5,0.0,0.0,0.0,,^VIX
910,,2022-10-19,,,,,,,,,,,,,,,,,452.0,102.2202113555693,105.38440209128804,102.2202113555693,104.96782684326172,496500.0,0.0,0.0,0.0,VDE
911,,2022-10-19,,,,,,,,,,,,,,,,,1872.0,30.940000534057617,31.899999618530273,30.760000228881836,30.760000228881836,0.0,0.0,0.0,,^VIX
912,,2022-10-20,,,,,,,,,,,,,,,,,453.0,105.72120366057952,106.87343277527432,104.49807344451044,105.02100372314452,768400.0,0.0,0.0,0.0,VDE
913,,2022-10-20,,,,,,,,,,,,,,,,,1873.0,31.299999237060547,31.31999969482422,29.760000228881836,29.979999542236328,0.0,0.0,0.0,,^VIX
914,,2022-10-21,,,,,,,,,,,,,,,,,454.0,105.47304452020268,107.9902130931737,105.33122877753834,107.85726928710938,818000.0,0.0,0.0,0.0,VDE
915,,2022-10-21,,,,,,,,,,,,,,,,,1874.0,30.209999084472656,30.440000534057617,29.239999771118164,29.690000534057617,0.0,0.0,0.0,,^VIX
916,,2022-10-24,,,,,,,,,,,,,,,,,455.0,107.78636636175852,108.94745406897768,107.24570565179836,108.1497573852539,720500.0,0.0,0.0,0.0,VDE
917,,2022-10-24,,,,,,,,,,,,,,,,,1875.0,30.649999618530273,30.950000762939453,29.780000686645508,29.850000381469727,0.0,0.0,0.0,,^VIX
918,,2022-10-25,,,,,,,,,,,,,,,,,456.0,107.8750053658785,108.83224145327114,107.24571314976322,108.27385711669922,440900.0,0.0,0.0,0.0,VDE
919,,2022-10-25,,,,,,,,,,,,,,,,,1876.0,29.799999237060547,30.0,28.219999313354492,28.459999084472656,0.0,0.0,0.0,,^VIX
920,,2022-10-26,,,,,,,,,,,,,,,,,457.0,108.70816011068376,110.74671100768764,108.70816011068376,109.85152435302734,1133400.0,0.0,0.0,0.0,VDE
921,,2022-10-26,,,,,,,,,,,,,,,,,1877.0,28.440000534057617,28.520000457763672,27.270000457763672,27.280000686645508,0.0,0.0,0.0,,^VIX
922,,2022-10-27,,,,,,,,,,,,,,,,,458.0,111.26076508524832,112.16482353221568,109.94013811232968,110.19717407226562,637900.0,0.0,0.0,0.0,VDE
923,,2022-10-27,,,,,,,,,,,,,,,,,1878.0,27.510000228881836,27.670000076293945,26.940000534057617,27.38999938964844,0.0,0.0,0.0,,^VIX
924,,2022-10-28,,,,,,,,,,,,,,,,,459.0,111.53552842761252,112.2800475717555,108.63723842320388,110.68465423583984,699500.0,0.0,0.0,0.0,VDE
925,,2022-10-28,,,,,,,,,,,,,,,,,1879.0,27.43000030517578,27.59000015258789,25.75,25.75,0.0,0.0,0.0,,^VIX
926,,2022-10-31,,,,,,,,,,,,,,,,,460.0,109.44379436161418,113.13091566038445,109.44379436161418,111.65961456298828,1415800.0,0.0,0.0,0.0,VDE
927,,2022-10-31,,,,,,,,,,,,,,,,,1880.0,26.90999984741211,27.06999969482422,25.84000015258789,25.8799991607666,0.0,0.0,0.0,,^VIX
928,22.0,2022-11-01,197.51,169.327,5.0,382.562,330.369,195.947,252.905,57.591,140.785,408.861,264.353,258.677,263.157,33.6,299.6,297.711,461.0,113.45885305680918,113.45885305680918,112.0673249988775,112.69661712646484,1076000.0,0.0,0.0,0.0,VDE
929,22.0,2022-11-01,197.51,169.327,5.0,382.562,330.369,195.947,252.905,57.591,140.785,408.861,264.353,258.677,263.157,33.6,299.6,297.711,1881.0,25.959999084472656,26.350000381469727,25.65999984741211,25.809999465942383,0.0,0.0,0.0,,^VIX
930,,2022-11-02,,,,,,,,,,,,,,,,,462.0,112.38642045662448,113.13093291198828,109.96674145239687,110.2503662109375,916800.0,0.0,0.0,0.0,VDE
931,,2022-11-02,,,,,,,,,,,,,,,,,1882.0,26.040000915527344,26.6200008392334,25.38999938964844,25.86000061035156,0.0,0.0,0.0,,^VIX
932,,2022-11-03,,,,,,,,,,,,,,,,,463.0,109.55900190569332,113.051136303032,109.27537722320844,112.36865997314452,814700.0,0.0,0.0,0.0,VDE
933,,2022-11-03,,,,,,,,,,,,,,,,,1883.0,25.979999542236328,26.8700008392334,25.100000381469727,25.299999237060547,0.0,0.0,0.0,,^VIX
934,,2022-11-04,,,,,,,,,,,,,,,,,464.0,114.54017482718857,115.74558156575397,112.00528272107096,113.65384674072266,998300.0,0.0,0.0,0.0,VDE
935,,2022-11-04,,,,,,,,,,,,,,,,,1884.0,25.6299991607666,25.709999084472656,24.0,24.549999237060547,0.0,0.0,0.0,,^VIX
936,,2022-11-07,,,,,,,,,,,,,,,,,465.0,114.15908292119376,116.1976406299161,113.89318173756982,115.91400909423828,801400.0,0.0,0.0,0.0,VDE
937,,2022-11-07,,,,,,,,,,,,,,,,,1885.0,25.670000076293945,25.670000076293945,24.34000015258789,24.350000381469727,0.0,0.0,0.0,,^VIX
938,,2022-11-08,,,,,,,,,,,,,,,,,466.0,115.7101414642967,116.39261791938527,114.44268519056077,115.9228515625,716300.0,0.0,0.0,0.0,VDE
939,,2022-11-08,,,,,,,,,,,,,,,,,1886.0,24.709999084472656,26.15999984741211,24.239999771118164,25.540000915527344,0.0,0.0,0.0,,^VIX
940,,2022-11-09,,,,,,,,,,,,,,,,,467.0,114.70859781880466,114.70859781880466,109.67425320564398,109.99333190917967,937900.0,0.0,0.0,0.0,VDE
941,,2022-11-09,,,,,,,,,,,,,,,,,1887.0,25.34000015258789,26.350000381469727,25.020000457763672,26.09000015258789,0.0,0.0,0.0,,^VIX
942,,2022-11-10,,,,,,,,,,,,,,,,,468.0,112.37754682691926,112.72321426406904,110.05536464208878,112.5636749267578,615900.0,0.0,0.0,0.0,VDE
943,,2022-11-10,,,,,,,,,,,,,,,,,1888.0,26.510000228881836,26.59000015258789,22.84000015258789,23.530000686645508,0.0,0.0,0.0,,^VIX
944,,2022-11-11,,,,,,,,,,,,,,,,,469.0,114.66426099165564,116.33942054540232,114.41609020771492,115.86080932617188,919100.0,0.0,0.0,0.0,VDE
945,,2022-11-11,,,,,,,,,,,,,,,,,1889.0,23.88999938964844,23.90999984741211,22.3700008392334,22.520000457763672,0.0,0.0,0.0,,^VIX
946,,2022-11-14,,,,,,,,,,,,,,,,,470.0,115.6037842785744,117.55371719947917,115.22266963222197,115.47084045410156,598900.0,0.0,0.0,0.0,VDE
947,,2022-11-14,,,,,,,,,,,,,,,,,1890.0,23.989999771118164,24.329999923706055,22.86000061035156,23.729999542236328,0.0,0.0,0.0,,^VIX
948,,2022-11-15,,,,,,,,,,,,,,,,,471.0,116.09125833530304,117.11054383146788,115.32015716570184,116.8889617919922,551300.0,0.0,0.0,0.0,VDE
949,,2022-11-15,,,,,,,,,,,,,,,,,1891.0,23.770000457763672,26.219999313354492,23.18000030517578,24.540000915527344,0.0,0.0,0.0,,^VIX
950,,2022-11-16,,,,,,,,,,,,,,,,,472.0,115.91399569694018,116.33942942698944,113.83999104811885,114.51359558105467,539100.0,0.0,0.0,0.0,VDE
951,,2022-11-16,,,,,,,,,,,,,,,,,1892.0,24.290000915527344,24.719999313354492,23.989999771118164,24.11000061035156,0.0,0.0,0.0,,^VIX
952,,2022-11-17,,,,,,,,,,,,,,,,,473.0,112.79411611835673,114.70858130175677,112.15595880317444,114.60222625732422,439700.0,0.0,0.0,0.0,VDE
953,,2022-11-17,,,,,,,,,,,,,,,,,1893.0,24.049999237060547,25.18000030517578,23.809999465942383,23.93000030517578,0.0,0.0,0.0,,^VIX
954,,2022-11-18,,,,,,,,,,,,,,,,,474.0,112.45730553689,114.0083864553238,111.03918194642824,113.67157745361328,520600.0,0.0,0.0,0.0,VDE
955,,2022-11-18,,,,,,,,,,,,,,,,,1894.0,24.030000686645508,24.1200008392334,22.979999542236328,23.1200008392334,0.0,0.0,0.0,,^VIX
956,,2022-11-21,,,,,,,,,,,,,,,,,475.0,111.19871771479852,112.41298959266696,108.38019421050512,111.9609603881836,1051900.0,0.0,0.0,0.0,VDE
957,,2022-11-21,,,,,,,,,,,,,,,,,1895.0,24.049999237060547,24.1200008392334,22.299999237060547,22.36000061035156,0.0,0.0,0.0,,^VIX
958,,2022-11-22,,,,,,,,,,,,,,,,,476.0,113.6361312279676,115.96716492575617,113.08659861149708,115.718994140625,659900.0,0.0,0.0,0.0,VDE
959,,2022-11-22,,,,,,,,,,,,,,,,,1896.0,22.59000015258789,22.709999084472656,21.280000686645508,21.290000915527344,0.0,0.0,0.0,,^VIX
960,,2022-11-23,,,,,,,,,,,,,,,,,477.0,114.01725586796802,115.22266272669602,113.21955915819989,114.30974578857422,433200.0,0.0,0.0,0.0,VDE
961,,2022-11-23,,,,,,,,,,,,,,,,,1897.0,21.489999771118164,21.780000686645508,20.31999969482422,20.350000381469727,0.0,0.0,0.0,,^VIX
962,,2022-11-25,,,,,,,,,,,,,,,,,478.0,114.61108699148164,115.3024218428858,113.88430496597968,114.12360382080078,278700.0,0.0,0.0,0.0,VDE
963,,2022-11-25,,,,,,,,,,,,,,,,,1898.0,20.61000061035156,21.11000061035156,20.459999084472656,20.5,0.0,0.0,0.0,,^VIX
964,,2022-11-28,,,,,,,,,,,,,,,,,479.0,111.1987176795614,112.60798281233475,110.53397163406272,110.89736938476562,650300.0,0.0,0.0,0.0,VDE
965,,2022-11-28,,,,,,,,,,,,,,,,,1899.0,22.09000015258789,22.5,21.649999618530273,22.209999084472656,0.0,0.0,0.0,,^VIX
966,,2022-11-29,,,,,,,,,,,,,,,,,480.0,112.0939008294152,113.21953438984464,111.633006492533,112.38639068603516,403500.0,0.0,0.0,0.0,VDE
967,,2022-11-29,,,,,,,,,,,,,,,,,1900.0,22.09000015258789,22.56999969482422,21.829999923706055,21.88999938964844,0.0,0.0,0.0,,^VIX
968,,2022-11-30,,,,,,,,,,,,,,,,,481.0,113.38795619347076,113.96407082151916,111.30508647250834,113.12205505371094,598400.0,0.0,0.0,0.0,VDE
969,,2022-11-30,,,,,,,,,,,,,,,,,1901.0,21.700000762939453,22.6299991607666,20.309999465942383,20.579999923706055,0.0,0.0,0.0,,^VIX
970,23.0,2022-12-01,196.307,169.744,4.3,385.649,326.449,200.778,245.115,57.607,139.78,410.307,258.453,259.645,257.897,33.7,300.113,296.797,482.0,113.91975619847182,114.46041691170728,112.28891564599884,112.49276733398438,597900.0,0.0,0.0,0.0,VDE
971,23.0,2022-12-01,196.307,169.744,4.3,385.649,326.449,200.778,245.115,57.607,139.78,410.307,258.453,259.645,257.897,33.7,300.113,296.797,1902.0,20.829999923706055,21.059999465942383,19.799999237060547,19.84000015258789,0.0,0.0,0.0,,^VIX
972,,2022-12-02,,,,,,,,,,,,,,,,,483.0,111.73937851022716,113.10432453721816,111.3316684131488,111.92550659179688,576500.0,0.0,0.0,0.0,VDE
973,,2022-12-02,,,,,,,,,,,,,,,,,1903.0,20.420000076293945,20.959999084472656,18.950000762939453,19.059999465942383,0.0,0.0,0.0,,^VIX
974,,2022-12-05,,,,,,,,,,,,,,,,,484.0,113.04230010200332,113.45001026493524,107.52047240829476,108.30044555664062,1155100.0,0.0,0.0,0.0,VDE
975,,2022-12-05,,,,,,,,,,,,,,,,,1904.0,20.299999237060547,21.290000915527344,19.780000686645508,20.75,0.0,0.0,0.0,,^VIX
976,,2022-12-06,,,,,,,,,,,,,,,,,485.0,107.4850081720018,109.00063520838386,104.763981113203,105.39328002929688,820600.0,0.0,0.0,0.0,VDE
977,,2022-12-06,,,,,,,,,,,,,,,,,1905.0,20.690000534057617,22.600000381469727,20.3799991607666,22.170000076293945,0.0,0.0,0.0,,^VIX
978,,2022-12-07,,,,,,,,,,,,,,,,,486.0,105.251466091273,106.81140550316375,104.2321873830123,105.10079193115234,893100.0,0.0,0.0,0.0,VDE
979,,2022-12-07,,,,,,,,,,,,,,,,,1906.0,22.31999969482422,23.010000228881836,22.18000030517578,22.68000030517578,0.0,0.0,0.0,,^VIX
980,,2022-12-08,,,,,,,,,,,,,,,,,487.0,107.272281351673,107.78635323660164,103.92196245014892,104.4803466796875,569300.0,0.0,0.0,0.0,VDE
981,,2022-12-08,,,,,,,,,,,,,,,,,1907.0,22.809999465942383,23.280000686645508,22.059999465942383,22.290000915527344,0.0,0.0,0.0,,^VIX
982,,2022-12-09,,,,,,,,,,,,,,,,,488.0,104.28536057412964,105.36667510419808,102.06067529730156,102.16703033447266,560700.0,0.0,0.0,0.0,VDE
983,,2022-12-09,,,,,,,,,,,,,,,,,1908.0,22.549999237060547,23.209999084472656,22.18000030517578,22.829999923706055,0.0,0.0,0.0,,^VIX
984,,2022-12-12,,,,,,,,,,,,,,,,,489.0,102.63679509706516,105.10078609500368,102.37089396631994,104.80829620361328,543500.0,0.0,0.0,0.0,VDE
985,,2022-12-12,,,,,,,,,,,,,,,,,1909.0,24.399999618530273,25.049999237060547,24.18000030517578,25.0,0.0,0.0,0.0,,^VIX
986,,2022-12-13,,,,,,,,,,,,,,,,,490.0,107.14821158886598,107.80409253917456,106.02257779189796,106.78482055664062,692400.0,0.0,0.0,0.0,VDE
987,,2022-12-13,,,,,,,,,,,,,,,,,1910.0,25.239999771118164,25.84000015258789,21.459999084472656,22.549999237060547,0.0,0.0,0.0,,^VIX
988,,2022-12-14,,,,,,,,,,,,,,,,,491.0,107.4850022380964,107.96362020808668,105.23373488753904,106.16437530517578,469400.0,0.0,0.0,0.0,VDE
989,,2022-12-14,,,,,,,,,,,,,,,,,1911.0,22.829999923706055,23.469999313354492,21.06999969482422,21.13999938964844,0.0,0.0,0.0,,^VIX
990,,2022-12-15,,,,,,,,,,,,,,,,,492.0,104.9101581706468,105.82460709073187,103.76262032885498,105.62737274169922,399600.0,1.361,0.0,0.0,VDE
991,,2022-12-15,,,,,,,,,,,,,,,,,1912.0,21.520000457763672,23.670000076293945,21.25,22.829999923706055,0.0,0.0,0.0,,^VIX
992,,2022-12-16,,,,,,,,,,,,,,,,,493.0,103.58331310773032,104.5963722940224,102.82127695238748,104.25569915771484,353800.0,0.0,0.0,0.0,VDE
993,,2022-12-16,,,,,,,,,,,,,,,,,1913.0,23.260000228881836,23.829999923706055,22.09000015258789,22.6200008392334,0.0,0.0,0.0,,^VIX
994,,2022-12-19,,,,,,,,,,,,,,,,,494.0,104.91912760521404,105.58254665252036,103.26057656701563,104.04950714111328,375800.0,0.0,0.0,0.0,VDE
995,,2022-12-19,,,,,,,,,,,,,,,,,1914.0,22.6299991607666,22.86000061035156,21.61000061035156,22.420000076293945,0.0,0.0,0.0,,^VIX
996,,2022-12-20,,,,,,,,,,,,,,,,,495.0,104.13018466833378,106.21906557886244,103.92398327602044,105.6363296508789,635600.0,0.0,0.0,0.0,VDE
997,,2022-12-20,,,,,,,,,,,,,,,,,1915.0,23.170000076293945,23.38999938964844,21.350000381469727,21.479999542236328,0.0,0.0,0.0,,^VIX
998,,2022-12-21,,,,,,,,,,,,,,,,,496.0,107.44730236888763,108.1196884999068,106.15632564843936,107.75212097167967,580400.0,0.0,0.0,0.0,VDE
999,,2022-12-21,,,,,,,,,,,,,,,,,1916.0,21.25,21.290000915527344,19.940000534057617,20.06999969482422,0.0,0.0,0.0,,^VIX
1000,,2022-12-22,,,,,,,,,,,,,,,,,497.0,107.6355695073683,107.82383680299446,102.96472801150372,105.06257629394533,564800.0,0.0,0.0,0.0,VDE
1001,,2022-12-22,,,,,,,,,,,,,,,,,1917.0,20.079999923706055,24.299999237060547,20.010000228881836,21.969999313354492,0.0,0.0,0.0,,^VIX
1002,,2022-12-23,,,,,,,,,,,,,,,,,498.0,105.92323027703084,108.52312469482422,105.92323027703084,108.52312469482422,551000.0,0.0,0.0,0.0,VDE
1003,,2022-12-23,,,,,,,,,,,,,,,,,1918.0,22.170000076293945,22.63999938964844,20.780000686645508,20.8700008392334,0.0,0.0,0.0,,^VIX
1004,,2022-12-27,,,,,,,,,,,,,,,,,499.0,109.10583868982692,109.92167036817511,108.52310959370904,109.61685180664062,519000.0,0.0,0.0,0.0,VDE
1005,,2022-12-27,,,,,,,,,,,,,,,,,1919.0,21.670000076293945,22.799999237060547,21.59000015258789,21.649999618530273,0.0,0.0,0.0,,^VIX
1006,,2022-12-28,,,,,,,,,,,,,,,,,500.0,109.3568657953208,109.36582601759224,106.4342259667169,106.81076049804688,496200.0,0.0,0.0,0.0,VDE
1007,,2022-12-28,,,,,,,,,,,,,,,,,1920.0,21.469999313354492,22.260000228881836,20.959999084472656,22.13999938964844,0.0,0.0,0.0,,^VIX
1008,,2022-12-29,,,,,,,,,,,,,,,,,501.0,106.19217305133544,108.46932141538387,106.19217305133544,108.04795837402344,442800.0,0.0,0.0,0.0,VDE
1009,,2022-12-29,,,,,,,,,,,,,,,,,1921.0,22.25,22.309999465942383,21.36000061035156,21.440000534057617,0.0,0.0,0.0,,^VIX
1010,,2022-12-30,,,,,,,,,,,,,,,,,502.0,107.37557741263254,108.88172258986955,107.37557741263254,108.72931671142578,466000.0,0.0,0.0,0.0,VDE
1011,,2022-12-30,,,,,,,,,,,,,,,,,1922.0,21.829999923706055,22.399999618530273,21.59000015258789,21.670000076293945,0.0,0.0,0.0,,^VIX
1012,24.0,2023-01-01,191.078,171.875,3.9,388.372,327.338,187.156,249.178,57.231,140.713,410.561,268.947,261.265,260.227,33.4,301.962,299.17,,,,,,,,,,
1013,,2023-01-03,,,,,,,,,,,,,,,,,503.0,107.91347718872926,108.40655617112374,103.22470228570256,104.41706848144533,1032400.0,0.0,0.0,0.0,VDE
1014,,2023-01-03,,,,,,,,,,,,,,,,,1923.0,23.09000015258789,23.760000228881836,22.729999542236328,22.899999618530273,0.0,0.0,0.0,,^VIX
1015,,2023-01-04,,,,,,,,,,,,,,,,,504.0,102.70471786810955,105.14323885210614,102.61506776955228,104.60533142089844,555300.0,0.0,0.0,0.0,VDE
1016,,2023-01-04,,,,,,,,,,,,,,,,,1924.0,22.93000030517578,23.270000457763672,21.940000534057617,22.010000228881836,0.0,0.0,0.0,,^VIX
1017,,2023-01-05,,,,,,,,,,,,,,,,,505.0,104.45293918196096,106.86455929480172,104.21984342344312,106.35354614257812,439500.0,0.0,0.0,0.0,VDE
1018,,2023-01-05,,,,,,,,,,,,,,,,,1925.0,22.200000762939453,22.920000076293945,21.969999313354492,22.459999084472656,0.0,0.0,0.0,,^VIX
1019,,2023-01-06,,,,,,,,,,,,,,,,,506.0,107.581741209469,109.51821583437363,107.40244104339838,108.15550994873048,516800.0,0.0,0.0,0.0,VDE
1020,,2023-01-06,,,,,,,,,,,,,,,,,1926.0,22.690000534057617,22.899999618530273,21.0,21.1299991607666,0.0,0.0,0.0,,^VIX
1021,,2023-01-09,,,,,,,,,,,,,,,,,507.0,110.05615087327746,110.1637282640516,107.7610684987028,107.96726989746094,486900.0,0.0,0.0,0.0,VDE
1022,,2023-01-09,,,,,,,,,,,,,,,,,1927.0,21.75,21.979999542236328,21.270000457763672,21.969999313354492,0.0,0.0,0.0,,^VIX
1023,,2023-01-10,,,,,,,,,,,,,,,,,508.0,108.5051851315204,108.98930394422344,107.11559129567128,108.8637924194336,268400.0,0.0,0.0,0.0,VDE
1024,,2023-01-10,,,,,,,,,,,,,,,,,1928.0,22.219999313354492,22.459999084472656,20.579999923706055,20.579999923706055,0.0,0.0,0.0,,^VIX
1025,,2023-01-11,,,,,,,,,,,,,,,,,509.0,109.82306958001638,110.00236981481304,108.06590128751998,109.2403335571289,831000.0,0.0,0.0,0.0,VDE
1026,,2023-01-11,,,,,,,,,,,,,,,,,1929.0,20.799999237060547,21.25,20.6200008392334,21.09000015258789,0.0,0.0,0.0,,^VIX
1027,,2023-01-12,,,,,,,,,,,,,,,,,510.0,109.8230460801915,112.19881130214397,109.80511879649411,111.43677520751952,643500.0,0.0,0.0,0.0,VDE
1028,,2023-01-12,,,,,,,,,,,,,,,,,1930.0,21.559999465942383,21.799999237060547,18.829999923706055,18.829999923706055,0.0,0.0,0.0,,^VIX
1029,,2023-01-13,,,,,,,,,,,,,,,,,511.0,111.40092325718834,111.99261942752888,110.14580125603632,111.67884063720705,401400.0,0.0,0.0,0.0,VDE
1030,,2023-01-13,,,,,,,,,,,,,,,,,1931.0,19.0,19.40999984741211,18.010000228881836,18.350000381469727,0.0,0.0,0.0,,^VIX
1031,,2023-01-17,,,,,,,,,,,,,,,,,512.0,112.07331149336244,113.0236149453776,111.4098856496304,111.7953872680664,445900.0,0.0,0.0,0.0,VDE
1032,,2023-01-17,,,,,,,,,,,,,,,,,1932.0,19.88999938964844,20.219999313354492,19.209999084472656,19.36000061035156,0.0,0.0,0.0,,^VIX
1033,,2023-01-18,,,,,,,,,,,,,,,,,513.0,112.43192851930928,113.69601087744256,109.63479977726026,109.6975555419922,470700.0,0.0,0.0,0.0,VDE
1034,,2023-01-18,,,,,,,,,,,,,,,,,1933.0,19.280000686645508,20.579999923706055,18.709999084472656,20.34000015258789,0.0,0.0,0.0,,^VIX
1035,,2023-01-19,,,,,,,,,,,,,,,,,514.0,109.1417160859116,111.44575898023844,108.80104290475728,110.93474578857422,321900.0,0.0,0.0,0.0,VDE
1036,,2023-01-19,,,,,,,,,,,,,,,,,1934.0,20.43000030517578,21.709999084472656,20.170000076293945,20.520000457763672,0.0,0.0,0.0,,^VIX
1037,,2023-01-20,,,,,,,,,,,,,,,,,515.0,111.28436629745038,112.58431670525772,110.33406291232964,112.36914825439452,234800.0,0.0,0.0,0.0,VDE
1038,,2023-01-20,,,,,,,,,,,,,,,,,1935.0,20.280000686645508,20.700000762939453,19.40999984741211,19.850000381469727,0.0,0.0,0.0,,^VIX
1039,,2023-01-23,,,,,,,,,,,,,,,,,516.0,112.87121504144406,113.65117854237296,112.12710611354616,112.4498519897461,305900.0,0.0,0.0,0.0,VDE
1040,,2023-01-23,,,,,,,,,,,,,,,,,1936.0,20.209999084472656,20.329999923706055,19.549999237060547,19.809999465942383,0.0,0.0,0.0,,^VIX
1041,,2023-01-24,,,,,,,,,,,,,,,,,517.0,112.27054519149846,112.27054519149846,110.37889852114444,112.07331085205078,393400.0,0.0,0.0,0.0,VDE
1042,,2023-01-24,,,,,,,,,,,,,,,,,1937.0,19.88999938964844,20.469999313354492,18.90999984741211,19.200000762939453,0.0,0.0,0.0,,^VIX
1043,,2023-01-25,,,,,,,,,,,,,,,,,518.0,111.3022989284048,112.02847363069898,109.73339823786306,112.00157928466795,468900.0,0.0,0.0,0.0,VDE
1044,,2023-01-25,,,,,,,,,,,,,,,,,1938.0,19.559999465942383,20.899999618530273,18.989999771118164,19.079999923706055,0.0,0.0,0.0,,^VIX
1045,,2023-01-26,,,,,,,,,,,,,,,,,519.0,113.74083754732352,115.45317729486013,112.41399260568096,115.38145446777344,401200.0,0.0,0.0,0.0,VDE
1046,,2023-01-26,,,,,,,,,,,,,,,,,1939.0,19.049999237060547,19.479999542236328,18.670000076293945,18.729999542236328,0.0,0.0,0.0,,^VIX
1047,,2023-01-27,,,,,,,,,,,,,,,,,520.0,115.16628029249952,115.56073525552364,113.16704957293496,113.30152130126952,387900.0,0.0,0.0,0.0,VDE
1048,,2023-01-27,,,,,,,,,,,,,,,,,1940.0,18.899999618530273,19.0,17.969999313354492,18.510000228881836,0.0,0.0,0.0,,^VIX
1049,,2023-01-30,,,,,,,,,,,,,,,,,521.0,112.35122983704984,112.60225287633712,110.65681748199584,110.74646759033205,568900.0,0.0,0.0,0.0,VDE
1050,,2023-01-30,,,,,,,,,,,,,,,,,1941.0,19.760000228881836,20.25,19.540000915527344,19.940000534057617,0.0,0.0,0.0,,^VIX
1051,,2023-01-31,,,,,,,,,,,,,,,,,522.0,110.43269181810776,112.06434845806255,109.37480409506904,111.9567642211914,362700.0,0.0,0.0,0.0,VDE
1052,,2023-01-31,,,,,,,,,,,,,,,,,1942.0,20.1200008392334,20.700000762939453,19.1299991607666,19.399999618530273,0.0,0.0,0.0,,^VIX
1053,25.0,2023-02-01,193.339,172.326,4.2,391.141,330.532,194.459,249.308,57.227,140.956,411.202,255.659,262.909,258.669,33.2,304.011,300.84,523.0,111.48160780450252,111.86710942063162,108.24518900952376,109.90373992919922,709000.0,0.0,0.0,0.0,VDE
1054,25.0,2023-02-01,193.339,172.326,4.2,391.141,330.532,194.459,249.308,57.227,140.956,411.202,255.659,262.909,258.669,33.2,304.011,300.84,1943.0,19.6200008392334,20.040000915527344,17.700000762939453,17.8700008392334,0.0,0.0,0.0,,^VIX
1055,,2023-02-02,,,,,,,,,,,,,,,,,524.0,109.6168450677421,109.6168450677421,106.1652649758512,107.32176971435548,1257000.0,0.0,0.0,0.0,VDE
1056,,2023-02-02,,,,,,,,,,,,,,,,,1944.0,17.739999771118164,19.25,17.059999465942383,18.729999542236328,0.0,0.0,0.0,,^VIX
1057,,2023-02-03,,,,,,,,,,,,,,,,,525.0,107.7520979011186,109.61684317359088,106.9721276937825,107.0797119140625,490100.0,0.0,0.0,0.0,VDE
1058,,2023-02-03,,,,,,,,,,,,,,,,,1945.0,18.56999969482422,19.299999237060547,17.93000030517578,18.329999923706055,0.0,0.0,0.0,,^VIX
1059,,2023-02-06,,,,,,,,,,,,,,,,,526.0,107.15141275045136,107.87759416499186,105.31356208271605,106.50592803955078,335000.0,0.0,0.0,0.0,VDE
1060,,2023-02-06,,,,,,,,,,,,,,,,,1946.0,19.229999542236328,19.809999465942383,19.209999084472656,19.43000030517578,0.0,0.0,0.0,,^VIX
1061,,2023-02-07,,,,,,,,,,,,,,,,,527.0,107.2590245485224,110.02029163053454,106.59560554617512,109.8051300048828,431600.0,0.0,0.0,0.0,VDE
1062,,2023-02-07,,,,,,,,,,,,,,,,,1947.0,19.540000915527344,19.989999771118164,18.43000030517578,18.65999984741211,0.0,0.0,0.0,,^VIX
1063,,2023-02-08,,,,,,,,,,,,,,,,,528.0,109.7334106520398,110.44165815039234,108.25415989420809,108.94447326660156,274300.0,0.0,0.0,0.0,VDE
1064,,2023-02-08,,,,,,,,,,,,,,,,,1948.0,18.8799991607666,20.1200008392334,18.549999237060547,19.6299991607666,0.0,0.0,0.0,,^VIX
1065,,2023-02-09,,,,,,,,,,,,,,,,,529.0,109.06998751157904,109.25825478785244,107.8417598446168,107.91348266601562,322700.0,0.0,0.0,0.0,VDE
1066,,2023-02-09,,,,,,,,,,,,,,,,,1949.0,19.239999771118164,21.079999923706055,19.020000457763672,20.709999084472656,0.0,0.0,0.0,,^VIX
1067,,2023-02-10,,,,,,,,,,,,,,,,,530.0,109.5989360555897,112.3691635488288,109.5810087688432,112.17193603515624,398100.0,0.0,0.0,0.0,VDE
1068,,2023-02-10,,,,,,,,,,,,,,,,,1950.0,20.739999771118164,21.940000534057617,20.440000534057617,20.530000686645508,0.0,0.0,0.0,,^VIX
1069,,2023-02-13,,,,,,,,,,,,,,,,,531.0,111.5084948793908,112.22570936861996,110.39681857696348,111.72366333007812,418500.0,0.0,0.0,0.0,VDE
1070,,2023-02-13,,,,,,,,,,,,,,,,,1951.0,21.65999984741211,21.690000534057617,20.329999923706055,20.34000015258789,0.0,0.0,0.0,,^VIX
1071,,2023-02-14,,,,,,,,,,,,,,,,,532.0,111.02437940332864,112.64707569415307,110.59405616897656,111.91193389892578,203300.0,0.0,0.0,0.0,VDE
1072,,2023-02-14,,,,,,,,,,,,,,,,,1952.0,20.719999313354492,20.75,18.479999542236328,18.90999984741211,0.0,0.0,0.0,,^VIX
1073,,2023-02-15,,,,,,,,,,,,,,,,,533.0,110.70164482815038,110.70164482815038,108.72930826552611,110.25338745117188,314000.0,0.0,0.0,0.0,VDE
1074,,2023-02-15,,,,,,,,,,,,,,,,,1953.0,19.3700008392334,19.40999984741211,18.11000061035156,18.229999542236328,0.0,0.0,0.0,,^VIX
1075,,2023-02-16,,,,,,,,,,,,,,,,,534.0,109.76030836114742,110.6747504569674,109.05206084111369,109.1596450805664,204800.0,0.0,0.0,0.0,VDE
1076,,2023-02-16,,,,,,,,,,,,,,,,,1954.0,18.260000228881836,20.270000457763672,18.229999542236328,20.170000076293945,0.0,0.0,0.0,,^VIX
1077,,2023-02-17,,,,,,,,,,,,,,,,,535.0,107.58176035479384,107.59072741665202,104.71291614794498,105.15220642089844,383300.0,0.0,0.0,0.0,VDE
1078,,2023-02-17,,,,,,,,,,,,,,,,,1955.0,20.940000534057617,21.299999237060547,19.81999969482422,20.020000457763672,0.0,0.0,0.0,,^VIX
1079,,2023-02-21,,,,,,,,,,,,,,,,,536.0,104.70395909382876,105.71701830498152,104.3005233500189,104.47086334228516,292200.0,0.0,0.0,0.0,VDE
1080,,2023-02-21,,,,,,,,,,,,,,,,,1956.0,21.799999237060547,23.34000015258789,21.799999237060547,22.8700008392334,0.0,0.0,0.0,,^VIX
1081,,2023-02-22,,,,,,,,,,,,,,,,,537.0,104.20192458706568,105.02671661194658,102.76749534743654,103.73573303222656,409300.0,0.0,0.0,0.0,VDE
1082,,2023-02-22,,,,,,,,,,,,,,,,,1957.0,23.030000686645508,23.6299991607666,22.020000457763672,22.290000915527344,0.0,0.0,0.0,,^VIX
1083,,2023-02-23,,,,,,,,,,,,,,,,,538.0,105.23289640193516,105.99493939329044,104.26466569314898,105.40323638916016,264000.0,0.0,0.0,0.0,VDE
1084,,2023-02-23,,,,,,,,,,,,,,,,,1958.0,21.959999084472656,22.43000030517578,20.88999938964844,21.13999938964844,0.0,0.0,0.0,,^VIX
1085,,2023-02-24,,,,,,,,,,,,,,,,,539.0,104.63221993881974,105.815618957511,103.48468232552683,105.67218017578124,248200.0,0.0,0.0,0.0,VDE
1086,,2023-02-24,,,,,,,,,,,,,,,,,1959.0,21.350000381469727,22.899999618530273,21.31999969482422,21.670000076293945,0.0,0.0,0.0,,^VIX
1087,,2023-02-27,,,,,,,,,,,,,,,,,540.0,105.8066654037022,106.45215710355023,105.0535963137892,106.07562255859376,255600.0,0.0,0.0,0.0,VDE
1088,,2023-02-27,,,,,,,,,,,,,,,,,1960.0,21.989999771118164,22.020000457763672,20.68000030517578,20.950000762939453,0.0,0.0,0.0,,^VIX
1089,,2023-02-28,,,,,,,,,,,,,,,,,541.0,106.95422457531734,106.95422457531734,104.53363037109376,104.53363037109376,255400.0,0.0,0.0,0.0,VDE
1090,,2023-02-28,,,,,,,,,,,,,,,,,1961.0,21.299999237060547,21.3700008392334,20.100000381469727,20.700000762939453,0.0,0.0,0.0,,^VIX
1091,26.0,2023-03-01,194.625,173.0,3.6,392.91,331.729,202.307,248.98,57.291,140.995,413.641,254.684,264.331,257.062,33.1,305.476,301.836,542.0,104.59637234515452,107.0976492731034,104.26466627118003,106.62249755859376,331700.0,0.0,0.0,0.0,VDE
1092,26.0,2023-03-01,194.625,173.0,3.6,392.91,331.729,202.307,248.98,57.291,140.995,413.641,254.684,264.331,257.062,33.1,305.476,301.836,1962.0,20.38999938964844,21.31999969482422,20.219999313354492,20.579999923706055,0.0,0.0,0.0,,^VIX
1093,,2023-03-02,,,,,,,,,,,,,,,,,543.0,106.3625058344029,108.03002376080448,105.95010988398356,107.69831085205078,310200.0,0.0,0.0,0.0,VDE
1094,,2023-03-02,,,,,,,,,,,,,,,,,1963.0,21.40999984741211,21.420000076293945,19.549999237060547,19.59000015258789,0.0,0.0,0.0,,^VIX
1095,,2023-03-03,,,,,,,,,,,,,,,,,544.0,106.49699039482115,109.65271937703592,106.21907300475856,109.2492904663086,249200.0,0.0,0.0,0.0,VDE
1096,,2023-03-03,,,,,,,,,,,,,,,,,1964.0,19.760000228881836,19.760000228881836,18.15999984741211,18.489999771118164,0.0,0.0,0.0,,^VIX
1097,,2023-03-06,,,,,,,,,,,,,,,,,545.0,108.46035627799904,109.08791386018774,107.93140902455598,108.96240234375,339500.0,0.0,0.0,0.0,VDE
1098,,2023-03-06,,,,,,,,,,,,,,,,,1965.0,19.049999237060547,19.190000534057617,18.489999771118164,18.61000061035156,0.0,0.0,0.0,,^VIX
1099,,2023-03-07,,,,,,,,,,,,,,,,,546.0,108.29897680973384,108.4872440730188,106.74800339334216,107.1155776977539,314600.0,0.0,0.0,0.0,VDE
1100,,2023-03-07,,,,,,,,,,,,,,,,,1966.0,18.63999938964844,19.739999771118164,18.510000228881836,19.59000015258789,0.0,0.0,0.0,,^VIX
1101,,2023-03-08,,,,,,,,,,,,,,,,,547.0,106.57766309519177,107.85071914385624,104.9101452369576,105.96803283691406,247600.0,0.0,0.0,0.0,VDE
1102,,2023-03-08,,,,,,,,,,,,,,,,,1967.0,19.709999084472656,20.010000228881836,19.0,19.11000061035156,0.0,0.0,0.0,,^VIX
1103,,2023-03-09,,,,,,,,,,,,,,,,,548.0,106.53286041301612,107.85073832632943,104.14812764799858,104.26467895507812,358900.0,0.0,0.0,0.0,VDE
1104,,2023-03-09,,,,,,,,,,,,,,,,,1968.0,19.329999923706055,23.13999938964844,18.8799991607666,22.61000061035156,0.0,0.0,0.0,,^VIX
1105,,2023-03-10,,,,,,,,,,,,,,,,,549.0,103.97777229438292,105.60942868657916,102.20267027480666,102.7405776977539,412600.0,0.0,0.0,0.0,VDE
1106,,2023-03-10,,,,,,,,,,,,,,,,,1969.0,23.34000015258789,28.969999313354492,21.790000915527344,24.799999237060547,0.0,0.0,0.0,,^VIX
1107,,2023-03-13,,,,,,,,,,,,,,,,,550.0,100.22138833134908,102.52543104820222,98.44628605290325,100.49930572509766,744800.0,0.0,0.0,0.0,VDE
1108,,2023-03-13,,,,,,,,,,,,,,,,,1970.0,24.049999237060547,30.809999465942383,23.850000381469727,26.520000457763672,0.0,0.0,0.0,,^VIX
1109,,2023-03-14,,,,,,,,,,,,,,,,,551.0,100.70550613715233,103.77158502059945,99.60278995633456,101.3240966796875,594300.0,0.0,0.0,0.0,VDE
1110,,2023-03-14,,,,,,,,,,,,,,,,,1971.0,26.850000381469727,27.239999771118164,22.270000457763672,23.729999542236328,0.0,0.0,0.0,,^VIX
1111,,2023-03-15,,,,,,,,,,,,,,,,,552.0,97.82768236982272,98.0787053807789,94.34920110410415,95.90914154052734,1082100.0,0.0,0.0,0.0,VDE
1112,,2023-03-15,,,,,,,,,,,,,,,,,1972.0,23.209999084472656,29.90999984741211,23.190000534057617,26.13999938964844,0.0,0.0,0.0,,^VIX
1113,,2023-03-16,,,,,,,,,,,,,,,,,553.0,93.8561417066004,97.15531662367256,93.38995015491476,96.91325378417967,1625600.0,0.0,0.0,0.0,VDE
1114,,2023-03-16,,,,,,,,,,,,,,,,,1973.0,26.190000534057617,27.489999771118164,22.969999313354492,22.989999771118164,0.0,0.0,0.0,,^VIX
1115,,2023-03-17,,,,,,,,,,,,,,,,,554.0,96.29466863988128,97.07463222494388,94.45681035993223,95.22781372070312,1208000.0,0.0,0.0,0.0,VDE
1116,,2023-03-17,,,,,,,,,,,,,,,,,1974.0,22.920000076293945,26.13999938964844,22.579999923706055,25.510000228881836,0.0,0.0,0.0,,^VIX
1117,,2023-03-20,,,,,,,,,,,,,,,,,555.0,95.28158102499756,97.92630348845849,95.28158102499756,97.2897720336914,833600.0,0.0,0.0,0.0,VDE
1118,,2023-03-20,,,,,,,,,,,,,,,,,1975.0,27.770000457763672,28.90999984741211,24.0,24.149999618530273,0.0,0.0,0.0,,^VIX
1119,,2023-03-21,,,,,,,,,,,,,,,,,556.0,99.29798212224426,100.9655002135394,99.10074776996083,100.61585998535156,615900.0,0.0,0.0,0.0,VDE
1120,,2023-03-21,,,,,,,,,,,,,,,,,1976.0,24.15999984741211,24.15999984741211,21.290000915527344,21.3799991607666,0.0,0.0,0.0,,^VIX
1121,,2023-03-22,,,,,,,,,,,,,,,,,557.0,100.80411774222132,101.09996240280584,98.38352388381703,98.42835235595705,583800.0,0.0,0.0,0.0,VDE
1122,,2023-03-22,,,,,,,,,,,,,,,,,1977.0,21.799999237060547,22.3799991607666,19.940000534057617,22.260000228881836,0.0,0.0,0.0,,^VIX
1123,,2023-03-23,,,,,,,,,,,,,,,,,558.0,98.94833817235204,99.87174729616068,96.09742091445192,97.03875732421876,409500.0,0.0,0.0,0.0,VDE
1124,,2023-03-23,,,,,,,,,,,,,,,,,1978.0,21.540000915527344,24.90999984741211,20.15999984741211,22.61000061035156,0.0,0.0,0.0,,^VIX
1125,,2023-03-24,,,,,,,,,,,,,,,,,559.0,95.05690460961569,97.68128737818496,94.7582664498465,97.32835388183594,603900.0,1.01,0.0,0.0,VDE
1126,,2023-03-24,,,,,,,,,,,,,,,,,1979.0,22.11000061035156,25.209999084472656,21.600000381469727,21.739999771118164,0.0,0.0,0.0,,^VIX
1127,,2023-03-27,,,,,,,,,,,,,,,,,560.0,98.48669592026882,100.07941889095456,97.64508372031874,99.51834869384766,413800.0,0.0,0.0,0.0,VDE
1128,,2023-03-27,,,,,,,,,,,,,,,,,1980.0,22.049999237060547,22.93000030517578,20.56999969482422,20.600000381469727,0.0,0.0,0.0,,^VIX
1129,,2023-03-28,,,,,,,,,,,,,,,,,561.0,99.18350469522194,101.56355127619416,99.18350469522194,101.0386734008789,358700.0,0.0,0.0,0.0,VDE
1130,,2023-03-28,,,,,,,,,,,,,,,,,1981.0,20.530000686645508,21.399999618530273,19.90999984741211,19.969999313354492,0.0,0.0,0.0,,^VIX
1131,,2023-03-29,,,,,,,,,,,,,,,,,562.0,102.3146705467982,102.61330869780916,101.51830904839214,102.49566650390624,1232100.0,0.0,0.0,0.0,VDE
1132,,2023-03-29,,,,,,,,,,,,,,,,,1982.0,19.38999938964844,19.450000762939453,19.09000015258789,19.1200008392334,0.0,0.0,0.0,,^VIX
1133,,2023-03-30,,,,,,,,,,,,,,,,,563.0,103.26487346809948,103.41871484319412,102.18797003385832,102.76714324951172,666500.0,0.0,0.0,0.0,VDE
1134,,2023-03-30,,,,,,,,,,,,,,,,,1983.0,19.1200008392334,20.079999923706055,18.850000381469727,19.020000457763672,0.0,0.0,0.0,,^VIX
1135,,2023-03-31,,,,,,,,,,,,,,,,,564.0,103.02957766332062,103.66305308679809,102.74904259114987,103.37346649169922,478800.0,0.0,0.0,0.0,VDE
1136,,2023-03-31,,,,,,,,,,,,,,,,,1984.0,19.209999084472656,19.43000030517578,18.520000457763672,18.700000762939453,0.0,0.0,0.0,,^VIX
1137,27.0,2023-04-01,185.833,173.658,4.7,394.898,333.366,184.407,248.583,57.142,141.303,414.723,237.568,265.491,256.908,33.0,306.899,303.363,,,,,,,,,,
1138,,2023-04-03,,,,,,,,,,,,,,,,,565.0,107.98877715259768,108.91183244878752,107.32815393443867,108.30551147460938,645100.0,0.0,0.0,0.0,VDE
1139,,2023-04-03,,,,,,,,,,,,,,,,,1985.0,19.790000915527344,19.829999923706055,18.540000915527344,18.549999237060547,0.0,0.0,0.0,,^VIX
1140,,2023-04-04,,,,,,,,,,,,,,,,,566.0,108.52270064416844,108.58604750909991,105.20150218907844,106.18790435791016,764900.0,0.0,0.0,0.0,VDE
1141,,2023-04-04,,,,,,,,,,,,,,,,,1986.0,18.790000915527344,20.030000686645508,18.579999923706055,19.0,0.0,0.0,0.0,,^VIX
1142,,2023-04-05,,,,,,,,,,,,,,,,,567.0,106.45937664429896,107.6539222530268,105.50916692868596,107.63582611083984,479100.0,0.0,0.0,0.0,VDE
1143,,2023-04-05,,,,,,,,,,,,,,,,,1987.0,19.420000076293945,20.079999923706055,19.0,19.079999923706055,0.0,0.0,0.0,,^VIX
1144,,2023-04-06,,,,,,,,,,,,,,,,,568.0,107.49103150371565,107.49103150371565,105.83495483680764,106.04309844970705,340500.0,0.0,0.0,0.0,VDE
1145,,2023-04-06,,,,,,,,,,,,,,,,,1988.0,19.299999237060547,19.8799991607666,18.350000381469727,18.399999618530273,0.0,0.0,0.0,,^VIX
1146,,2023-04-10,,,,,,,,,,,,,,,,,569.0,106.13358471269126,108.02495251129731,106.13358471269126,106.84850311279295,322300.0,0.0,0.0,0.0,VDE
1147,,2023-04-10,,,,,,,,,,,,,,,,,1989.0,19.38999938964844,20.049999237060547,18.93000030517578,18.969999313354492,0.0,0.0,0.0,,^VIX
1148,,2023-04-11,,,,,,,,,,,,,,,,,570.0,107.16524663128762,108.47744136681908,106.78516549587415,107.81681823730467,622800.0,0.0,0.0,0.0,VDE
1149,,2023-04-11,,,,,,,,,,,,,,,,,1990.0,19.079999923706055,19.280000686645508,18.559999465942383,19.100000381469727,0.0,0.0,0.0,,^VIX
1150,,2023-04-12,,,,,,,,,,,,,,,,,571.0,108.5950727878806,108.80321638194444,107.58151628964976,107.82585906982422,792000.0,0.0,0.0,0.0,VDE
1151,,2023-04-12,,,,,,,,,,,,,,,,,1991.0,19.3799991607666,19.979999542236328,18.25,19.09000015258789,0.0,0.0,0.0,,^VIX
1152,,2023-04-13,,,,,,,,,,,,,,,,,572.0,107.78966987036604,108.8303741285283,107.50913478237833,108.49553680419922,522900.0,0.0,0.0,0.0,VDE
1153,,2023-04-13,,,,,,,,,,,,,,,,,1992.0,18.829999923706055,19.059999465942383,17.770000457763672,17.799999237060547,0.0,0.0,0.0,,^VIX
1154,,2023-04-14,,,,,,,,,,,,,,,,,573.0,108.61316908689012,109.30999133802838,108.00684825330454,108.58602142333984,590800.0,0.0,0.0,0.0,VDE
1155,,2023-04-14,,,,,,,,,,,,,,,,,1993.0,17.940000534057617,18.1200008392334,17.06999969482422,17.06999969482422,0.0,0.0,0.0,,^VIX
1156,,2023-04-17,,,,,,,,,,,,,,,,,574.0,108.37789914616566,108.67653038922175,106.9480621718642,107.319091796875,330400.0,0.0,0.0,0.0,VDE
1157,,2023-04-17,,,,,,,,,,,,,,,,,1994.0,17.579999923706055,17.790000915527344,16.899999618530273,16.950000762939453,0.0,0.0,0.0,,^VIX
1158,,2023-04-18,,,,,,,,,,,,,,,,,575.0,107.0385551674876,107.87111583519938,106.4684334523938,107.5996322631836,295500.0,0.0,0.0,0.0,VDE
1159,,2023-04-18,,,,,,,,,,,,,,,,,1995.0,16.940000534057617,17.34000015258789,16.579999923706055,16.829999923706055,0.0,0.0,0.0,,^VIX
1160,,2023-04-19,,,,,,,,,,,,,,,,,576.0,106.52272725647435,107.32814024584933,105.98880473950672,107.20144653320312,400800.0,0.0,0.0,0.0,VDE
1161,,2023-04-19,,,,,,,,,,,,,,,,,1996.0,17.299999237060547,17.719999313354492,16.170000076293945,16.459999084472656,0.0,0.0,0.0,,^VIX
1162,,2023-04-20,,,,,,,,,,,,,,,,,577.0,105.88020556445066,106.187888317844,105.038593397895,106.16979217529295,406200.0,0.0,0.0,0.0,VDE
1163,,2023-04-20,,,,,,,,,,,,,,,,,1997.0,16.850000381469727,17.690000534057617,16.329999923706055,17.170000076293945,0.0,0.0,0.0,,^VIX
1164,,2023-04-21,,,,,,,,,,,,,,,,,578.0,106.631315426045,106.631315426045,105.0838364400386,105.53631591796876,246900.0,0.0,0.0,0.0,VDE
1165,,2023-04-21,,,,,,,,,,,,,,,,,1998.0,17.510000228881836,17.709999084472656,16.579999923706055,16.770000457763672,0.0,0.0,0.0,,^VIX
1166,,2023-04-24,,,,,,,,,,,,,,,,,579.0,105.18339322763772,107.70822289676006,105.18339322763772,107.21955108642578,348500.0,0.0,0.0,0.0,VDE
1167,,2023-04-24,,,,,,,,,,,,,,,,,1999.0,18.219999313354492,18.239999771118164,16.739999771118164,16.889999389648438,0.0,0.0,0.0,,^VIX
1168,,2023-04-25,,,,,,,,,,,,,,,,,580.0,106.24218578735731,106.3417318276452,104.47751163121764,104.95714569091795,351300.0,0.0,0.0,0.0,VDE
1169,,2023-04-25,,,,,,,,,,,,,,,,,2000.0,17.6200008392334,19.86000061035156,17.329999923706055,18.760000228881836,0.0,0.0,0.0,,^VIX
1170,,2023-04-26,,,,,,,,,,,,,,,,,581.0,104.53182139383637,105.30103520249916,103.02958606259568,103.58161163330078,371900.0,0.0,0.0,0.0,VDE
1171,,2023-04-26,,,,,,,,,,,,,,,,,2001.0,18.65999984741211,19.61000061035156,17.8700008392334,18.84000015258789,0.0,0.0,0.0,,^VIX
1172,,2023-04-27,,,,,,,,,,,,,,,,,582.0,103.61781009789188,104.39607542476944,102.74905024785664,104.13363647460938,276800.0,0.0,0.0,0.0,VDE
1173,,2023-04-27,,,,,,,,,,,,,,,,,2002.0,18.43000030517578,18.43000030517578,16.719999313354492,17.030000686645508,0.0,0.0,0.0,,^VIX
1174,,2023-04-28,,,,,,,,,,,,,,,,,583.0,103.81687984598608,106.45935801744888,103.53634481329232,105.82588958740234,384500.0,0.0,0.0,0.0,VDE
1175,,2023-04-28,,,,,,,,,,,,,,,,,2003.0,17.209999084472656,17.649999618530273,15.720000267028809,15.779999732971191,0.0,0.0,0.0,,^VIX
1176,28.0,2023-05-01,189.015,173.78,4.2,396.726,337.473,192.615,246.206,56.58,140.912,415.858,224.401,266.607,253.67,32.9,308.096,304.127,584.0,104.49560628301494,105.7715947539388,104.07932601356444,104.64039611816406,274400.0,0.0,0.0,0.0,VDE
1177,28.0,2023-05-01,189.015,173.78,4.2,396.726,337.473,192.615,246.206,56.58,140.912,415.858,224.401,266.607,253.67,32.9,308.096,304.127,2004.0,16.40999984741211,16.6200008392334,15.529999732971191,16.079999923706055,0.0,0.0,0.0,,^VIX
1178,,2023-05-02,,,,,,,,,,,,,,,,,585.0,103.5092145994465,103.5182661232303,99.16541526232145,100.15181732177734,610800.0,0.0,0.0,0.0,VDE
1179,,2023-05-02,,,,,,,,,,,,,,,,,2005.0,16.270000457763672,19.809999465942383,16.260000228881836,17.780000686645508,0.0,0.0,0.0,,^VIX
1180,,2023-05-03,,,,,,,,,,,,,,,,,586.0,98.86677315077534,99.73553298335668,98.1699577417419,98.19710540771484,532500.0,0.0,0.0,0.0,VDE
1181,,2023-05-03,,,,,,,,,,,,,,,,,2006.0,17.81999969482422,18.829999923706055,17.190000534057617,18.34000015258789,0.0,0.0,0.0,,^VIX
1182,,2023-05-04,,,,,,,,,,,,,,,,,587.0,98.13376310036556,99.2016150719574,96.85776750618568,97.21070098876952,880700.0,0.0,0.0,0.0,VDE
1183,,2023-05-04,,,,,,,,,,,,,,,,,2007.0,19.170000076293945,21.329999923706055,18.670000076293945,20.09000015258789,0.0,0.0,0.0,,^VIX
1184,,2023-05-05,,,,,,,,,,,,,,,,,588.0,99.56359176086067,100.70384209841028,99.4912002840352,99.94367980957033,396000.0,0.0,0.0,0.0,VDE
1185,,2023-05-05,,,,,,,,,,,,,,,,,2008.0,19.5,19.6299991607666,16.690000534057617,17.190000534057617,0.0,0.0,0.0,,^VIX
1186,,2023-05-08,,,,,,,,,,,,,,,,,589.0,101.32825832829228,101.91648304750272,99.97987137819258,100.00701904296876,384900.0,0.0,0.0,0.0,VDE
1187,,2023-05-08,,,,,,,,,,,,,,,,,2009.0,17.729999542236328,17.8799991607666,16.829999923706055,16.979999542236328,0.0,0.0,0.0,,^VIX
1188,,2023-05-09,,,,,,,,,,,,,,,,,590.0,99.32829074609016,100.97531566707111,99.1110956391142,100.05225372314452,348500.0,0.0,0.0,0.0,VDE
1189,,2023-05-09,,,,,,,,,,,,,,,,,2010.0,17.290000915527344,17.860000610351562,17.219999313354492,17.709999084472656,0.0,0.0,0.0,,^VIX
1190,,2023-05-10,,,,,,,,,,,,,,,,,591.0,100.52284218330914,100.66763202559788,98.26044480020056,99.08395385742188,530600.0,0.0,0.0,0.0,VDE
1191,,2023-05-10,,,,,,,,,,,,,,,,,2011.0,17.579999923706055,18.309999465942383,16.360000610351562,16.940000534057617,0.0,0.0,0.0,,^VIX
1192,,2023-05-11,,,,,,,,,,,,,,,,,592.0,97.75367124501558,98.30569680488117,97.11115116313536,97.7717742919922,680700.0,0.0,0.0,0.0,VDE
1193,,2023-05-11,,,,,,,,,,,,,,,,,2012.0,16.799999237060547,18.190000534057617,16.6299991607666,16.93000030517578,0.0,0.0,0.0,,^VIX
1194,,2023-05-12,,,,,,,,,,,,,,,,,593.0,98.278536151092,98.83961316029897,97.2740312096102,97.9980010986328,806000.0,0.0,0.0,0.0,VDE
1195,,2023-05-12,,,,,,,,,,,,,,,,,2013.0,16.829999923706055,17.920000076293945,16.3799991607666,17.030000686645508,0.0,0.0,0.0,,^VIX
1196,,2023-05-15,,,,,,,,,,,,,,,,,594.0,98.38714830658982,99.26495968340498,97.85321888073447,98.6767349243164,467400.0,0.0,0.0,0.0,VDE
1197,,2023-05-15,,,,,,,,,,,,,,,,,2014.0,17.440000534057617,18.15999984741211,17.079999923706055,17.1200008392334,0.0,0.0,0.0,,^VIX
1198,,2023-05-16,,,,,,,,,,,,,,,,,595.0,98.35999578201157,98.56813248531893,96.12474595044684,96.15189361572266,395000.0,0.0,0.0,0.0,VDE
1199,,2023-05-16,,,,,,,,,,,,,,,,,2015.0,17.540000915527344,18.299999237060547,17.260000228881836,17.989999771118164,0.0,0.0,0.0,,^VIX
1200,,2023-05-17,,,,,,,,,,,,,,,,,596.0,97.10211335899892,98.60434186188547,96.54103623626614,98.07041931152344,476000.0,0.0,0.0,0.0,VDE
1201,,2023-05-17,,,,,,,,,,,,,,,,,2016.0,17.959999084472656,18.260000228881836,16.68000030517578,16.8700008392334,0.0,0.0,0.0,,^VIX
1202,,2023-05-18,,,,,,,,,,,,,,,,,597.0,97.6360329141681,99.0206191781328,96.857767566374,98.83963012695312,420300.0,0.0,0.0,0.0,VDE
1203,,2023-05-18,,,,,,,,,,,,,,,,,2017.0,16.920000076293945,17.149999618530273,16.049999237060547,16.049999237060547,0.0,0.0,0.0,,^VIX
1204,,2023-05-19,,,,,,,,,,,,,,,,,598.0,99.78982919868297,100.37805394903184,99.10206530698191,99.52739715576172,427200.0,0.0,0.0,0.0,VDE
1205,,2023-05-19,,,,,,,,,,,,,,,,,2018.0,16.1299991607666,17.360000610351562,15.850000381469728,16.809999465942383,0.0,0.0,0.0,,^VIX
1206,,2023-05-22,,,,,,,,,,,,,,,,,599.0,99.2016052968251,100.47759386098184,99.2016052968251,99.50023651123048,306200.0,0.0,0.0,0.0,VDE
1207,,2023-05-22,,,,,,,,,,,,,,,,,2019.0,17.450000762939453,18.1299991607666,16.81999969482422,17.209999084472656,0.0,0.0,0.0,,^VIX
1208,,2023-05-23,,,,,,,,,,,,,,,,,600.0,100.07941513653968,101.65404880917468,100.07941513653968,100.45950317382812,548600.0,0.0,0.0,0.0,VDE
1209,,2023-05-23,,,,,,,,,,,,,,,,,2020.0,17.350000381469727,19.309999465942383,17.299999237060547,18.530000686645508,0.0,0.0,0.0,,^VIX
1210,,2023-05-24,,,,,,,,,,,,,,,,,601.0,101.0386695801577,101.65404195104958,100.06131224327844,100.85767364501952,381300.0,0.0,0.0,0.0,VDE
1211,,2023-05-24,,,,,,,,,,,,,,,,,2021.0,18.799999237060547,20.809999465942383,18.799999237060547,20.030000686645508,0.0,0.0,0.0,,^VIX
1212,,2023-05-25,,,,,,,,,,,,,,,,,602.0,99.52739944376845,99.52739944376845,98.06136329594442,98.9482192993164,382700.0,0.0,0.0,0.0,VDE
1213,,2023-05-25,,,,,,,,,,,,,,,,,2022.0,19.540000915527344,19.950000762939453,18.700000762939453,19.13999938964844,0.0,0.0,0.0,,^VIX
1214,,2023-05-26,,,,,,,,,,,,,,,,,603.0,99.4640579470561,99.78079225104524,98.0432655326234,98.53194427490234,369300.0,0.0,0.0,0.0,VDE
1215,,2023-05-26,,,,,,,,,,,,,,,,,2023.0,19.06999969482422,19.559999465942383,17.270000457763672,17.950000762939453,0.0,0.0,0.0,,^VIX
1216,,2023-05-30,,,,,,,,,,,,,,,,,604.0,97.13829348240245,97.62697215952986,96.53197262356048,97.55458068847656,482300.0,0.0,0.0,0.0,VDE
1217,,2023-05-30,,,,,,,,,,,,,,,,,2024.0,17.559999465942383,18.34000015258789,16.979999542236328,17.459999084472656,0.0,0.0,0.0,,^VIX
1218,,2023-05-31,,,,,,,,,,,,,,,,,605.0,96.08854900279344,96.58627922542126,95.53652344834784,95.80801391601562,455400.0,0.0,0.0,0.0,VDE
1219,,2023-05-31,,,,,,,,,,,,,,,,,2025.0,18.040000915527344,18.399999618530273,17.1200008392334,17.940000534057617,0.0,0.0,0.0,,^VIX
1220,29.0,2023-06-01,187.623,173.993,3.3,398.593,337.336,190.471,245.784,56.733,141.181,414.927,203.2,267.268,253.86,32.8,308.91,305.109,606.0,95.9709039485112,98.1609030540659,95.48222526388268,97.14734649658205,598500.0,0.0,0.0,0.0,VDE
1221,29.0,2023-06-01,187.623,173.993,3.3,398.593,337.336,190.471,245.784,56.733,141.181,414.927,203.2,267.268,253.86,32.8,308.91,305.109,2026.0,17.239999771118164,17.59000015258789,15.579999923706056,15.649999618530272,0.0,0.0,0.0,,^VIX
1222,,2023-06-02,,,,,,,,,,,,,,,,,607.0,98.76723634001893,100.6767006072502,98.40525131652812,100.17897033691406,611500.0,0.0,0.0,0.0,VDE
1223,,2023-06-02,,,,,,,,,,,,,,,,,2027.0,15.649999618530272,15.649999618530272,14.420000076293944,14.600000381469728,0.0,0.0,0.0,,^VIX
1224,,2023-06-05,,,,,,,,,,,,,,,,,608.0,101.70834482077731,101.70834482077731,99.31020201062174,99.46405029296876,354900.0,0.0,0.0,0.0,VDE
1225,,2023-06-05,,,,,,,,,,,,,,,,,2028.0,15.279999732971191,15.289999961853027,14.65999984741211,14.729999542236328,0.0,0.0,0.0,,^VIX
1226,,2023-06-06,,,,,,,,,,,,,,,,,609.0,98.25140692565184,100.39616242831256,98.04326329960536,100.2513656616211,445600.0,0.0,0.0,0.0,VDE
1227,,2023-06-06,,,,,,,,,,,,,,,,,2029.0,14.90999984741211,14.970000267028809,13.949999809265137,13.960000038146973,0.0,0.0,0.0,,^VIX
1228,,2023-06-07,,,,,,,,,,,,,,,,,610.0,100.74004895324748,103.19248733971402,100.74004895324748,103.09294128417967,441400.0,0.0,0.0,0.0,VDE
1229,,2023-06-07,,,,,,,,,,,,,,,,,2030.0,14.140000343322754,14.289999961853027,13.770000457763672,13.9399995803833,0.0,0.0,0.0,,^VIX
1230,,2023-06-08,,,,,,,,,,,,,,,,,611.0,103.18343043973664,103.46397244721346,100.9753349970866,102.68570709228516,487400.0,0.0,0.0,0.0,VDE
1231,,2023-06-08,,,,,,,,,,,,,,,,,2031.0,14.140000343322754,14.210000038146973,13.529999732971191,13.649999618530272,0.0,0.0,0.0,,^VIX
1232,,2023-06-09,,,,,,,,,,,,,,,,,612.0,102.56804877261274,103.11102969089148,101.79883501077012,102.03412628173828,370000.0,0.0,0.0,0.0,VDE
1233,,2023-06-09,,,,,,,,,,,,,,,,,2032.0,13.779999732971191,14.140000343322754,13.5,13.829999923706056,0.0,0.0,0.0,,^VIX
1234,,2023-06-12,,,,,,,,,,,,,,,,,613.0,100.53188176509912,101.96171849661816,100.22419905046996,100.87577056884766,442700.0,0.0,0.0,0.0,VDE
1235,,2023-06-12,,,,,,,,,,,,,,,,,2033.0,14.4399995803833,15.020000457763672,14.31999969482422,15.010000228881836,0.0,0.0,0.0,,^VIX
1236,,2023-06-13,,,,,,,,,,,,,,,,,614.0,101.9074417150006,103.427773233098,101.38256379587762,101.43685913085938,449900.0,0.0,0.0,0.0,VDE
1237,,2023-06-13,,,,,,,,,,,,,,,,,2034.0,14.989999771118164,15.0600004196167,14.470000267028809,14.609999656677246,0.0,0.0,0.0,,^VIX
1238,,2023-06-14,,,,,,,,,,,,,,,,,615.0,102.35085876838492,102.83048592080829,99.71743173939068,100.4323501586914,515900.0,0.0,0.0,0.0,VDE
1239,,2023-06-14,,,,,,,,,,,,,,,,,2035.0,14.479999542236328,14.729999542236328,13.829999923706056,13.880000114440918,0.0,0.0,0.0,,^VIX
1240,,2023-06-15,,,,,,,,,,,,,,,,,616.0,100.6314506423893,102.40517658032329,100.6314506423893,101.63595581054688,419000.0,0.0,0.0,0.0,VDE
1241,,2023-06-15,,,,,,,,,,,,,,,,,2036.0,14.09000015258789,14.520000457763672,13.789999961853027,14.5,0.0,0.0,0.0,,^VIX
1242,,2023-06-16,,,,,,,,,,,,,,,,,617.0,102.09747922169952,102.30562284002046,101.21966784301092,101.57260131835938,427700.0,0.0,0.0,0.0,VDE
1243,,2023-06-16,,,,,,,,,,,,,,,,,2037.0,14.489999771118164,14.539999961853027,13.479999542236328,13.539999961853027,0.0,0.0,0.0,,^VIX
1244,,2023-06-20,,,,,,,,,,,,,,,,,618.0,100.85768269489728,100.86673421853862,98.6224396557582,99.37355041503906,678700.0,0.0,0.0,0.0,VDE
1245,,2023-06-20,,,,,,,,,,,,,,,,,2038.0,14.359999656677246,14.670000076293944,13.859999656677246,13.880000114440918,0.0,0.0,0.0,,^VIX
1246,,2023-06-21,,,,,,,,,,,,,,,,,619.0,99.02964891994564,101.0748578890134,98.96630207553724,100.29659271240234,363900.0,0.0,0.0,0.0,VDE
1247,,2023-06-21,,,,,,,,,,,,,,,,,2039.0,13.880000114440918,13.890000343322754,13.100000381469728,13.199999809265137,0.0,0.0,0.0,,^VIX
1248,,2023-06-22,,,,,,,,,,,,,,,,,620.0,99.21064904533992,99.38259345840544,98.50478215591792,98.9753646850586,410400.0,0.0,0.0,0.0,VDE
1249,,2023-06-22,,,,,,,,,,,,,,,,,2040.0,13.880000114440918,13.979999542236328,12.729999542236328,12.90999984741211,0.0,0.0,0.0,,^VIX
1250,,2023-06-23,,,,,,,,,,,,,,,,,621.0,97.77178343110312,98.36905285566036,97.40074688058458,98.10662078857422,482200.0,0.0,0.0,0.0,VDE
1251,,2023-06-23,,,,,,,,,,,,,,,,,2041.0,13.239999771118164,13.800000190734863,12.880000114440918,13.4399995803833,0.0,0.0,0.0,,^VIX
1252,,2023-06-26,,,,,,,,,,,,,,,,,622.0,98.0070770037579,100.39616856590212,98.0070770037579,99.72649383544922,416400.0,0.0,0.0,0.0,VDE
1253,,2023-06-26,,,,,,,,,,,,,,,,,2042.0,14.43000030517578,14.710000038146973,13.779999732971191,14.25,0.0,0.0,0.0,,^VIX
1254,,2023-06-27,,,,,,,,,,,,,,,,,623.0,99.59976591800984,100.48662860304204,99.0658435261335,100.09749603271484,386000.0,0.0,0.0,0.0,VDE
1255,,2023-06-27,,,,,,,,,,,,,,,,,2043.0,14.109999656677246,14.34000015258789,13.59000015258789,13.739999771118164,0.0,0.0,0.0,,^VIX
1256,,2023-06-28,,,,,,,,,,,,,,,,,624.0,100.05226753551284,101.16537017349252,99.08396165550651,101.02962493896484,408400.0,0.0,0.0,0.0,VDE
1257,,2023-06-28,,,,,,,,,,,,,,,,,2044.0,13.899999618530272,13.960000038146973,13.359999656677246,13.43000030517578,0.0,0.0,0.0,,^VIX
1258,,2023-06-29,,,,,,,,,,,,,,,,,625.0,101.42310285511029,102.3726043701172,101.06704065766962,102.3726043701172,341000.0,0.981,0.0,0.0,VDE
1259,,2023-06-29,,,,,,,,,,,,,,,,,2045.0,13.640000343322754,13.850000381469728,13.40999984741211,13.539999961853027,0.0,0.0,0.0,,^VIX
1260,,2023-06-30,,,,,,,,,,,,,,,,,626.0,103.01172113275116,103.60516059772571,102.29959656098056,103.06649780273438,407100.0,0.0,0.0,0.0,VDE
1261,,2023-06-30,,,,,,,,,,,,,,,,,2046.0,13.510000228881836,13.59000015258789,12.960000038146973,13.59000015258789,0.0,0.0,0.0,,^VIX
1262,30.0,2023-07-01,182.644,174.587,3.4,400.21,334.512,178.666,245.434,56.919,141.871,416.845,204.108,267.488,253.835,32.7,309.402,305.691,,,,,,,,,,
1263,,2023-07-03,,,,,,,,,,,,,,,,,627.0,103.25820823962272,104.08902476401384,103.01170629470776,103.39515686035156,242500.0,0.0,0.0,0.0,VDE
1264,,2023-07-03,,,,,,,,,,,,,,,,,2047.0,13.850000381469728,13.850000381469728,13.470000267028809,13.56999969482422,0.0,0.0,0.0,,^VIX
1265,,2023-07-05,,,,,,,,,,,,,,,,,628.0,104.05250283207492,104.05250283207492,102.3087048209119,102.874755859375,997900.0,0.0,0.0,0.0,VDE
1266,,2023-07-05,,,,,,,,,,,,,,,,,2048.0,14.1899995803833,14.739999771118164,14.050000190734863,14.18000030517578,0.0,0.0,0.0,,^VIX
1267,,2023-07-06,,,,,,,,,,,,,,,,,629.0,101.7609190661726,102.39087854196794,99.64280222499418,100.50100708007812,513500.0,0.0,0.0,0.0,VDE
1268,,2023-07-06,,,,,,,,,,,,,,,,,2049.0,14.850000381469728,17.079999923706055,14.789999961853027,15.4399995803833,0.0,0.0,0.0,,^VIX
1269,,2023-07-07,,,,,,,,,,,,,,,,,630.0,100.0262623808066,103.66906399867489,99.96235394709824,102.80172729492188,374900.0,0.0,0.0,0.0,VDE
1270,,2023-07-07,,,,,,,,,,,,,,,,,2050.0,15.970000267028809,16.059999465942383,14.329999923706056,14.829999923706056,0.0,0.0,0.0,,^VIX
1271,,2023-07-10,,,,,,,,,,,,,,,,,631.0,102.53696613764744,103.68732495862972,102.46393289995588,103.53211975097656,289900.0,0.0,0.0,0.0,VDE
1272,,2023-07-10,,,,,,,,,,,,,,,,,2051.0,16.079999923706055,16.209999084472656,15.039999961853027,15.06999969482422,0.0,0.0,0.0,,^VIX
1273,,2023-07-11,,,,,,,,,,,,,,,,,632.0,104.02511994412724,106.01541999999012,103.9338162168107,105.87847137451172,825600.0,0.0,0.0,0.0,VDE
1274,,2023-07-11,,,,,,,,,,,,,,,,,2052.0,15.020000457763672,15.25,14.630000114440918,14.84000015258789,0.0,0.0,0.0,,^VIX
1275,,2023-07-12,,,,,,,,,,,,,,,,,633.0,106.7549273931026,107.39401165881677,106.14323145799104,106.7275390625,536100.0,0.0,0.0,0.0,VDE
1276,,2023-07-12,,,,,,,,,,,,,,,,,2053.0,14.81999969482422,14.81999969482422,13.510000228881836,13.539999961853027,0.0,0.0,0.0,,^VIX
1277,,2023-07-13,,,,,,,,,,,,,,,,,634.0,106.70015374702108,107.48531841879762,105.50414320810772,106.3075714111328,473000.0,0.0,0.0,0.0,VDE
1278,,2023-07-13,,,,,,,,,,,,,,,,,2054.0,13.4399995803833,13.609999656677246,13.119999885559082,13.609999656677246,0.0,0.0,0.0,,^VIX
1279,,2023-07-14,,,,,,,,,,,,,,,,,635.0,105.81456542894476,105.81456542894476,103.31299787576164,103.52297973632812,1897800.0,0.0,0.0,0.0,VDE
1280,,2023-07-14,,,,,,,,,,,,,,,,,2055.0,13.720000267028809,13.760000228881836,13.220000267028809,13.34000015258789,0.0,0.0,0.0,,^VIX
1281,,2023-07-17,,,,,,,,,,,,,,,,,636.0,103.17604924706806,103.92469385636358,102.87476365704148,103.52297973632812,1770800.0,0.0,0.0,0.0,VDE
1282,,2023-07-17,,,,,,,,,,,,,,,,,2056.0,13.779999732971191,14.0,13.43000030517578,13.479999542236328,0.0,0.0,0.0,,^VIX
1283,,2023-07-18,,,,,,,,,,,,,,,,,637.0,103.37690029346923,105.778039176965,103.22168814171394,104.84679412841795,689400.0,0.0,0.0,0.0,VDE
1284,,2023-07-18,,,,,,,,,,,,,,,,,2057.0,13.609999656677246,13.670000076293944,13.289999961853027,13.300000190734863,0.0,0.0,0.0,,^VIX
1285,,2023-07-19,,,,,,,,,,,,,,,,,638.0,104.86505708586182,106.0610606383108,104.65506827316275,105.31241607666016,1335300.0,0.0,0.0,0.0,VDE
1286,,2023-07-19,,,,,,,,,,,,,,,,,2058.0,13.31999969482422,13.84000015258789,13.119999885559082,13.760000228881836,0.0,0.0,0.0,,^VIX
1287,,2023-07-20,,,,,,,,,,,,,,,,,639.0,106.20713605437318,106.71840344850644,105.62282847093633,106.49015808105467,500000.0,0.0,0.0,0.0,VDE
1288,,2023-07-20,,,,,,,,,,,,,,,,,2059.0,13.960000038146973,14.229999542236328,13.579999923706056,13.989999771118164,0.0,0.0,0.0,,^VIX
1289,,2023-07-21,,,,,,,,,,,,,,,,,640.0,106.87361088864216,107.37575349386223,106.38060004865224,107.3392333984375,396700.0,0.0,0.0,0.0,VDE
1290,,2023-07-21,,,,,,,,,,,,,,,,,2060.0,13.869999885559082,13.890000343322754,13.369999885559082,13.600000381469728,0.0,0.0,0.0,,^VIX
1291,,2023-07-24,,,,,,,,,,,,,,,,,641.0,107.8231181121767,109.84080647281722,107.8231181121767,109.06477355957033,517100.0,0.0,0.0,0.0,VDE
1292,,2023-07-24,,,,,,,,,,,,,,,,,2061.0,14.289999961853027,14.300000190734863,13.729999542236328,13.90999984741211,0.0,0.0,0.0,,^VIX
1293,,2023-07-25,,,,,,,,,,,,,,,,,642.0,108.78174413806356,110.25164487003586,108.38003006010965,109.71298217773438,483900.0,0.0,0.0,0.0,VDE
1294,,2023-07-25,,,,,,,,,,,,,,,,,2062.0,14.020000457763672,14.09000015258789,13.81999969482422,13.859999656677246,0.0,0.0,0.0,,^VIX
1295,,2023-07-26,,,,,,,,,,,,,,,,,643.0,108.69045437205531,110.10557156997784,108.58089408043377,109.69473266601562,686200.0,0.0,0.0,0.0,VDE
1296,,2023-07-26,,,,,,,,,,,,,,,,,2063.0,13.859999656677246,14.15999984741211,13.149999618530272,13.1899995803833,0.0,0.0,0.0,,^VIX
1297,,2023-07-27,,,,,,,,,,,,,,,,,644.0,110.30643715615628,110.71727609190464,108.63567914851882,108.90957641601562,1179400.0,0.0,0.0,0.0,VDE
1298,,2023-07-27,,,,,,,,,,,,,,,,,2064.0,13.140000343322754,15.020000457763672,12.739999771118164,14.40999984741211,0.0,0.0,0.0,,^VIX
1299,,2023-07-28,,,,,,,,,,,,,,,,,645.0,109.01912389073306,109.539523065358,107.8961535847024,109.43909454345705,282500.0,0.0,0.0,0.0,VDE
1300,,2023-07-28,,,,,,,,,,,,,,,,,2065.0,14.029999732971191,14.18000030517578,13.270000457763672,13.329999923706056,0.0,0.0,0.0,,^VIX
1301,,2023-07-31,,,,,,,,,,,,,,,,,646.0,110.461625655076,111.8402296195001,110.26076861801472,111.61198425292967,398000.0,0.0,0.0,0.0,VDE
1302,,2023-07-31,,,,,,,,,,,,,,,,,2066.0,13.979999542236328,14.09000015258789,13.56999969482422,13.630000114440918,0.0,0.0,0.0,,^VIX
1303,31.0,2023-08-01,181.217,174.935,3.5,402.247,333.794,173.268,251.093,57.125,142.641,418.587,199.121,267.575,257.68,32.6,310.103,307.026,647.0,111.00030117216508,111.30158676258095,109.85907420740476,111.0733413696289,410300.0,0.0,0.0,0.0,VDE
1304,31.0,2023-08-01,181.217,174.935,3.5,402.247,333.794,173.268,251.093,57.125,142.641,418.587,199.121,267.575,257.68,32.6,310.103,307.026,2067.0,13.75,14.300000190734863,13.75,13.93000030517578,0.0,0.0,0.0,,^VIX
1305,,2023-08-02,,,,,,,,,,,,,,,,,648.0,110.31555026299031,110.77204098793972,108.64479253795656,109.6490707397461,347900.0,0.0,0.0,0.0,VDE
1306,,2023-08-02,,,,,,,,,,,,,,,,,2068.0,15.699999809265137,16.479999542236328,14.949999809265137,16.09000015258789,0.0,0.0,0.0,,^VIX
1307,,2023-08-03,,,,,,,,,,,,,,,,,649.0,109.84993983663344,111.84937166044274,109.3295406316621,110.86334991455078,419200.0,0.0,0.0,0.0,VDE
1308,,2023-08-03,,,,,,,,,,,,,,,,,2069.0,16.770000457763672,17.420000076293945,15.720000267028809,15.920000076293944,0.0,0.0,0.0,,^VIX
1309,,2023-08-04,,,,,,,,,,,,,,,,,650.0,111.52983613300724,112.72583980577006,110.97291679710315,111.00942993164062,327800.0,0.0,0.0,0.0,VDE
1310,,2023-08-04,,,,,,,,,,,,,,,,,2070.0,16.010000228881836,17.389999389648438,14.56999969482422,17.100000381469727,0.0,0.0,0.0,,^VIX
1311,,2023-08-07,,,,,,,,,,,,,,,,,651.0,111.4933103916415,111.89501754069993,110.8633508875434,111.21028137207033,270800.0,0.0,0.0,0.0,VDE
1312,,2023-08-07,,,,,,,,,,,,,,,,,2071.0,16.899999618530273,17.360000610351562,15.770000457763672,15.770000457763672,0.0,0.0,0.0,,^VIX
1313,,2023-08-08,,,,,,,,,,,,,,,,,652.0,109.7677685340833,111.87675356482684,108.62654166195006,111.849365234375,352600.0,0.0,0.0,0.0,VDE
1314,,2023-08-08,,,,,,,,,,,,,,,,,2072.0,16.280000686645508,18.13999938964844,15.960000038146973,15.989999771118164,0.0,0.0,0.0,,^VIX
1315,,2023-08-09,,,,,,,,,,,,,,,,,653.0,112.80799046669696,114.38745150629248,112.29672306220174,113.27361297607422,517500.0,0.0,0.0,0.0,VDE
1316,,2023-08-09,,,,,,,,,,,,,,,,,2073.0,15.8100004196167,16.8700008392334,15.380000114440918,15.960000038146973,0.0,0.0,0.0,,^VIX
1317,,2023-08-10,,,,,,,,,,,,,,,,,654.0,113.4105779203327,114.5244166109122,112.34239109693968,113.12755584716795,426100.0,0.0,0.0,0.0,VDE
1318,,2023-08-10,,,,,,,,,,,,,,,,,2074.0,15.579999923706056,16.860000610351562,14.600000381469728,15.850000381469728,0.0,0.0,0.0,,^VIX
1319,,2023-08-11,,,,,,,,,,,,,,,,,655.0,113.09102825077544,114.9261161696926,113.017988054317,114.74352264404295,513600.0,0.0,0.0,0.0,VDE
1320,,2023-08-11,,,,,,,,,,,,,,,,,2075.0,15.529999732971191,16.510000228881836,14.84000015258789,14.84000015258789,0.0,0.0,0.0,,^VIX
1321,,2023-08-14,,,,,,,,,,,,,,,,,656.0,114.41485333385494,114.67961883255862,113.40144320503966,114.20486450195312,540200.0,0.0,0.0,0.0,VDE
1322,,2023-08-14,,,,,,,,,,,,,,,,,2076.0,15.880000114440918,16.059999465942383,14.770000457763672,14.81999969482422,0.0,0.0,0.0,,^VIX
1323,,2023-08-15,,,,,,,,,,,,,,,,,657.0,113.31013360952063,113.47447055681675,111.69415246685966,111.8402328491211,436800.0,0.0,0.0,0.0,VDE
1324,,2023-08-15,,,,,,,,,,,,,,,,,2077.0,14.949999809265137,16.56999969482422,14.90999984741211,16.459999084472656,0.0,0.0,0.0,,^VIX
1325,,2023-08-16,,,,,,,,,,,,,,,,,658.0,111.93153319939076,113.2279652888571,110.93638668389085,110.95464324951172,383200.0,0.0,0.0,0.0,VDE
1326,,2023-08-16,,,,,,,,,,,,,,,,,2078.0,16.540000915527344,16.93000030517578,15.800000190734863,16.780000686645508,0.0,0.0,0.0,,^VIX
1327,,2023-08-17,,,,,,,,,,,,,,,,,659.0,112.39715155307071,113.77575555038956,112.29672303214376,112.30585479736328,417800.0,0.0,0.0,0.0,VDE
1328,,2023-08-17,,,,,,,,,,,,,,,,,2079.0,16.959999084472656,18.1299991607666,16.399999618530273,17.889999389648438,0.0,0.0,0.0,,^VIX
1329,,2023-08-18,,,,,,,,,,,,,,,,,660.0,111.58460000034712,113.5018597564896,111.37461119061189,113.46533966064452,376400.0,0.0,0.0,0.0,VDE
1330,,2023-08-18,,,,,,,,,,,,,,,,,2080.0,17.799999237060547,18.8799991607666,17.139999389648438,17.299999237060547,0.0,0.0,0.0,,^VIX
1331,,2023-08-21,,,,,,,,,,,,,,,,,661.0,113.9309607469549,114.42397158643644,112.07760944041074,112.78973388671876,571000.0,0.0,0.0,0.0,VDE
1332,,2023-08-21,,,,,,,,,,,,,,,,,2081.0,18.030000686645508,18.11000061035156,16.8799991607666,17.1299991607666,0.0,0.0,0.0,,^VIX
1333,,2023-08-22,,,,,,,,,,,,,,,,,662.0,113.07275547629496,113.38317280312148,111.94066038571296,111.97718048095705,313100.0,0.0,0.0,0.0,VDE
1334,,2023-08-22,,,,,,,,,,,,,,,,,2082.0,16.959999084472656,17.579999923706055,16.610000610351562,16.969999313354492,0.0,0.0,0.0,,^VIX
1335,,2023-08-23,,,,,,,,,,,,,,,,,663.0,110.92724118764696,111.8128342688095,109.95035135868832,111.62110900878906,267300.0,0.0,0.0,0.0,VDE
1336,,2023-08-23,,,,,,,,,,,,,,,,,2083.0,16.639999389648438,17.100000381469727,15.90999984741211,15.979999542236328,0.0,0.0,0.0,,^VIX
1337,,2023-08-24,,,,,,,,,,,,,,,,,664.0,110.69901638159824,112.02283688408674,110.59858785073398,110.77205657958984,325900.0,0.0,0.0,0.0,VDE
1338,,2023-08-24,,,,,,,,,,,,,,,,,2084.0,15.56999969482422,17.31999969482422,15.479999542236328,17.200000762939453,0.0,0.0,0.0,,^VIX
1339,,2023-08-25,,,,,,,,,,,,,,,,,665.0,111.49331299194296,112.41541937204585,110.52554778117148,111.9041519165039,336500.0,0.0,0.0,0.0,VDE
1340,,2023-08-25,,,,,,,,,,,,,,,,,2085.0,17.209999084472656,17.360000610351562,15.449999809265137,15.68000030517578,0.0,0.0,0.0,,^VIX
1341,,2023-08-28,,,,,,,,,,,,,,,,,666.0,112.22367862221884,113.47446572142351,112.050216882545,112.70755767822266,276000.0,0.0,0.0,0.0,VDE
1342,,2023-08-28,,,,,,,,,,,,,,,,,2086.0,16.239999771118164,16.280000686645508,15.0,15.079999923706056,0.0,0.0,0.0,,^VIX
1343,,2023-08-29,,,,,,,,,,,,,,,,,667.0,112.96320763474122,113.20970958272396,111.86762562077192,113.05450439453124,396000.0,0.0,0.0,0.0,VDE
1344,,2023-08-29,,,,,,,,,,,,,,,,,2087.0,15.079999923706056,15.300000190734863,14.34000015258789,14.449999809265137,0.0,0.0,0.0,,^VIX
1345,,2023-08-30,,,,,,,,,,,,,,,,,668.0,113.36491258432028,113.94922019430186,113.19145083371386,113.64794158935548,285900.0,0.0,0.0,0.0,VDE
1346,,2023-08-30,,,,,,,,,,,,,,,,,2088.0,14.529999732971191,14.699999809265137,13.829999923706056,13.880000114440918,0.0,0.0,0.0,,^VIX
1347,,2023-08-31,,,,,,,,,,,,,,,,,669.0,114.15008323798892,114.15008323798892,113.06363295352786,113.7848892211914,313000.0,0.0,0.0,0.0,VDE
1348,,2023-08-31,,,,,,,,,,,,,,,,,2089.0,13.979999542236328,14.0,13.4399995803833,13.56999969482422,0.0,0.0,0.0,,^VIX
1349,32.0,2023-09-01,185.925,175.238,3.2,404.487,332.098,182.025,252.368,57.362,142.618,418.587,190.761,270.998,258.934,32.5,310.817,307.789,670.0,115.0356815887373,116.35037732156758,115.0356815887373,116.14038848876952,533100.0,0.0,0.0,0.0,VDE
1350,32.0,2023-09-01,185.925,175.238,3.2,404.487,332.098,182.025,252.368,57.362,142.618,418.587,190.761,270.998,258.934,32.5,310.817,307.789,2090.0,13.5600004196167,13.5600004196167,13.020000457763672,13.09000015258789,0.0,0.0,0.0,,^VIX
1351,,2023-09-05,,,,,,,,,,,,,,,,,671.0,116.86164474435108,117.84766654360077,116.56949091111008,116.624267578125,388200.0,0.0,0.0,0.0,VDE
1352,,2023-09-05,,,,,,,,,,,,,,,,,2091.0,14.149999618530272,14.470000267028809,13.699999809265137,14.010000228881836,0.0,0.0,0.0,,^VIX
1353,,2023-09-06,,,,,,,,,,,,,,,,,672.0,116.52382322336072,117.28160648532436,115.77517869198785,116.60599517822266,413400.0,0.0,0.0,0.0,VDE
1354,,2023-09-06,,,,,,,,,,,,,,,,,2092.0,14.270000457763672,15.300000190734863,14.130000114440918,14.449999809265137,0.0,0.0,0.0,,^VIX
1355,,2023-09-07,,,,,,,,,,,,,,,,,673.0,116.67904982318424,117.40943788034998,116.18603892942188,116.43254089355467,320200.0,0.0,0.0,0.0,VDE
1356,,2023-09-07,,,,,,,,,,,,,,,,,2093.0,14.8100004196167,15.6899995803833,14.399999618530272,14.399999618530272,0.0,0.0,0.0,,^VIX
1357,,2023-09-08,,,,,,,,,,,,,,,,,674.0,116.99856663844264,118.34065047746296,116.94378998068528,117.63766479492188,416900.0,0.0,0.0,0.0,VDE
1358,,2023-09-08,,,,,,,,,,,,,,,,,2094.0,14.220000267028809,14.869999885559082,13.579999923706056,13.84000015258789,0.0,0.0,0.0,,^VIX
1359,,2023-09-11,,,,,,,,,,,,,,,,,675.0,118.19459977899888,118.69672849599291,115.5560766424348,116.04908752441406,1879700.0,0.0,0.0,0.0,VDE
1360,,2023-09-11,,,,,,,,,,,,,,,,,2095.0,14.170000076293944,14.329999923706056,13.739999771118164,13.800000190734863,0.0,0.0,0.0,,^VIX
1361,,2023-09-12,,,,,,,,,,,,,,,,,676.0,117.10814743290514,118.92497180333407,117.080759100858,118.7332534790039,464500.0,0.0,0.0,0.0,VDE
1362,,2023-09-12,,,,,,,,,,,,,,,,,2096.0,14.020000457763672,14.420000076293944,13.710000038146973,14.229999542236328,0.0,0.0,0.0,,^VIX
1363,,2023-09-13,,,,,,,,,,,,,,,,,677.0,118.93411052637542,119.15321718273744,117.1903124208654,117.77462005615234,403800.0,0.0,0.0,0.0,VDE
1364,,2023-09-13,,,,,,,,,,,,,,,,,2097.0,14.420000076293944,14.68000030517578,13.40999984741211,13.479999542236328,0.0,0.0,0.0,,^VIX
1365,,2023-09-14,,,,,,,,,,,,,,,,,678.0,118.96150408054191,119.66450380621356,118.76064701606433,119.16236114501952,544500.0,0.0,0.0,0.0,VDE
1366,,2023-09-14,,,,,,,,,,,,,,,,,2098.0,13.390000343322754,13.460000038146973,12.789999961853027,12.81999969482422,0.0,0.0,0.0,,^VIX
1367,,2023-09-15,,,,,,,,,,,,,,,,,679.0,118.45935904561831,119.28103688856636,117.5555022735809,117.6741943359375,464700.0,0.0,0.0,0.0,VDE
1368,,2023-09-15,,,,,,,,,,,,,,,,,2099.0,12.699999809265137,14.170000076293944,12.68000030517578,13.789999961853027,0.0,0.0,0.0,,^VIX
1369,,2023-09-18,,,,,,,,,,,,,,,,,680.0,118.63282980264798,119.03454393042504,117.64680801564798,118.3498077392578,506600.0,0.0,0.0,0.0,VDE
1370,,2023-09-18,,,,,,,,,,,,,,,,,2100.0,14.399999618530272,14.75,13.859999656677246,14.0,0.0,0.0,0.0,,^VIX
1371,,2023-09-19,,,,,,,,,,,,,,,,,681.0,119.36321949267813,119.39973262706953,116.6151429241859,117.2724838256836,361300.0,0.0,0.0,0.0,VDE
1372,,2023-09-19,,,,,,,,,,,,,,,,,2101.0,14.109999656677246,14.880000114440918,13.859999656677246,14.109999656677246,0.0,0.0,0.0,,^VIX
1373,,2023-09-20,,,,,,,,,,,,,,,,,682.0,116.66990014811114,118.0393653554645,116.1129809072462,116.21340942382812,792200.0,0.0,0.0,0.0,VDE
1374,,2023-09-20,,,,,,,,,,,,,,,,,2102.0,14.18000030517578,15.149999618530272,13.56999969482422,15.140000343322754,0.0,0.0,0.0,,^VIX
1375,,2023-09-21,,,,,,,,,,,,,,,,,683.0,116.77033235861384,117.12638761208272,114.41483847508069,114.53352355957033,684900.0,0.0,0.0,0.0,VDE
1376,,2023-09-21,,,,,,,,,,,,,,,,,2103.0,15.489999771118164,17.540000915527344,15.100000381469728,17.540000915527344,0.0,0.0,0.0,,^VIX
1377,,2023-09-22,,,,,,,,,,,,,,,,,684.0,115.35522043949432,116.2682020131595,114.74352445685786,114.78004455566406,378900.0,0.0,0.0,0.0,VDE
1378,,2023-09-22,,,,,,,,,,,,,,,,,2104.0,17.309999465942383,17.40999984741211,15.93000030517578,17.200000762939453,0.0,0.0,0.0,,^VIX
1379,,2023-09-25,,,,,,,,,,,,,,,,,685.0,114.7891839947562,116.53297529496112,114.69788025888924,116.38690185546876,1125500.0,0.0,0.0,0.0,VDE
1380,,2023-09-25,,,,,,,,,,,,,,,,,2105.0,17.25,18.40999984741211,16.790000915527344,16.899999618530273,0.0,0.0,0.0,,^VIX
1381,,2023-09-26,,,,,,,,,,,,,,,,,686.0,115.62911001586774,116.39601114335832,115.21826415571536,115.74779510498048,509800.0,0.0,0.0,0.0,VDE
1382,,2023-09-26,,,,,,,,,,,,,,,,,2106.0,18.030000686645508,19.5,17.170000076293945,18.940000534057617,0.0,0.0,0.0,,^VIX
1383,,2023-09-27,,,,,,,,,,,,,,,,,687.0,117.1811788750662,119.14408349044304,116.7338129333933,118.71498107910156,1021400.0,0.0,0.0,0.0,VDE
1384,,2023-09-27,,,,,,,,,,,,,,,,,2107.0,18.290000915527344,19.709999084472656,18.030000686645508,18.219999313354492,0.0,0.0,0.0,,^VIX
1385,,2023-09-28,,,,,,,,,,,,,,,,,688.0,118.41718766934152,119.54769407995474,118.00359426212908,118.83998107910156,398400.0,0.866,0.0,0.0,VDE
1386,,2023-09-28,,,,,,,,,,,,,,,,,2108.0,18.219999313354492,18.770000457763672,17.059999465942383,17.34000015258789,0.0,0.0,0.0,,^VIX
1387,,2023-09-29,,,,,,,,,,,,,,,,,689.0,118.83078351495574,118.83078351495574,116.1102473399242,116.48707580566406,522500.0,0.0,0.0,0.0,VDE
1388,,2023-09-29,,,,,,,,,,,,,,,,,2109.0,16.8700008392334,17.739999771118164,15.829999923706056,17.520000457763672,0.0,0.0,0.0,,^VIX
1389,33.0,2023-10-01,186.91,175.485,4.2,406.683,328.743,184.002,249.119,57.374,142.258,419.322,196.091,271.185,255.192,32.5,311.38,307.671,,,,,,,,,,
1390,,2023-10-02,,,,,,,,,,,,,,,,,690.0,116.3951615856255,116.59736529500792,113.2242601785193,114.10659790039062,563300.0,0.0,0.0,0.0,VDE
1391,,2023-10-02,,,,,,,,,,,,,,,,,2110.0,17.309999465942383,18.549999237060547,16.93000030517578,17.610000610351562,0.0,0.0,0.0,,^VIX
1392,,2023-10-03,,,,,,,,,,,,,,,,,691.0,113.72058033993991,114.18931766891464,112.84742856621216,113.98711395263672,515500.0,0.0,0.0,0.0,VDE
1393,,2023-10-03,,,,,,,,,,,,,,,,,2111.0,17.809999465942383,20.479999542236328,17.520000457763672,19.780000686645508,0.0,0.0,0.0,,^VIX
1394,,2023-10-04,,,,,,,,,,,,,,,,,692.0,112.33273232740414,112.42464119431956,109.235353725756,110.12688446044922,996500.0,0.0,0.0,0.0,VDE
1395,,2023-10-04,,,,,,,,,,,,,,,,,2112.0,20.719999313354492,20.8799991607666,18.299999237060547,18.579999923706055,0.0,0.0,0.0,,^VIX
1396,,2023-10-05,,,,,,,,,,,,,,,,,693.0,108.82177135804255,110.63240496996497,108.80338537547608,109.70410919189452,481500.0,0.0,0.0,0.0,VDE
1397,,2023-10-05,,,,,,,,,,,,,,,,,2113.0,18.670000076293945,19.579999923706055,18.260000228881836,18.489999771118164,0.0,0.0,0.0,,^VIX
1398,,2023-10-06,,,,,,,,,,,,,,,,,694.0,109.5386732538327,111.376878875134,108.42655969440916,110.35667419433594,551700.0,0.0,0.0,0.0,VDE
1399,,2023-10-06,,,,,,,,,,,,,,,,,2114.0,18.729999542236328,19.93000030517578,17.190000534057617,17.450000762939453,0.0,0.0,0.0,,^VIX
1400,,2023-10-09,,,,,,,,,,,,,,,,,695.0,113.55515015220269,114.64887768130458,112.70038429475798,114.2904281616211,513300.0,0.0,0.0,0.0,VDE
1401,,2023-10-09,,,,,,,,,,,,,,,,,2115.0,19.540000915527344,19.600000381469727,17.559999465942383,17.700000762939453,0.0,0.0,0.0,,^VIX
1402,,2023-10-10,,,,,,,,,,,,,,,,,696.0,114.52939727562456,115.10842949908852,113.75734729880824,114.29962158203124,336300.0,0.0,0.0,0.0,VDE
1403,,2023-10-10,,,,,,,,,,,,,,,,,2116.0,17.700000762939453,17.860000610351562,16.510000228881836,17.030000686645508,0.0,0.0,0.0,,^VIX
1404,,2023-10-11,,,,,,,,,,,,,,,,,697.0,112.70956563339404,113.13235204914784,111.5790731985343,113.02206420898438,397800.0,0.0,0.0,0.0,VDE
1405,,2023-10-11,,,,,,,,,,,,,,,,,2117.0,16.950000762939453,17.780000686645508,16.09000015258789,16.09000015258789,0.0,0.0,0.0,,^VIX
1406,,2023-10-12,,,,,,,,,,,,,,,,,698.0,114.23527362052948,114.23527362052948,112.5257420645496,113.08639526367188,295200.0,0.0,0.0,0.0,VDE
1407,,2023-10-12,,,,,,,,,,,,,,,,,2118.0,16.079999923706055,18.079999923706055,15.4399995803833,16.690000534057617,0.0,0.0,0.0,,^VIX
1408,,2023-10-13,,,,,,,,,,,,,,,,,699.0,114.89704550082448,116.1470258971005,114.34558521121988,115.60475158691406,312400.0,0.0,0.0,0.0,VDE
1409,,2023-10-13,,,,,,,,,,,,,,,,,2119.0,16.530000686645508,20.780000686645508,16.5,19.31999969482422,0.0,0.0,0.0,,^VIX
1410,,2023-10-16,,,,,,,,,,,,,,,,,700.0,116.18378448486328,116.51465503073696,115.09004994500545,116.18378448486328,450100.0,0.0,0.0,0.0,VDE
1411,,2023-10-16,,,,,,,,,,,,,,,,,2120.0,19.100000381469727,19.56999969482422,17.139999389648438,17.209999084472656,0.0,0.0,0.0,,^VIX
1412,,2023-10-17,,,,,,,,,,,,,,,,,701.0,115.8712896425428,117.80140411888776,115.8712896425428,117.43376159667967,1075400.0,0.0,0.0,0.0,VDE
1413,,2023-10-17,,,,,,,,,,,,,,,,,2121.0,17.40999984741211,18.540000915527344,16.969999313354492,17.8799991607666,0.0,0.0,0.0,,^VIX
1414,,2023-10-18,,,,,,,,,,,,,,,,,702.0,117.84735761314576,118.93189214379458,117.70949780819726,118.36205291748048,1196200.0,0.0,0.0,0.0,VDE
1415,,2023-10-18,,,,,,,,,,,,,,,,,2122.0,18.36000061035156,20.149999618530273,17.8799991607666,19.219999313354492,0.0,0.0,0.0,,^VIX
1416,,2023-10-19,,,,,,,,,,,,,,,,,703.0,117.9208844672001,119.152478774202,116.88229388213402,118.27013397216795,665700.0,0.0,0.0,0.0,VDE
1417,,2023-10-19,,,,,,,,,,,,,,,,,2123.0,19.729999542236328,21.399999618530273,18.549999237060547,21.399999618530273,0.0,0.0,0.0,,^VIX
1418,,2023-10-20,,,,,,,,,,,,,,,,,704.0,118.0955206103574,118.37124022334535,115.8529075954195,116.21135711669922,988600.0,0.0,0.0,0.0,VDE
1419,,2023-10-20,,,,,,,,,,,,,,,,,2124.0,21.59000015258789,21.829999923706055,20.420000076293945,21.709999084472656,0.0,0.0,0.0,,^VIX
1420,,2023-10-23,,,,,,,,,,,,,,,,,705.0,115.31981194179431,115.54958760693307,113.8492490873456,114.33637237548828,476600.0,0.0,0.0,0.0,VDE
1421,,2023-10-23,,,,,,,,,,,,,,,,,2125.0,21.829999923706055,23.079999923706055,19.479999542236328,20.3700008392334,0.0,0.0,0.0,,^VIX
1422,,2023-10-24,,,,,,,,,,,,,,,,,706.0,114.72240037889247,114.72240037889247,112.90257392142529,112.9301528930664,449800.0,0.0,0.0,0.0,VDE
1423,,2023-10-24,,,,,,,,,,,,,,,,,2126.0,20.030000686645508,20.239999771118164,18.649999618530273,18.969999313354492,0.0,0.0,0.0,,^VIX
1424,,2023-10-25,,,,,,,,,,,,,,,,,707.0,112.8933871826203,113.4724193636336,112.08457231266212,112.64522552490234,483500.0,0.0,0.0,0.0,VDE
1425,,2023-10-25,,,,,,,,,,,,,,,,,2127.0,19.38999938964844,21.239999771118164,18.86000061035156,20.190000534057617,0.0,0.0,0.0,,^VIX
1426,,2023-10-26,,,,,,,,,,,,,,,,,708.0,111.66179376936648,112.29597692573677,110.61401717061416,111.81804656982422,441600.0,0.0,0.0,0.0,VDE
1427,,2023-10-26,,,,,,,,,,,,,,,,,2128.0,21.780000686645508,21.959999084472656,20.219999313354492,20.68000030517578,0.0,0.0,0.0,,^VIX
1428,,2023-10-27,,,,,,,,,,,,,,,,,709.0,111.80884220575987,112.1948636476776,109.12506406833616,109.5110855102539,2760100.0,0.0,0.0,0.0,VDE
1429,,2023-10-27,,,,,,,,,,,,,,,,,2129.0,20.38999938964844,22.06999969482422,19.719999313354492,21.270000457763672,0.0,0.0,0.0,,^VIX
1430,,2023-10-30,,,,,,,,,,,,,,,,,710.0,109.81439953154646,110.6507793867607,108.75742996779874,109.8235855102539,566000.0,0.0,0.0,0.0,VDE
1431,,2023-10-30,,,,,,,,,,,,,,,,,2130.0,21.1299991607666,21.15999984741211,19.549999237060547,19.75,0.0,0.0,0.0,,^VIX
1432,,2023-10-31,,,,,,,,,,,,,,,,,711.0,109.97064959754135,110.43939398117824,108.83096410786918,110.23719024658205,583800.0,0.0,0.0,0.0,VDE
1433,,2023-10-31,,,,,,,,,,,,,,,,,2131.0,19.86000061035156,19.86000061035156,17.969999313354492,18.13999938964844,0.0,0.0,0.0,,^VIX
1434,34.0,2023-11-01,187.062,175.669,4.5,408.838,326.844,187.206,246.497,57.591,141.869,419.322,199.526,271.874,252.856,32.6,311.606,307.051,712.0,110.87136719799202,111.51474335926636,109.83278356814056,109.99822235107422,445600.0,0.0,0.0,0.0,VDE
1435,34.0,2023-11-01,187.062,175.669,4.5,408.838,326.844,187.206,246.497,57.591,141.869,419.322,199.526,271.874,252.856,32.6,311.606,307.051,2132.0,18.020000457763672,18.420000076293945,16.6299991607666,16.8700008392334,0.0,0.0,0.0,,^VIX
1436,,2023-11-02,,,,,,,,,,,,,,,,,713.0,110.26474213092986,113.47240830222631,109.68570299416474,113.32535552978516,547700.0,0.0,0.0,0.0,VDE
1437,,2023-11-02,,,,,,,,,,,,,,,,,2133.0,16.59000015258789,16.6200008392334,15.579999923706056,15.65999984741211,0.0,0.0,0.0,,^VIX
1438,,2023-11-03,,,,,,,,,,,,,,,,,714.0,113.24264987888,113.55514846268656,111.59745510194502,112.30516815185548,357400.0,0.0,0.0,0.0,VDE
1439,,2023-11-03,,,,,,,,,,,,,,,,,2134.0,15.699999809265137,15.829999923706056,14.90999984741211,14.90999984741211,0.0,0.0,0.0,,^VIX
1440,,2023-11-06,,,,,,,,,,,,,,,,,715.0,112.8382366554314,112.87500160530618,110.36585513307838,110.7334976196289,919700.0,0.0,0.0,0.0,VDE
1441,,2023-11-06,,,,,,,,,,,,,,,,,2135.0,15.390000343322754,15.579999923706056,14.84000015258789,14.890000343322754,0.0,0.0,0.0,,^VIX
1442,,2023-11-07,,,,,,,,,,,,,,,,,716.0,109.08829598974626,109.31807165270403,107.69125603213269,108.0497055053711,586200.0,0.0,0.0,0.0,VDE
1443,,2023-11-07,,,,,,,,,,,,,,,,,2136.0,15.100000381469728,15.170000076293944,14.710000038146973,14.8100004196167,0.0,0.0,0.0,,^VIX
1444,,2023-11-08,,,,,,,,,,,,,,,,,717.0,107.5809699222801,108.3346338283473,106.70781818175796,106.7445831298828,620400.0,0.0,0.0,0.0,VDE
1445,,2023-11-08,,,,,,,,,,,,,,,,,2137.0,14.90999984741211,15.09000015258789,14.300000190734863,14.449999809265137,0.0,0.0,0.0,,^VIX
1446,,2023-11-09,,,,,,,,,,,,,,,,,718.0,107.35121809279586,107.82914850014872,106.43211522218012,106.5056381225586,674900.0,0.0,0.0,0.0,VDE
1447,,2023-11-09,,,,,,,,,,,,,,,,,2138.0,14.609999656677246,15.56999969482422,14.130000114440918,15.289999961853027,0.0,0.0,0.0,,^VIX
1448,,2023-11-10,,,,,,,,,,,,,,,,,719.0,107.54419732728816,107.87507482468804,106.59752277002592,107.56257629394533,453900.0,0.0,0.0,0.0,VDE
1449,,2023-11-10,,,,,,,,,,,,,,,,,2139.0,15.09000015258789,15.449999809265137,14.15999984741211,14.170000076293944,0.0,0.0,0.0,,^VIX
1450,,2023-11-13,,,,,,,,,,,,,,,,,720.0,107.76479538586968,108.6011822383013,107.42472485045283,108.37140655517578,486500.0,0.0,0.0,0.0,VDE
1451,,2023-11-13,,,,,,,,,,,,,,,,,2140.0,15.15999984741211,15.1899995803833,14.579999923706056,14.760000228881836,0.0,0.0,0.0,,^VIX
1452,,2023-11-14,,,,,,,,,,,,,,,,,721.0,108.91367319077702,109.73167405714123,108.61036760782471,109.4467544555664,552100.0,0.0,0.0,0.0,VDE
1453,,2023-11-14,,,,,,,,,,,,,,,,,2141.0,14.829999923706056,14.859999656677246,13.90999984741211,14.15999984741211,0.0,0.0,0.0,,^VIX
1454,,2023-11-15,,,,,,,,,,,,,,,,,722.0,109.207807448751,110.59565480579693,109.01479667918017,109.12509155273438,477200.0,0.0,0.0,0.0,VDE
1455,,2023-11-15,,,,,,,,,,,,,,,,,2142.0,14.210000038146973,14.350000381469728,13.970000267028809,14.18000030517578,0.0,0.0,0.0,,^VIX
1456,,2023-11-16,,,,,,,,,,,,,,,,,723.0,108.0680992830638,108.43574177276344,105.79791444728048,106.96517181396484,725100.0,0.0,0.0,0.0,VDE
1457,,2023-11-16,,,,,,,,,,,,,,,,,2143.0,14.119999885559082,14.420000076293944,13.68000030517578,14.31999969482422,0.0,0.0,0.0,,^VIX
1458,,2023-11-17,,,,,,,,,,,,,,,,,724.0,107.93942579774676,109.83277515909668,107.7004571268724,109.16182708740234,482400.0,0.0,0.0,0.0,VDE
1459,,2023-11-17,,,,,,,,,,,,,,,,,2144.0,14.18000030517578,14.1899995803833,13.670000076293944,13.800000190734863,0.0,0.0,0.0,,^VIX
1460,,2023-11-20,,,,,,,,,,,,,,,,,725.0,109.99821768948269,110.30152328070692,109.28131866455078,109.28131866455078,807600.0,0.0,0.0,0.0,VDE
1461,,2023-11-20,,,,,,,,,,,,,,,,,2145.0,14.260000228881836,14.3100004196167,13.390000343322754,13.40999984741211,0.0,0.0,0.0,,^VIX
1462,,2023-11-21,,,,,,,,,,,,,,,,,726.0,108.65633665605206,109.25375489233674,108.06811141139582,109.02397918701172,542800.0,0.0,0.0,0.0,VDE
1463,,2023-11-21,,,,,,,,,,,,,,,,,2146.0,13.449999809265137,14.3100004196167,13.130000114440918,13.350000381469728,0.0,0.0,0.0,,^VIX
1464,,2023-11-22,,,,,,,,,,,,,,,,,727.0,106.83649244658736,109.08829819644254,106.20231637228918,108.94123840332033,459300.0,0.0,0.0,0.0,VDE
1465,,2023-11-22,,,,,,,,,,,,,,,,,2147.0,13.079999923706056,13.25,12.81999969482422,12.850000381469728,0.0,0.0,0.0,,^VIX
1466,,2023-11-24,,,,,,,,,,,,,,,,,728.0,108.93206065981718,110.3015288792065,108.93206065981718,109.49271392822266,193500.0,0.0,0.0,0.0,VDE
1467,,2023-11-24,,,,,,,,,,,,,,,,,2148.0,13.029999732971191,13.170000076293944,12.449999809265137,12.460000038146973,0.0,0.0,0.0,,^VIX
1468,,2023-11-27,,,,,,,,,,,,,,,,,729.0,108.93203845982796,109.19857905870046,108.0497007940068,108.96880340576172,469700.0,0.0,0.0,0.0,VDE
1469,,2023-11-27,,,,,,,,,,,,,,,,,2149.0,13.140000343322754,13.279999732971191,12.640000343322754,12.6899995803833,0.0,0.0,0.0,,^VIX
1470,,2023-11-28,,,,,,,,,,,,,,,,,730.0,109.14344297479836,109.97982977734397,108.82175844004884,108.95962524414062,438000.0,0.0,0.0,0.0,VDE
1471,,2023-11-28,,,,,,,,,,,,,,,,,2150.0,12.779999732971191,14.300000190734863,12.5600004196167,12.6899995803833,0.0,0.0,0.0,,^VIX
1472,,2023-11-29,,,,,,,,,,,,,,,,,731.0,109.6949041375407,109.7224760961606,107.90265670527695,108.18757629394533,699600.0,0.0,0.0,0.0,VDE
1473,,2023-11-29,,,,,,,,,,,,,,,,,2151.0,12.710000038146973,13.100000381469728,12.479999542236328,12.979999542236328,0.0,0.0,0.0,,^VIX
1474,,2023-11-30,,,,,,,,,,,,,,,,,732.0,109.15264231656636,110.58644033328056,107.67288635841498,108.93205261230467,539500.0,0.0,0.0,0.0,VDE
1475,,2023-11-30,,,,,,,,,,,,,,,,,2152.0,13.06999969482422,13.390000343322754,12.81999969482422,12.920000076293944,0.0,0.0,0.0,,^VIX
1476,35.0,2023-12-01,183.079,175.76,3.1,410.606,327.644,177.712,243.266,57.536,141.267,425.883,205.776,272.421,249.866,32.6,311.907,306.746,733.0,108.74823060915494,110.83459064176904,108.38058812865724,109.59380340576172,553100.0,0.0,0.0,0.0,VDE
1477,35.0,2023-12-01,183.079,175.76,3.1,410.606,327.644,177.712,243.266,57.536,141.267,425.883,205.776,272.421,249.866,32.6,311.907,306.746,2153.0,12.9399995803833,12.960000038146973,12.479999542236328,12.630000114440918,0.0,0.0,0.0,,^VIX
1478,,2023-12-04,,,,,,,,,,,,,,,,,734.0,108.72065303386584,109.61218372405324,108.19676480518412,108.83094787597656,545200.0,0.0,0.0,0.0,VDE
1479,,2023-12-04,,,,,,,,,,,,,,,,,2154.0,13.279999732971191,13.699999809265137,12.979999542236328,13.079999923706056,0.0,0.0,0.0,,^VIX
1480,,2023-12-05,,,,,,,,,,,,,,,,,735.0,108.79418990368542,108.96881464964385,106.80892469159208,106.91002655029295,835200.0,0.0,0.0,0.0,VDE
1481,,2023-12-05,,,,,,,,,,,,,,,,,2155.0,13.260000228881836,13.760000228881836,12.8100004196167,12.850000381469728,0.0,0.0,0.0,,^VIX
1482,,2023-12-06,,,,,,,,,,,,,,,,,736.0,106.21151421292667,106.87326933149409,104.75933716073456,104.9891128540039,826200.0,0.0,0.0,0.0,VDE
1483,,2023-12-06,,,,,,,,,,,,,,,,,2156.0,12.779999732971191,13.029999732971191,12.640000343322754,12.970000267028809,0.0,0.0,0.0,,^VIX
1484,,2023-12-07,,,,,,,,,,,,,,,,,737.0,105.57733830696264,106.1104125872849,104.11596124811624,104.4560317993164,918300.0,0.0,0.0,0.0,VDE
1485,,2023-12-07,,,,,,,,,,,,,,,,,2157.0,13.170000076293944,13.279999732971191,12.949999809265137,13.0600004196167,0.0,0.0,0.0,,^VIX
1486,,2023-12-08,,,,,,,,,,,,,,,,,738.0,105.191306176975,106.00012107897123,104.99829544232522,105.69681549072266,1291800.0,0.0,0.0,0.0,VDE
1487,,2023-12-08,,,,,,,,,,,,,,,,,2158.0,13.140000343322754,13.239999771118164,12.350000381469728,12.350000381469728,0.0,0.0,0.0,,^VIX
1488,,2023-12-11,,,,,,,,,,,,,,,,,739.0,105.65086694079548,106.064467419411,105.18212954877517,105.76116180419922,713800.0,0.0,0.0,0.0,VDE
1489,,2023-12-11,,,,,,,,,,,,,,,,,2159.0,13.050000190734863,13.140000343322754,12.609999656677246,12.630000114440918,0.0,0.0,0.0,,^VIX
1490,,2023-12-12,,,,,,,,,,,,,,,,,740.0,104.63984243825298,104.80528120702655,103.5644939473234,104.19867706298828,667700.0,0.0,0.0,0.0,VDE
1491,,2023-12-12,,,,,,,,,,,,,,,,,2160.0,12.6899995803833,12.739999771118164,11.8100004196167,12.06999969482422,0.0,0.0,0.0,,^VIX
1492,,2023-12-13,,,,,,,,,,,,,,,,,741.0,104.37330396947986,105.73357909778264,103.83103672362364,105.64167022705078,717400.0,0.0,0.0,0.0,VDE
1493,,2023-12-13,,,,,,,,,,,,,,,,,2161.0,12.199999809265137,12.460000038146973,11.81999969482422,12.1899995803833,0.0,0.0,0.0,,^VIX
1494,,2023-12-14,,,,,,,,,,,,,,,,,742.0,106.84569009749416,108.97800810540356,106.84569009749416,108.84014129638672,860700.0,0.0,0.0,0.0,VDE
1495,,2023-12-14,,,,,,,,,,,,,,,,,2162.0,11.960000038146973,12.739999771118164,11.84000015258789,12.479999542236328,0.0,0.0,0.0,,^VIX
1496,,2023-12-15,,,,,,,,,,,,,,,,,743.0,108.18757629394533,108.55521877067036,107.3787684549078,108.18757629394533,611400.0,0.0,0.0,0.0,VDE
1497,,2023-12-15,,,,,,,,,,,,,,,,,2163.0,12.119999885559082,12.539999961853027,12.010000228881836,12.279999732971191,0.0,0.0,0.0,,^VIX
1498,,2023-12-18,,,,,,,,,,,,,,,,,744.0,109.83276945925743,110.770251100656,109.0974845157393,109.21697235107422,526600.0,0.0,0.0,0.0,VDE
1499,,2023-12-18,,,,,,,,,,,,,,,,,2164.0,12.619999885559082,12.640000343322754,12.399999618530272,12.5600004196167,0.0,0.0,0.0,,^VIX
1500,,2023-12-19,,,,,,,,,,,,,,,,,745.0,109.4395603983662,110.57095938881017,109.15206924608673,110.56168365478516,554200.0,1.06,0.0,0.0,VDE
1501,,2023-12-19,,,,,,,,,,,,,,,,,2165.0,12.600000381469728,12.600000381469728,12.329999923706056,12.529999732971191,0.0,0.0,0.0,,^VIX
1502,,2023-12-20,,,,,,,,,,,,,,,,,746.0,110.84916143513274,111.52614847426368,109.2633506219106,109.35608673095705,387500.0,0.0,0.0,0.0,VDE
1503,,2023-12-20,,,,,,,,,,,,,,,,,2166.0,12.630000114440918,13.93000030517578,12.289999961853027,13.670000076293944,0.0,0.0,0.0,,^VIX
1504,,2023-12-21,,,,,,,,,,,,,,,,,747.0,109.57866006682292,110.00525182161518,108.85530144750231,109.97742462158205,424900.0,0.0,0.0,0.0,VDE
1505,,2023-12-21,,,,,,,,,,,,,,,,,2167.0,13.399999618530272,14.489999771118164,13.34000015258789,13.649999618530272,0.0,0.0,0.0,,^VIX
1506,,2023-12-22,,,,,,,,,,,,,,,,,748.0,110.65439872765552,111.1644578723613,110.0794236077427,110.283447265625,397800.0,0.0,0.0,0.0,VDE
1507,,2023-12-22,,,,,,,,,,,,,,,,,2168.0,13.720000267028809,13.960000038146973,13.0,13.029999732971191,0.0,0.0,0.0,,^VIX
1508,,2023-12-26,,,,,,,,,,,,,,,,,749.0,111.2293812128291,111.85072088456974,110.82133387004484,111.34993743896484,523600.0,0.0,0.0,0.0,VDE
1509,,2023-12-26,,,,,,,,,,,,,,,,,2169.0,13.770000457763672,13.800000190734863,12.960000038146973,12.989999771118164,0.0,0.0,0.0,,^VIX
1510,,2023-12-27,,,,,,,,,,,,,,,,,750.0,111.2293863693044,111.63742665569384,110.43184311251346,110.7007827758789,588300.0,0.0,0.0,0.0,VDE
1511,,2023-12-27,,,,,,,,,,,,,,,,,2170.0,13.020000457763672,13.039999961853027,12.369999885559082,12.43000030517578,0.0,0.0,0.0,,^VIX
1512,,2023-12-28,,,,,,,,,,,,,,,,,751.0,110.24636182014058,110.68222929852794,109.09641854706058,109.13351440429688,518400.0,0.0,0.0,0.0,VDE
1513,,2023-12-28,,,,,,,,,,,,,,,,,2171.0,12.4399995803833,12.649999618530272,12.380000114440918,12.470000267028809,0.0,0.0,0.0,,^VIX
1514,,2023-12-29,,,,,,,,,,,,,,,,,752.0,109.3838899715472,109.59718935720932,108.53070657951966,108.7625503540039,582700.0,0.0,0.0,0.0,VDE
1515,,2023-12-29,,,,,,,,,,,,,,,,,2172.0,12.550000190734863,13.1899995803833,12.359999656677246,12.449999809265137,0.0,0.0,0.0,,^VIX
1516,36.0,2024-01-01,184.262,177.271,2.9,412.019,334.374,178.925,244.056,57.873,142.186,428.635,209.264,274.112,251.306,32.4,313.623,308.417,,,,,,,,,,
1517,,2024-01-02,,,,,,,,,,,,,,,,,753.0,109.39317572691093,110.86770594689808,109.39317572691093,109.84758758544922,551000.0,0.0,0.0,0.0,VDE
1518,,2024-01-02,,,,,,,,,,,,,,,,,2173.0,13.220000267028809,14.229999542236328,13.100000381469728,13.199999809265137,0.0,0.0,0.0,,^VIX
1519,,2024-01-03,,,,,,,,,,,,,,,,,754.0,109.88469551850577,111.77654194859788,109.30972737011034,111.2850341796875,482100.0,0.0,0.0,0.0,VDE
1520,,2024-01-03,,,,,,,,,,,,,,,,,2174.0,13.350000381469728,14.220000267028809,13.329999923706056,14.039999961853027,0.0,0.0,0.0,,^VIX
1521,,2024-01-04,,,,,,,,,,,,,,,,,755.0,112.15675786478216,112.5369780139342,109.33753643507607,109.51373291015624,813200.0,0.0,0.0,0.0,VDE
1522,,2024-01-04,,,,,,,,,,,,,,,,,2175.0,13.93000030517578,14.199999809265137,13.640000343322754,14.130000114440918,0.0,0.0,0.0,,^VIX
1523,,2024-01-05,,,,,,,,,,,,,,,,,756.0,110.27419302096057,110.38547352139608,109.05005091367742,109.6435775756836,315300.0,0.0,0.0,0.0,VDE
1524,,2024-01-05,,,,,,,,,,,,,,,,,2176.0,14.239999771118164,14.579999923706056,13.289999961853027,13.350000381469728,0.0,0.0,0.0,,^VIX
1525,,2024-01-08,,,,,,,,,,,,,,,,,757.0,107.68682430433404,108.44727178088856,106.25866546781708,108.3916244506836,853800.0,0.0,0.0,0.0,VDE
1526,,2024-01-08,,,,,,,,,,,,,,,,,2177.0,14.0,14.18000030517578,13.020000457763672,13.079999923706056,0.0,0.0,0.0,,^VIX
1527,,2024-01-09,,,,,,,,,,,,,,,,,758.0,108.49363257906882,108.49363257906882,106.36994232800764,106.71307373046876,431600.0,0.0,0.0,0.0,VDE
1528,,2024-01-09,,,,,,,,,,,,,,,,,2178.0,13.199999809265137,13.449999809265137,12.739999771118164,12.760000228881836,0.0,0.0,0.0,,^VIX
1529,,2024-01-10,,,,,,,,,,,,,,,,,759.0,106.83362772807166,106.83362772807166,105.21072101386297,105.62804412841795,637600.0,0.0,0.0,0.0,VDE
1530,,2024-01-10,,,,,,,,,,,,,,,,,2179.0,12.859999656677246,12.949999809265137,12.670000076293944,12.6899995803833,0.0,0.0,0.0,,^VIX
1531,,2024-01-11,,,,,,,,,,,,,,,,,760.0,106.1195384249343,106.42557392172284,105.44255145403642,105.73931121826172,603800.0,0.0,0.0,0.0,VDE
1532,,2024-01-11,,,,,,,,,,,,,,,,,2180.0,12.640000343322754,13.3100004196167,12.350000381469728,12.4399995803833,0.0,0.0,0.0,,^VIX
1533,,2024-01-12,,,,,,,,,,,,,,,,,761.0,107.51989095273146,107.96502711968004,106.49977249657468,107.13966369628906,596800.0,0.0,0.0,0.0,VDE
1534,,2024-01-12,,,,,,,,,,,,,,,,,2181.0,12.65999984741211,13.079999923706056,12.470000267028809,12.699999809265137,0.0,0.0,0.0,,^VIX
1535,,2024-01-16,,,,,,,,,,,,,,,,,762.0,106.74088413036031,107.01909952055108,104.51518223476796,104.60792541503906,669800.0,0.0,0.0,0.0,VDE
1536,,2024-01-16,,,,,,,,,,,,,,,,,2182.0,14.119999885559082,14.350000381469728,13.520000457763672,13.84000015258789,0.0,0.0,0.0,,^VIX
1537,,2024-01-17,,,,,,,,,,,,,,,,,763.0,103.46725379772153,104.67284442299672,103.2539543823655,103.7547378540039,569200.0,0.0,0.0,0.0,VDE
1538,,2024-01-17,,,,,,,,,,,,,,,,,2183.0,14.59000015258789,15.399999618530272,14.380000114440918,14.789999961853027,0.0,0.0,0.0,,^VIX
1539,,2024-01-18,,,,,,,,,,,,,,,,,764.0,103.88456137825249,103.9402086985648,102.4842299934369,103.65271759033205,730600.0,0.0,0.0,0.0,VDE
1540,,2024-01-18,,,,,,,,,,,,,,,,,2184.0,14.850000381469728,14.890000343322754,13.890000343322754,14.130000114440918,0.0,0.0,0.0,,^VIX
1541,,2024-01-19,,,,,,,,,,,,,,,,,765.0,103.75474012271144,103.9865839345407,103.1983163893836,103.9123992919922,505100.0,0.0,0.0,0.0,VDE
1542,,2024-01-19,,,,,,,,,,,,,,,,,2185.0,13.800000190734863,14.579999923706056,13.279999732971191,13.300000190734863,0.0,0.0,0.0,,^VIX
1543,,2024-01-22,,,,,,,,,,,,,,,,,766.0,103.81038405663438,104.65429182495508,103.10557691061662,104.3297119140625,660300.0,0.0,0.0,0.0,VDE
1544,,2024-01-22,,,,,,,,,,,,,,,,,2186.0,13.770000457763672,13.84000015258789,13.170000076293944,13.1899995803833,0.0,0.0,0.0,,^VIX
1545,,2024-01-23,,,,,,,,,,,,,,,,,767.0,104.13495979810646,105.50747110215916,104.03294796229444,104.64501190185548,517600.0,0.0,0.0,0.0,VDE
1546,,2024-01-23,,,,,,,,,,,,,,,,,2187.0,13.199999809265137,13.289999961853027,12.529999732971191,12.550000190734863,0.0,0.0,0.0,,^VIX
1547,,2024-01-24,,,,,,,,,,,,,,,,,768.0,105.22925634665783,106.25864329928898,104.78411317444817,106.15663146972656,713400.0,0.0,0.0,0.0,VDE
1548,,2024-01-24,,,,,,,,,,,,,,,,,2188.0,12.65999984741211,13.18000030517578,12.40999984741211,13.140000343322754,0.0,0.0,0.0,,^VIX
1549,,2024-01-25,,,,,,,,,,,,,,,,,769.0,107.0747287475438,108.32668372391927,106.2122696170966,108.2803192138672,528600.0,0.0,0.0,0.0,VDE
1550,,2024-01-25,,,,,,,,,,,,,,,,,2189.0,13.18000030517578,13.579999923706056,13.0600004196167,13.449999809265137,0.0,0.0,0.0,,^VIX
1551,,2024-01-26,,,,,,,,,,,,,,,,,770.0,108.23395772594968,109.16133291723564,107.47351035210762,109.12423706054688,638500.0,0.0,0.0,0.0,VDE
1552,,2024-01-26,,,,,,,,,,,,,,,,,2190.0,13.729999542236328,14.100000381469728,13.199999809265137,13.260000228881836,0.0,0.0,0.0,,^VIX
1553,,2024-01-29,,,,,,,,,,,,,,,,,771.0,108.9202124607364,109.06859588623048,107.8351851942278,109.06859588623048,657100.0,0.0,0.0,0.0,VDE
1554,,2024-01-29,,,,,,,,,,,,,,,,,2191.0,13.979999542236328,15.350000381469728,13.59000015258789,13.600000381469728,0.0,0.0,0.0,,^VIX
1555,,2024-01-30,,,,,,,,,,,,,,,,,772.0,107.92792109878611,110.09798270311892,107.4920607066499,110.08870697021484,1272800.0,0.0,0.0,0.0,VDE
1556,,2024-01-30,,,,,,,,,,,,,,,,,2192.0,13.6899995803833,13.739999771118164,13.229999542236328,13.3100004196167,0.0,0.0,0.0,,^VIX
1557,,2024-01-31,,,,,,,,,,,,,,,,,773.0,110.22781603486484,110.22781603486484,107.9093780517578,107.9093780517578,1508200.0,0.0,0.0,0.0,VDE
1558,,2024-01-31,,,,,,,,,,,,,,,,,2193.0,13.420000076293944,14.609999656677246,13.18000030517578,14.350000381469728,0.0,0.0,0.0,,^VIX
1559,37.0,2024-02-01,184.65,177.934,3.0,413.695,337.766,178.32,248.295,58.044,143.26,428.635,210.58,275.24,254.926,32.2,315.419,310.326,774.0,108.52143957625364,109.09641473033383,106.87071290120106,107.79808807373048,778400.0,0.0,0.0,0.0,VDE
1560,37.0,2024-02-01,184.65,177.934,3.0,413.695,337.766,178.32,248.295,58.044,143.26,428.635,210.58,275.24,254.926,32.2,315.419,310.326,2194.0,14.210000038146973,14.630000114440918,13.869999885559082,13.880000114440918,0.0,0.0,0.0,,^VIX
1561,,2024-02-02,,,,,,,,,,,,,,,,,775.0,108.38234665772976,108.59563900038496,106.91709208299908,107.60334777832033,634000.0,0.0,0.0,0.0,VDE
1562,,2024-02-02,,,,,,,,,,,,,,,,,2195.0,13.949999809265137,14.229999542236328,13.390000343322754,13.850000381469728,0.0,0.0,0.0,,^VIX
1563,,2024-02-05,,,,,,,,,,,,,,,,,776.0,107.11184610032667,107.9001136825394,106.13809921474436,107.20458221435548,663600.0,0.0,0.0,0.0,VDE
1564,,2024-02-05,,,,,,,,,,,,,,,,,2196.0,14.369999885559082,14.529999732971191,13.579999923706056,13.670000076293944,0.0,0.0,0.0,,^VIX
1565,,2024-02-06,,,,,,,,,,,,,,,,,777.0,107.61261481422252,108.71619352281162,107.24166333378568,107.788818359375,522000.0,0.0,0.0,0.0,VDE
1566,,2024-02-06,,,,,,,,,,,,,,,,,2197.0,13.56999969482422,13.779999732971191,12.979999542236328,13.0600004196167,0.0,0.0,0.0,,^VIX
1567,,2024-02-07,,,,,,,,,,,,,,,,,778.0,108.0299291853008,108.4843481027844,107.08400964593768,107.97428894042967,397400.0,0.0,0.0,0.0,VDE
1568,,2024-02-07,,,,,,,,,,,,,,,,,2198.0,13.0600004196167,13.130000114440918,12.8100004196167,12.829999923706056,0.0,0.0,0.0,,^VIX
1569,,2024-02-08,,,,,,,,,,,,,,,,,779.0,107.90937941674429,109.48591443507472,107.89082795047048,109.13351440429688,556200.0,0.0,0.0,0.0,VDE
1570,,2024-02-08,,,,,,,,,,,,,,,,,2199.0,12.949999809265137,13.170000076293944,12.739999771118164,12.789999961853027,0.0,0.0,0.0,,^VIX
1571,,2024-02-09,,,,,,,,,,,,,,,,,780.0,109.13351563186636,109.71775947045936,107.47351314725414,107.58480072021484,431500.0,0.0,0.0,0.0,VDE
1572,,2024-02-09,,,,,,,,,,,,,,,,,2200.0,12.789999961853027,13.010000228881836,12.6899995803833,12.93000030517578,0.0,0.0,0.0,,^VIX
1573,,2024-02-12,,,,,,,,,,,,,,,,,781.0,107.81664586296056,109.16133711187187,107.81664586296056,108.8089370727539,571800.0,0.0,0.0,0.0,VDE
1574,,2024-02-12,,,,,,,,,,,,,,,,,2201.0,13.479999542236328,13.9399995803833,13.34000015258789,13.93000030517578,0.0,0.0,0.0,,^VIX
1575,,2024-02-13,,,,,,,,,,,,,,,,,782.0,108.81819760221228,109.114964444958,106.93562716423752,107.64043426513672,720400.0,0.0,0.0,0.0,VDE
1576,,2024-02-13,,,,,,,,,,,,,,,,,2202.0,13.960000038146973,17.940000534057617,13.43000030517578,15.850000381469728,0.0,0.0,0.0,,^VIX
1577,,2024-02-14,,,,,,,,,,,,,,,,,783.0,108.37306837019686,108.76256426306644,106.98200554539577,107.5384292602539,792300.0,0.0,0.0,0.0,VDE
1578,,2024-02-14,,,,,,,,,,,,,,,,,2203.0,15.380000114440918,15.470000267028809,14.220000267028809,14.380000114440918,0.0,0.0,0.0,,^VIX
1579,,2024-02-15,,,,,,,,,,,,,,,,,784.0,107.54770809496796,110.95117353972245,107.54770809496796,110.57095336914062,721800.0,0.0,0.0,0.0,VDE
1580,,2024-02-15,,,,,,,,,,,,,,,,,2204.0,14.270000457763672,14.640000343322754,13.9399995803833,14.010000228881836,0.0,0.0,0.0,,^VIX
1581,,2024-02-16,,,,,,,,,,,,,,,,,785.0,110.79352075893613,111.48905218707846,110.23709703148457,110.61731719970705,543900.0,0.0,0.0,0.0,VDE
1582,,2024-02-16,,,,,,,,,,,,,,,,,2205.0,13.9399995803833,14.710000038146973,13.75,14.239999771118164,0.0,0.0,0.0,,^VIX
1583,,2024-02-20,,,,,,,,,,,,,,,,,786.0,110.5709513228667,110.7193276798832,109.41173229022256,109.58792877197266,515900.0,0.0,0.0,0.0,VDE
1584,,2024-02-20,,,,,,,,,,,,,,,,,2206.0,15.09000015258789,15.90999984741211,15.06999969482422,15.420000076293944,0.0,0.0,0.0,,^VIX
1585,,2024-02-21,,,,,,,,,,,,,,,,,787.0,109.94033604597551,111.94346285813566,109.94033604597551,111.77653503417967,418500.0,0.0,0.0,0.0,VDE
1586,,2024-02-21,,,,,,,,,,,,,,,,,2207.0,15.539999961853027,16.1200008392334,15.220000267028809,15.34000015258789,0.0,0.0,0.0,,^VIX
1587,,2024-02-22,,,,,,,,,,,,,,,,,788.0,110.91407657601894,112.35151101890423,110.60804105071126,111.87854766845705,433900.0,0.0,0.0,0.0,VDE
1588,,2024-02-22,,,,,,,,,,,,,,,,,2208.0,14.279999732971191,14.640000343322754,14.119999885559082,14.539999961853027,0.0,0.0,0.0,,^VIX
1589,,2024-02-23,,,,,,,,,,,,,,,,,789.0,110.88625147007114,111.51686688390318,110.079432505587,111.16446685791016,445000.0,0.0,0.0,0.0,VDE
1590,,2024-02-23,,,,,,,,,,,,,,,,,2209.0,14.3100004196167,14.3100004196167,13.640000343322754,13.75,0.0,0.0,0.0,,^VIX
1591,,2024-02-26,,,,,,,,,,,,,,,,,790.0,111.13663536268416,112.21239394041092,110.46893119324208,111.52613830566406,288400.0,0.0,0.0,0.0,VDE
1592,,2024-02-26,,,,,,,,,,,,,,,,,2210.0,14.170000076293944,14.199999809265137,13.65999984741211,13.739999771118164,0.0,0.0,0.0,,^VIX
1593,,2024-02-27,,,,,,,,,,,,,,,,,791.0,111.64670664090032,112.04547828448244,110.6358710067688,111.11810302734376,370800.0,0.0,0.0,0.0,VDE
1594,,2024-02-27,,,,,,,,,,,,,,,,,2211.0,13.630000114440918,13.75,13.40999984741211,13.43000030517578,0.0,0.0,0.0,,^VIX
1595,,2024-02-28,,,,,,,,,,,,,,,,,792.0,111.2572125101781,112.09185167001264,110.4318490841506,110.88626098632812,572000.0,0.0,0.0,0.0,VDE
1596,,2024-02-28,,,,,,,,,,,,,,,,,2212.0,13.520000457763672,13.899999618530272,13.4399995803833,13.84000015258789,0.0,0.0,0.0,,^VIX
1597,,2024-02-29,,,,,,,,,,,,,,,,,793.0,111.29430642721726,111.85073016562278,110.95117503546652,111.35922241210938,365500.0,0.0,0.0,0.0,VDE
1598,,2024-02-29,,,,,,,,,,,,,,,,,2213.0,14.140000343322754,14.149999618530272,13.300000190734863,13.399999618530272,0.0,0.0,0.0,,^VIX
1599,38.0,2024-03-01,182.824,178.255,2.9,415.219,330.963,172.822,249.516,58.094,143.784,430.57,215.883,275.625,255.095,32.0,317.088,312.332,794.0,112.21240214257575,113.38089690630468,112.17530628456564,112.843017578125,419000.0,0.0,0.0,0.0,VDE
1600,38.0,2024-03-01,182.824,178.255,2.9,415.219,330.963,172.822,249.516,58.094,143.784,430.57,215.883,275.625,255.095,32.0,317.088,312.332,2214.0,13.34000015258789,13.65999984741211,13.079999923706056,13.109999656677246,0.0,0.0,0.0,,^VIX
1601,,2024-03-04,,,,,,,,,,,,,,,,,795.0,112.89865660505426,113.20469212384056,111.51686951686798,111.572509765625,465700.0,0.0,0.0,0.0,VDE
1602,,2024-03-04,,,,,,,,,,,,,,,,,2215.0,13.489999771118164,13.579999923706056,13.31999969482422,13.489999771118164,0.0,0.0,0.0,,^VIX
1603,,2024-03-05,,,,,,,,,,,,,,,,,796.0,111.41486146772895,113.10268413212312,111.31284962466296,112.32369232177734,432400.0,0.0,0.0,0.0,VDE
1604,,2024-03-05,,,,,,,,,,,,,,,,,2216.0,13.75,15.100000381469728,13.75,14.460000038146973,0.0,0.0,0.0,,^VIX
1605,,2024-03-06,,,,,,,,,,,,,,,,,797.0,113.28816244176431,113.82603470243238,112.44424757924682,112.65754699707033,477200.0,0.0,0.0,0.0,VDE
1606,,2024-03-06,,,,,,,,,,,,,,,,,2217.0,14.270000457763672,14.93000030517578,13.890000343322754,14.5,0.0,0.0,0.0,,^VIX
1607,,2024-03-07,,,,,,,,,,,,,,,,,798.0,112.87084414048812,114.2062668037738,112.80592815409572,113.6127471923828,404800.0,0.0,0.0,0.0,VDE
1608,,2024-03-07,,,,,,,,,,,,,,,,,2218.0,14.979999542236328,14.979999542236328,14.25,14.4399995803833,0.0,0.0,0.0,,^VIX
1609,,2024-03-08,,,,,,,,,,,,,,,,,799.0,113.649825111978,114.13205706686708,113.38088547500324,113.98368072509766,589900.0,0.0,0.0,0.0,VDE
1610,,2024-03-08,,,,,,,,,,,,,,,,,2219.0,14.220000267028809,15.529999732971191,13.970000267028809,14.739999771118164,0.0,0.0,0.0,,^VIX
1611,,2024-03-11,,,,,,,,,,,,,,,,,800.0,113.79820792759271,115.18927070295696,113.23250849958636,115.14290618896484,337000.0,0.0,0.0,0.0,VDE
1612,,2024-03-11,,,,,,,,,,,,,,,,,2220.0,15.510000228881836,16.040000915527344,15.130000114440918,15.220000267028809,0.0,0.0,0.0,,^VIX
1613,,2024-03-12,,,,,,,,,,,,,,,,,801.0,115.25419969239728,115.41185179332592,114.4102918592466,114.98526000976562,431200.0,0.0,0.0,0.0,VDE
1614,,2024-03-12,,,,,,,,,,,,,,,,,2221.0,14.970000267028809,15.199999809265137,13.8100004196167,13.84000015258789,0.0,0.0,0.0,,^VIX
1615,,2024-03-13,,,,,,,,,,,,,,,,,802.0,115.92189770175167,117.41497231017514,115.92189770175167,116.74726104736328,488800.0,0.0,0.0,0.0,VDE
1616,,2024-03-13,,,,,,,,,,,,,,,,,2222.0,13.890000343322754,14.039999961853027,13.670000076293944,13.75,0.0,0.0,0.0,,^VIX
1617,,2024-03-14,,,,,,,,,,,,,,,,,803.0,117.1924165450056,117.94358825683594,116.73799756410725,117.94358825683594,442200.0,0.0,0.0,0.0,VDE
1618,,2024-03-14,,,,,,,,,,,,,,,,,2223.0,13.619999885559082,15.329999923706056,13.420000076293944,14.399999618530272,0.0,0.0,0.0,,^VIX
1619,,2024-03-15,,,,,,,,,,,,,,,,,804.0,117.86938726346364,119.08425359449336,117.69319078554145,118.32379913330078,529100.0,0.0,0.0,0.0,VDE
1620,,2024-03-15,,,,,,,,,,,,,,,,,2224.0,14.329999923706056,15.529999732971191,14.140000343322754,14.40999984741211,0.0,0.0,0.0,,^VIX
1621,,2024-03-18,,,,,,,,,,,,,,,,,805.0,118.7782104060386,119.03787431488696,117.73027196278656,118.71328735351562,367400.0,0.0,0.0,0.0,VDE
1622,,2024-03-18,,,,,,,,,,,,,,,,,2225.0,14.75,14.850000381469728,14.260000228881836,14.329999923706056,0.0,0.0,0.0,,^VIX
1623,,2024-03-19,,,,,,,,,,,,,,,,,806.0,118.63910744646694,120.1321749818392,118.58346719958544,120.10435485839844,369300.0,0.0,0.0,0.0,VDE
1624,,2024-03-19,,,,,,,,,,,,,,,,,2226.0,14.5,14.859999656677246,13.800000190734863,13.81999969482422,0.0,0.0,0.0,,^VIX
1625,,2024-03-20,,,,,,,,,,,,,,,,,807.0,119.39028190195968,120.4567576641818,119.16770677174192,120.07653045654295,511600.0,0.0,0.0,0.0,VDE
1626,,2024-03-20,,,,,,,,,,,,,,,,,2227.0,13.829999923706056,14.170000076293944,13.010000228881836,13.039999961853027,0.0,0.0,0.0,,^VIX
1627,,2024-03-21,,,,,,,,,,,,,,,,,808.0,120.31766624261584,120.9390059424864,119.90961888135809,120.67005920410156,467300.0,0.0,0.0,0.0,VDE
1628,,2024-03-21,,,,,,,,,,,,,,,,,2228.0,12.979999542236328,13.079999923706056,12.399999618530272,12.920000076293944,0.0,0.0,0.0,,^VIX
1629,,2024-03-22,,,,,,,,,,,,,,,,,809.0,120.78777647455588,120.99331023316324,120.15250067912116,120.42342376708984,297100.0,0.956,0.0,0.0,VDE
1630,,2024-03-22,,,,,,,,,,,,,,,,,2229.0,12.920000076293944,13.149999618530272,12.579999923706056,13.0600004196167,0.0,0.0,0.0,,^VIX
1631,,2024-03-25,,,,,,,,,,,,,,,,,810.0,120.70370137256106,122.31993119148538,120.70370137256106,121.45109558105467,375000.0,0.0,0.0,0.0,VDE
1632,,2024-03-25,,,,,,,,,,,,,,,,,2230.0,13.670000076293944,13.670000076293944,13.109999656677246,13.1899995803833,0.0,0.0,0.0,,^VIX
1633,,2024-03-26,,,,,,,,,,,,,,,,,811.0,121.61922889104716,121.8901661900917,120.37670353803658,120.5355224609375,540600.0,0.0,0.0,0.0,VDE
1634,,2024-03-26,,,,,,,,,,,,,,,,,2231.0,13.119999885559082,13.43000030517578,12.84000015258789,13.239999771118164,0.0,0.0,0.0,,^VIX
1635,,2024-03-27,,,,,,,,,,,,,,,,,812.0,120.32999948964031,121.7406954052601,120.04972490726784,121.7126693725586,453800.0,0.0,0.0,0.0,VDE
1636,,2024-03-27,,,,,,,,,,,,,,,,,2232.0,13.130000114440918,13.34000015258789,12.65999984741211,12.779999732971191,0.0,0.0,0.0,,^VIX
1637,,2024-03-28,,,,,,,,,,,,,,,,,813.0,122.37600475468864,123.23550315590852,121.91822238926687,123.039306640625,475700.0,0.0,0.0,0.0,VDE
1638,,2024-03-28,,,,,,,,,,,,,,,,,2233.0,12.93000030517578,13.100000381469728,12.84000015258789,13.010000228881836,0.0,0.0,0.0,,^VIX
1639,39.0,2024-04-01,183.711,178.846,3.2,416.386,330.135,172.961,251.376,58.245,144.563,426.375,227.333,276.326,256.978,31.9,317.978,313.548,814.0,123.37561024605895,124.16036764956966,122.19847414079294,123.85208129882812,658000.0,0.0,0.0,0.0,VDE
1640,39.0,2024-04-01,183.711,178.846,3.2,416.386,330.135,172.961,251.376,58.245,144.563,426.375,227.333,276.326,256.978,31.9,317.978,313.548,2234.0,13.609999656677246,14.149999618530272,13.550000190734863,13.649999618530272,0.0,0.0,0.0,,^VIX
1641,,2024-04-02,,,,,,,,,,,,,,,,,815.0,124.4500022438237,125.61780117006298,123.85208976380352,125.49634552001952,528700.0,0.0,0.0,0.0,VDE
1642,,2024-04-02,,,,,,,,,,,,,,,,,2235.0,13.739999771118164,15.43000030517578,13.68000030517578,14.609999656677246,0.0,0.0,0.0,,^VIX
1643,,2024-04-03,,,,,,,,,,,,,,,,,816.0,125.91674798455756,126.65480487547256,125.62713613699258,126.4959716796875,616500.0,0.0,0.0,0.0,VDE
1644,,2024-04-03,,,,,,,,,,,,,,,,,2236.0,15.0,15.18000030517578,14.25,14.329999923706056,0.0,0.0,0.0,,^VIX
1645,,2024-04-04,,,,,,,,,,,,,,,,,817.0,126.682836387577,127.0938896453886,125.87003862095156,126.337158203125,537700.0,0.0,0.0,0.0,VDE
1646,,2024-04-04,,,,,,,,,,,,,,,,,2237.0,14.289999961853027,16.920000076293945,13.739999771118164,16.350000381469727,0.0,0.0,0.0,,^VIX
1647,,2024-04-05,,,,,,,,,,,,,,,,,818.0,126.77624065375754,128.14957324556488,126.06622408293244,127.71047973632812,427800.0,0.0,0.0,0.0,VDE
1648,,2024-04-05,,,,,,,,,,,,,,,,,2238.0,16.450000762939453,16.75,15.529999732971191,16.030000686645508,0.0,0.0,0.0,,^VIX
1649,,2024-04-08,,,,,,,,,,,,,,,,,819.0,127.82258943679204,128.1215385101211,126.62675037740745,126.93505096435548,737400.0,0.0,0.0,0.0,VDE
1650,,2024-04-08,,,,,,,,,,,,,,,,,2239.0,16.239999771118164,16.5,15.109999656677246,15.1899995803833,0.0,0.0,0.0,,^VIX
1651,,2024-04-09,,,,,,,,,,,,,,,,,820.0,127.3554841378617,127.75720011833116,126.03820355265007,126.87901306152344,551700.0,0.0,0.0,0.0,VDE
1652,,2024-04-09,,,,,,,,,,,,,,,,,2240.0,15.34000015258789,16.6299991607666,14.9399995803833,14.979999542236328,0.0,0.0,0.0,,^VIX
1653,,2024-04-10,,,,,,,,,,,,,,,,,821.0,126.55204762615254,127.74787265531528,126.03821321783448,127.32745361328124,499600.0,0.0,0.0,0.0,VDE
1654,,2024-04-10,,,,,,,,,,,,,,,,,2241.0,15.239999771118164,16.6200008392334,14.59000015258789,15.800000190734863,0.0,0.0,0.0,,^VIX
1655,,2024-04-11,,,,,,,,,,,,,,,,,822.0,127.76655265220184,127.76655265220184,125.46833211700364,127.01917266845705,451800.0,0.0,0.0,0.0,VDE
1656,,2024-04-11,,,,,,,,,,,,,,,,,2242.0,16.020000457763672,17.610000610351562,14.90999984741211,14.90999984741211,0.0,0.0,0.0,,^VIX
1657,,2024-04-12,,,,,,,,,,,,,,,,,823.0,128.01878838688705,128.8502606523971,124.59013244909356,125.20673370361328,884800.0,0.0,0.0,0.0,VDE
1658,,2024-04-12,,,,,,,,,,,,,,,,,2243.0,14.90999984741211,19.200000762939453,14.90999984741211,17.309999465942383,0.0,0.0,0.0,,^VIX
1659,,2024-04-15,,,,,,,,,,,,,,,,,824.0,125.71119913803676,126.31846304887732,123.73995425306433,123.94548797607422,675000.0,0.0,0.0,0.0,VDE
1660,,2024-04-15,,,,,,,,,,,,,,,,,2244.0,16.940000534057617,19.459999084472656,16.260000228881836,19.229999542236328,0.0,0.0,0.0,,^VIX
1661,,2024-04-16,,,,,,,,,,,,,,,,,825.0,123.54378517342909,124.05760528020495,121.87148918170014,122.9178466796875,865300.0,0.0,0.0,0.0,VDE
1662,,2024-04-16,,,,,,,,,,,,,,,,,2245.0,19.489999771118164,19.559999465942383,17.639999389648438,18.399999618530273,0.0,0.0,0.0,,^VIX
1663,,2024-04-17,,,,,,,,,,,,,,,,,826.0,122.66557748189268,123.81468740353804,121.6472604435618,122.3572769165039,400800.0,0.0,0.0,0.0,VDE
1664,,2024-04-17,,,,,,,,,,,,,,,,,2246.0,18.239999771118164,19.11000061035156,17.540000915527344,18.209999084472656,0.0,0.0,0.0,,^VIX
1665,,2024-04-18,,,,,,,,,,,,,,,,,827.0,122.87112110586502,123.23547375702093,121.68463354733936,122.08634948730467,443500.0,0.0,0.0,0.0,VDE
1666,,2024-04-18,,,,,,,,,,,,,,,,,2247.0,17.90999984741211,18.3700008392334,17.209999084472656,18.0,0.0,0.0,0.0,,^VIX
1667,,2024-04-19,,,,,,,,,,,,,,,,,828.0,122.11440904393076,124.30052529585625,122.09572026889865,123.55313110351562,537900.0,0.0,0.0,0.0,VDE
1668,,2024-04-19,,,,,,,,,,,,,,,,,2248.0,21.329999923706055,21.36000061035156,18.170000076293945,18.709999084472656,0.0,0.0,0.0,,^VIX
1669,,2024-04-22,,,,,,,,,,,,,,,,,829.0,122.99256987726444,125.15067413880148,121.95556392237,124.44064331054688,395000.0,0.0,0.0,0.0,VDE
1670,,2024-04-22,,,,,,,,,,,,,,,,,2249.0,18.59000015258789,18.719999313354492,16.690000534057617,16.940000534057617,0.0,0.0,0.0,,^VIX
1671,,2024-04-23,,,,,,,,,,,,,,,,,830.0,123.71194541162444,125.02922602247686,123.12337019074184,124.91712188720705,650500.0,0.0,0.0,0.0,VDE
1672,,2024-04-23,,,,,,,,,,,,,,,,,2250.0,16.719999313354492,16.760000228881836,15.6899995803833,15.6899995803833,0.0,0.0,0.0,,^VIX
1673,,2024-04-24,,,,,,,,,,,,,,,,,831.0,124.3565694911706,125.23475654241092,123.81470909241892,125.09461212158205,643300.0,0.0,0.0,0.0,VDE
1674,,2024-04-24,,,,,,,,,,,,,,,,,2251.0,15.760000228881836,16.3799991607666,15.579999923706056,15.970000267028809,0.0,0.0,0.0,,^VIX
1675,,2024-04-25,,,,,,,,,,,,,,,,,832.0,124.96382560437108,126.07557249180884,123.97353437012316,125.71121978759766,366000.0,0.0,0.0,0.0,VDE
1676,,2024-04-25,,,,,,,,,,,,,,,,,2252.0,16.25,17.549999237060547,15.270000457763672,15.369999885559082,0.0,0.0,0.0,,^VIX
1677,,2024-04-26,,,,,,,,,,,,,,,,,833.0,124.63682990820574,125.16000147363224,123.44100511427204,124.7115707397461,407500.0,0.0,0.0,0.0,VDE
1678,,2024-04-26,,,,,,,,,,,,,,,,,2253.0,15.489999771118164,16.059999465942383,14.920000076293944,15.029999732971191,0.0,0.0,0.0,,^VIX
1679,,2024-04-29,,,,,,,,,,,,,,,,,834.0,124.5714295644386,125.84199522285282,124.36589583621304,125.5990982055664,313100.0,0.0,0.0,0.0,VDE
1680,,2024-04-29,,,,,,,,,,,,,,,,,2254.0,15.369999885559082,15.420000076293944,14.630000114440918,14.670000076293944,0.0,0.0,0.0,,^VIX
1681,,2024-04-30,,,,,,,,,,,,,,,,,835.0,125.0292176662842,125.21606263103232,121.71266608441606,121.78740692138672,594700.0,0.0,0.0,0.0,VDE
1682,,2024-04-30,,,,,,,,,,,,,,,,,2255.0,14.81999969482422,15.899999618530272,14.670000076293944,15.649999618530272,0.0,0.0,0.0,,^VIX
1683,40.0,2024-05-01,187.023,179.153,3.3,417.772,329.435,181.575,248.763,58.195,144.504,426.375,232.147,276.689,255.313,31.8,318.629,314.069,836.0,121.53516304624192,121.9088672454478,119.10614277283408,119.79747772216795,713300.0,0.0,0.0,0.0,VDE
1684,40.0,2024-05-01,187.023,179.153,3.3,417.772,329.435,181.575,248.763,58.195,144.504,426.375,232.147,276.689,255.313,31.8,318.629,314.069,2256.0,15.75,16.219999313354492,14.350000381469728,15.390000343322754,0.0,0.0,0.0,,^VIX
1685,,2024-05-02,,,,,,,,,,,,,,,,,837.0,120.54488258091394,121.21753594392162,119.93763280434032,120.58226013183594,383000.0,0.0,0.0,0.0,VDE
1686,,2024-05-02,,,,,,,,,,,,,,,,,2257.0,15.140000343322754,16.09000015258789,14.600000381469728,14.68000030517578,0.0,0.0,0.0,,^VIX
1687,,2024-05-03,,,,,,,,,,,,,,,,,838.0,120.70370047374249,120.9466117865254,119.2369452308314,120.67567443847656,467900.0,0.0,0.0,0.0,VDE
1688,,2024-05-03,,,,,,,,,,,,,,,,,2258.0,14.510000228881836,14.579999923706056,13.479999542236328,13.489999771118164,0.0,0.0,0.0,,^VIX
1689,,2024-05-06,,,,,,,,,,,,,,,,,839.0,121.1988165875778,122.92716436997344,121.1988165875778,121.69396209716795,636400.0,0.0,0.0,0.0,VDE
1690,,2024-05-06,,,,,,,,,,,,,,,,,2259.0,13.979999542236328,14.020000457763672,13.4399995803833,13.489999771118164,0.0,0.0,0.0,,^VIX
1691,,2024-05-07,,,,,,,,,,,,,,,,,840.0,121.8341348067885,122.5815290013799,121.6566270818452,121.6753158569336,399700.0,0.0,0.0,0.0,VDE
1692,,2024-05-07,,,,,,,,,,,,,,,,,2260.0,13.520000457763672,13.640000343322754,13.15999984741211,13.229999542236328,0.0,0.0,0.0,,^VIX
1693,,2024-05-08,,,,,,,,,,,,,,,,,841.0,121.0493546208293,122.10503500196874,120.81579486977148,121.48843383789062,261300.0,0.0,0.0,0.0,VDE
1694,,2024-05-08,,,,,,,,,,,,,,,,,2261.0,13.239999771118164,13.510000228881836,12.9399995803833,13.0,0.0,0.0,0.0,,^VIX
1695,,2024-05-09,,,,,,,,,,,,,,,,,842.0,121.67529941080277,123.1980993737524,121.67529941080277,123.16073608398438,265800.0,0.0,0.0,0.0,VDE
1696,,2024-05-09,,,,,,,,,,,,,,,,,2262.0,13.079999923706056,13.289999961853027,12.68000030517578,12.6899995803833,0.0,0.0,0.0,,^VIX
1697,,2024-05-10,,,,,,,,,,,,,,,,,843.0,123.5157383511143,123.88009097287284,122.02095032293025,122.3572769165039,271000.0,0.0,0.0,0.0,VDE
1698,,2024-05-10,,,,,,,,,,,,,,,,,2263.0,12.770000457763672,12.960000038146973,12.5,12.550000190734863,0.0,0.0,0.0,,^VIX
1699,,2024-05-13,,,,,,,,,,,,,,,,,844.0,122.6375689409755,123.10468848447164,121.5725369520186,121.98360443115234,906600.0,0.0,0.0,0.0,VDE
1700,,2024-05-13,,,,,,,,,,,,,,,,,2264.0,13.260000228881836,13.65999984741211,13.25,13.600000381469728,0.0,0.0,0.0,,^VIX
1701,,2024-05-14,,,,,,,,,,,,,,,,,845.0,121.8808277628149,122.48807741839744,121.432382773254,122.40399932861328,410900.0,0.0,0.0,0.0,VDE
1702,,2024-05-14,,,,,,,,,,,,,,,,,2265.0,13.710000038146973,14.029999732971191,13.270000457763672,13.420000076293944,0.0,0.0,0.0,,^VIX
1703,,2024-05-15,,,,,,,,,,,,,,,,,846.0,122.31991784955368,122.8431037171844,120.44210240078138,122.66559600830078,475200.0,0.0,0.0,0.0,VDE
1704,,2024-05-15,,,,,,,,,,,,,,,,,2266.0,13.729999542236328,13.9399995803833,12.380000114440918,12.449999809265137,0.0,0.0,0.0,,^VIX
1705,,2024-05-16,,,,,,,,,,,,,,,,,847.0,122.4600699759172,123.28220499287626,122.03031369286364,122.28256225585938,307100.0,0.0,0.0,0.0,VDE
1706,,2024-05-16,,,,,,,,,,,,,,,,,2267.0,12.520000457763672,12.670000076293944,12.329999923706056,12.420000076293944,0.0,0.0,0.0,,^VIX
1707,,2024-05-17,,,,,,,,,,,,,,,,,848.0,122.60019225015256,124.16036982567564,122.58151773213952,124.01090240478516,324100.0,0.0,0.0,0.0,VDE
1708,,2024-05-17,,,,,,,,,,,,,,,,,2268.0,12.279999732971191,12.479999542236328,11.90999984741211,11.989999771118164,0.0,0.0,0.0,,^VIX
1709,,2024-05-20,,,,,,,,,,,,,,,,,849.0,124.06695350461698,124.32853930833744,123.15140319159534,123.4316635131836,293600.0,0.0,0.0,0.0,VDE
1710,,2024-05-20,,,,,,,,,,,,,,,,,2269.0,12.270000457763672,12.59000015258789,12.06999969482422,12.149999618530272,0.0,0.0,0.0,,^VIX
1711,,2024-05-21,,,,,,,,,,,,,,,,,850.0,123.09534452979692,124.08564999732612,122.77770664199824,122.89916229248048,354000.0,0.0,0.0,0.0,VDE
1712,,2024-05-21,,,,,,,,,,,,,,,,,2270.0,12.300000190734863,12.5600004196167,11.84000015258789,11.859999656677246,0.0,0.0,0.0,,^VIX
1713,,2024-05-22,,,,,,,,,,,,,,,,,851.0,122.35729233043064,122.3666295892168,120.00300587883444,120.47947692871094,480400.0,0.0,0.0,0.0,VDE
1714,,2024-05-22,,,,,,,,,,,,,,,,,2271.0,12.050000190734863,12.8100004196167,11.779999732971191,12.289999961853027,0.0,0.0,0.0,,^VIX
1715,,2024-05-23,,,,,,,,,,,,,,,,,852.0,121.03067691514568,121.55384852449215,119.09680228467866,119.2929916381836,546000.0,0.0,0.0,0.0,VDE
1716,,2024-05-23,,,,,,,,,,,,,,,,,2272.0,11.529999732971191,13.369999885559082,11.520000457763672,12.770000457763672,0.0,0.0,0.0,,^VIX
1717,,2024-05-24,,,,,,,,,,,,,,,,,853.0,119.9749827111358,120.51684309616456,119.18088090696811,119.48918151855467,378500.0,0.0,0.0,0.0,VDE
1718,,2024-05-24,,,,,,,,,,,,,,,,,2273.0,12.859999656677246,12.890000343322754,11.890000343322754,11.93000030517578,0.0,0.0,0.0,,^VIX
1719,,2024-05-28,,,,,,,,,,,,,,,,,854.0,119.98432251383564,121.1054208544114,119.74142547623492,120.8531723022461,499200.0,0.0,0.0,0.0,VDE
1720,,2024-05-28,,,,,,,,,,,,,,,,,2274.0,12.510000228881836,13.4399995803833,12.359999656677246,12.920000076293944,0.0,0.0,0.0,,^VIX
1721,,2024-05-29,,,,,,,,,,,,,,,,,855.0,120.32066714129968,120.48883761965438,118.24666198654968,118.75115203857422,265600.0,0.0,0.0,0.0,VDE
1722,,2024-05-29,,,,,,,,,,,,,,,,,2275.0,13.75,14.31999969482422,13.6899995803833,14.279999732971191,0.0,0.0,0.0,,^VIX
1723,,2024-05-30,,,,,,,,,,,,,,,,,856.0,118.53625642291716,119.53589199151509,118.53625642291716,119.17153930664062,217300.0,0.0,0.0,0.0,VDE
1724,,2024-05-30,,,,,,,,,,,,,,,,,2276.0,14.81999969482422,14.880000114440918,13.670000076293944,14.470000267028809,0.0,0.0,0.0,,^VIX
1725,,2024-05-31,,,,,,,,,,,,,,,,,857.0,119.36772293080308,122.09570643436597,119.31167086741648,121.97425079345705,238400.0,0.0,0.0,0.0,VDE
1726,,2024-05-31,,,,,,,,,,,,,,,,,2277.0,14.5,14.869999885559082,12.84000015258789,12.920000076293944,0.0,0.0,0.0,,^VIX
1727,41.0,2024-06-01,186.97,179.37,3.0,418.82,328.304,182.698,247.72,58.052,145.321,428.91,233.312,277.045,255.914,31.8,319.003,314.175,,,,,,,,,,
1728,,2024-06-03,,,,,,,,,,,,,,,,,858.0,121.65661660812977,121.65661660812977,117.92900459899477,118.6763916015625,371700.0,0.0,0.0,0.0,VDE
1729,,2024-06-03,,,,,,,,,,,,,,,,,2278.0,13.079999923706056,14.3100004196167,13.0,13.109999656677246,0.0,0.0,0.0,,^VIX
1730,,2024-06-04,,,,,,,,,,,,,,,,,859.0,117.6674183802001,117.6674183802001,115.99513656995369,117.3217544555664,380200.0,0.0,0.0,0.0,VDE
1731,,2024-06-04,,,,,,,,,,,,,,,,,2279.0,13.510000228881836,14.079999923706056,13.109999656677246,13.15999984741211,0.0,0.0,0.0,,^VIX
1732,,2024-06-05,,,,,,,,,,,,,,,,,860.0,117.6207036004593,117.75149650367224,116.78923137531471,117.47122192382812,203900.0,0.0,0.0,0.0,VDE
1733,,2024-06-05,,,,,,,,,,,,,,,,,2280.0,13.140000343322754,13.25,12.600000381469728,12.630000114440918,0.0,0.0,0.0,,^VIX
1734,,2024-06-06,,,,,,,,,,,,,,,,,861.0,117.10687892963976,118.05046249027808,116.67712976530925,117.96637725830078,198000.0,0.0,0.0,0.0,VDE
1735,,2024-06-06,,,,,,,,,,,,,,,,,2281.0,12.75,12.979999542236328,12.539999961853027,12.579999923706056,0.0,0.0,0.0,,^VIX
1736,,2024-06-07,,,,,,,,,,,,,,,,,862.0,117.8262389922272,118.73244494070076,116.98542236859728,117.43385314941406,169600.0,0.0,0.0,0.0,VDE
1737,,2024-06-07,,,,,,,,,,,,,,,,,2282.0,12.6899995803833,13.079999923706056,12.109999656677246,12.220000267028809,0.0,0.0,0.0,,^VIX
1738,,2024-06-10,,,,,,,,,,,,,,,,,863.0,117.87294968898732,119.38641965027077,117.70478635995585,118.7978515625,201800.0,0.0,0.0,0.0,VDE
1739,,2024-06-10,,,,,,,,,,,,,,,,,2283.0,13.09000015258789,13.279999732971191,12.619999885559082,12.739999771118164,0.0,0.0,0.0,,^VIX
1740,,2024-06-11,,,,,,,,,,,,,,,,,864.0,118.06913205601325,118.69507765501382,117.2470042337251,118.61099243164062,190200.0,0.0,0.0,0.0,VDE
1741,,2024-06-11,,,,,,,,,,,,,,,,,2284.0,12.850000381469728,13.470000267028809,12.779999732971191,12.850000381469728,0.0,0.0,0.0,,^VIX
1742,,2024-06-12,,,,,,,,,,,,,,,,,865.0,119.67603333020384,119.67603333020384,117.05081663611575,117.56464385986328,257600.0,0.0,0.0,0.0,VDE
1743,,2024-06-12,,,,,,,,,,,,,,,,,2285.0,13.100000381469728,13.149999618530272,11.9399995803833,12.039999961853027,0.0,0.0,0.0,,^VIX
1744,,2024-06-13,,,,,,,,,,,,,,,,,866.0,117.27503818611648,117.42451986990736,115.66814572375957,116.3501434326172,435300.0,0.0,0.0,0.0,VDE
1745,,2024-06-13,,,,,,,,,,,,,,,,,2286.0,12.050000190734863,12.68000030517578,11.880000114440918,11.9399995803833,0.0,0.0,0.0,,^VIX
1746,,2024-06-14,,,,,,,,,,,,,,,,,867.0,116.16327891438328,116.16327891438328,114.77126473931008,115.07022094726562,277200.0,0.0,0.0,0.0,VDE
1747,,2024-06-14,,,,,,,,,,,,,,,,,2287.0,12.220000267028809,13.449999809265137,12.119999885559082,12.65999984741211,0.0,0.0,0.0,,^VIX
1748,,2024-06-17,,,,,,,,,,,,,,,,,868.0,115.07022852871246,115.86433034019429,114.5937717184306,115.40655517578124,254000.0,0.0,0.0,0.0,VDE
1749,,2024-06-17,,,,,,,,,,,,,,,,,2288.0,13.06999969482422,13.289999961853027,12.5,12.75,0.0,0.0,0.0,,^VIX
1750,,2024-06-18,,,,,,,,,,,,,,,,,869.0,116.0324908271804,117.25634886819267,115.80827544384198,116.0605239868164,244700.0,0.0,0.0,0.0,VDE
1751,,2024-06-18,,,,,,,,,,,,,,,,,2289.0,12.699999809265137,12.739999771118164,12.239999771118164,12.300000190734863,0.0,0.0,0.0,,^VIX
1752,,2024-06-20,,,,,,,,,,,,,,,,,870.0,116.31276897303852,118.45217738617733,115.93907190421592,117.86360931396484,285600.0,0.0,0.0,0.0,VDE
1753,,2024-06-20,,,,,,,,,,,,,,,,,2290.0,12.5,13.550000190734863,12.18000030517578,13.279999732971191,0.0,0.0,0.0,,^VIX
1754,,2024-06-21,,,,,,,,,,,,,,,,,871.0,118.30269802652232,118.41480928767032,117.06016540527344,117.06016540527344,242800.0,0.0,0.0,0.0,VDE
1755,,2024-06-21,,,,,,,,,,,,,,,,,2291.0,13.220000267028809,13.779999732971191,12.989999771118164,13.199999809265137,0.0,0.0,0.0,,^VIX
1756,,2024-06-24,,,,,,,,,,,,,,,,,872.0,117.7141166446984,120.63828934211004,117.7141166446984,120.1991958618164,369000.0,0.0,0.0,0.0,VDE
1757,,2024-06-24,,,,,,,,,,,,,,,,,2292.0,13.850000381469728,13.880000114440918,13.149999618530272,13.329999923706056,0.0,0.0,0.0,,^VIX
1758,,2024-06-25,,,,,,,,,,,,,,,,,873.0,120.18985086394208,120.44209940478396,119.36772304686586,120.4327621459961,254700.0,0.0,0.0,0.0,VDE
1759,,2024-06-25,,,,,,,,,,,,,,,,,2293.0,13.479999542236328,13.520000457763672,12.84000015258789,12.84000015258789,0.0,0.0,0.0,,^VIX
1760,,2024-06-26,,,,,,,,,,,,,,,,,874.0,120.40472853376896,120.40472853376896,118.74177710370242,119.42377471923828,472400.0,0.0,0.0,0.0,VDE
1761,,2024-06-26,,,,,,,,,,,,,,,,,2294.0,12.8100004196167,13.239999771118164,12.369999885559082,12.550000190734863,0.0,0.0,0.0,,^VIX
1762,,2024-06-27,,,,,,,,,,,,,,,,,875.0,119.95629773950724,120.12446819450116,119.00337696984104,119.6573486328125,291700.0,0.0,0.0,0.0,VDE
1763,,2024-06-27,,,,,,,,,,,,,,,,,2295.0,12.6899995803833,12.770000457763672,12.210000038146973,12.239999771118164,0.0,0.0,0.0,,^VIX
1764,,2024-06-28,,,,,,,,,,,,,,,,,876.0,120.57785487258684,121.11433461824656,119.78723840254428,120.0696029663086,339100.0,0.948,0.0,0.0,VDE
1765,,2024-06-28,,,,,,,,,,,,,,,,,2296.0,12.239999771118164,12.760000228881836,11.869999885559082,12.4399995803833,0.0,0.0,0.0,,^VIX
1766,42.0,2024-07-01,191.387,179.377,2.9,420.577,325.556,190.065,249.847,57.453,145.264,429.801,236.466,277.493,257.321,31.8,319.214,314.54,877.0,120.86961803178104,121.41551898783842,119.45780967145734,120.0601806640625,302900.0,0.0,0.0,0.0,VDE
1767,42.0,2024-07-01,191.387,179.377,2.9,420.577,325.556,190.065,249.847,57.453,145.264,429.801,236.466,277.493,257.321,31.8,319.214,314.54,2297.0,12.979999542236328,13.260000228881836,12.100000381469728,12.220000267028809,0.0,0.0,0.0,,^VIX
1768,,2024-07-02,,,,,,,,,,,,,,,,,878.0,121.22727964517829,121.27434279576003,119.45780858723562,120.18254089355467,338700.0,0.0,0.0,0.0,VDE
1769,,2024-07-02,,,,,,,,,,,,,,,,,2298.0,12.670000076293944,12.880000114440918,11.850000381469728,12.029999732971191,0.0,0.0,0.0,,^VIX
1770,,2024-07-03,,,,,,,,,,,,,,,,,879.0,120.23902377946936,121.31199766377868,120.14490464907594,120.73786163330078,176600.0,0.0,0.0,0.0,VDE
1771,,2024-07-03,,,,,,,,,,,,,,,,,2299.0,12.130000114440918,12.229999542236328,11.949999809265137,12.09000015258789,0.0,0.0,0.0,,^VIX
1772,,2024-07-05,,,,,,,,,,,,,,,,,880.0,120.56843307880824,120.58724684885024,118.29071025878213,118.73307800292967,256400.0,0.0,0.0,0.0,VDE
1773,,2024-07-05,,,,,,,,,,,,,,,,,2300.0,12.369999885559082,12.609999656677246,11.84000015258789,12.479999542236328,0.0,0.0,0.0,,^VIX
1774,,2024-07-08,,,,,,,,,,,,,,,,,881.0,118.02717969086096,119.20368665113502,117.79187829880613,118.25306701660156,267800.0,0.0,0.0,0.0,VDE
1775,,2024-07-08,,,,,,,,,,,,,,,,,2301.0,12.90999984741211,12.90999984741211,12.3100004196167,12.369999885559082,0.0,0.0,0.0,,^VIX
1776,,2024-07-09,,,,,,,,,,,,,,,,,882.0,117.20832687569036,118.44130385761528,116.8506713490938,117.18009185791016,220500.0,0.0,0.0,0.0,VDE
1777,,2024-07-09,,,,,,,,,,,,,,,,,2302.0,12.479999542236328,12.609999656677246,12.350000381469728,12.510000228881836,0.0,0.0,0.0,,^VIX
1778,,2024-07-10,,,,,,,,,,,,,,,,,883.0,117.16128051527284,118.08365801560711,116.7847968253933,117.97071075439452,281000.0,0.0,0.0,0.0,VDE
1779,,2024-07-10,,,,,,,,,,,,,,,,,2303.0,12.510000228881836,12.920000076293944,12.390000343322754,12.850000381469728,0.0,0.0,0.0,,^VIX
1780,,2024-07-11,,,,,,,,,,,,,,,,,884.0,117.99895400878142,119.60841479607689,117.46246707968294,119.48605346679688,266600.0,0.0,0.0,0.0,VDE
1781,,2024-07-11,,,,,,,,,,,,,,,,,2304.0,12.880000114440918,13.329999923706056,12.229999542236328,12.920000076293944,0.0,0.0,0.0,,^VIX
1782,,2024-07-12,,,,,,,,,,,,,,,,,885.0,120.19195272449628,120.42725412542978,119.03427385316768,119.83429718017578,310500.0,0.0,0.0,0.0,VDE
1783,,2024-07-12,,,,,,,,,,,,,,,,,2305.0,12.869999885559082,12.890000343322754,12.109999656677246,12.460000038146973,0.0,0.0,0.0,,^VIX
1784,,2024-07-15,,,,,,,,,,,,,,,,,886.0,120.68137773648864,122.74262020536256,120.18253993992592,121.81082153320312,378900.0,0.0,0.0,0.0,VDE
1785,,2024-07-15,,,,,,,,,,,,,,,,,2306.0,12.779999732971191,13.260000228881836,12.75,13.119999885559082,0.0,0.0,0.0,,^VIX
1786,,2024-07-16,,,,,,,,,,,,,,,,,887.0,121.29315796203907,122.42261614236617,120.62491004572485,122.30025482177734,325100.0,0.0,0.0,0.0,VDE
1787,,2024-07-16,,,,,,,,,,,,,,,,,2307.0,13.380000114440918,13.470000267028809,12.949999809265137,13.1899995803833,0.0,0.0,0.0,,^VIX
1788,,2024-07-17,,,,,,,,,,,,,,,,,888.0,122.74262504897888,124.24854538347184,122.4226185935856,123.25086975097656,240700.0,0.0,0.0,0.0,VDE
1789,,2024-07-17,,,,,,,,,,,,,,,,,2308.0,13.600000381469728,14.880000114440918,13.539999961853027,14.479999542236328,0.0,0.0,0.0,,^VIX
1790,,2024-07-18,,,,,,,,,,,,,,,,,889.0,123.2414605612459,124.71914584920596,122.71438773594404,123.35440063476562,299600.0,0.0,0.0,0.0,VDE
1791,,2024-07-18,,,,,,,,,,,,,,,,,2309.0,14.270000457763672,16.43000030517578,14.079999923706056,15.93000030517578,0.0,0.0,0.0,,^VIX
1792,,2024-07-19,,,,,,,,,,,,,,,,,890.0,123.09086333486744,123.80617439809863,121.7449462629343,121.98965454101562,195400.0,0.0,0.0,0.0,VDE
1793,,2024-07-19,,,,,,,,,,,,,,,,,2310.0,16.440000534057617,17.190000534057617,10.619999885559082,16.520000457763672,0.0,0.0,0.0,,^VIX
1794,,2024-07-22,,,,,,,,,,,,,,,,,891.0,121.51905031575318,122.00848122777288,120.6343147922912,121.3684539794922,318700.0,0.0,0.0,0.0,VDE
1795,,2024-07-22,,,,,,,,,,,,,,,,,2311.0,16.790000915527344,16.889999389648438,14.75,14.90999984741211,0.0,0.0,0.0,,^VIX
1796,,2024-07-23,,,,,,,,,,,,,,,,,892.0,121.00140745616872,121.05787750261898,119.31664832238044,119.5707778930664,239200.0,0.0,0.0,0.0,VDE
1797,,2024-07-23,,,,,,,,,,,,,,,,,2312.0,15.210000038146973,15.350000381469728,13.899999618530272,14.720000267028809,0.0,0.0,0.0,,^VIX
1798,,2024-07-24,,,,,,,,,,,,,,,,,893.0,119.91900060734174,120.5778416092148,118.70484460603711,119.36368560791016,575000.0,0.0,0.0,0.0,VDE
1799,,2024-07-24,,,,,,,,,,,,,,,,,2313.0,15.350000381469728,18.459999084472656,15.18000030517578,18.040000915527344,0.0,0.0,0.0,,^VIX
1800,,2024-07-25,,,,,,,,,,,,,,,,,894.0,119.18486551740077,121.6602337220802,118.8648590522122,121.08609771728516,328400.0,0.0,0.0,0.0,VDE
1801,,2024-07-25,,,,,,,,,,,,,,,,,2314.0,18.40999984741211,19.36000061035156,16.420000076293945,18.459999084472656,0.0,0.0,0.0,,^VIX
1802,,2024-07-26,,,,,,,,,,,,,,,,,895.0,121.07667933498723,122.12141805232892,120.54960653374398,121.60375213623048,255500.0,0.0,0.0,0.0,VDE
1803,,2024-07-26,,,,,,,,,,,,,,,,,2315.0,17.969999313354492,18.049999237060547,16.3700008392334,16.389999389648438,0.0,0.0,0.0,,^VIX
1804,,2024-07-29,,,,,,,,,,,,,,,,,896.0,121.67904625249,121.78257943226376,119.58956888735116,120.48371124267578,282100.0,0.0,0.0,0.0,VDE
1805,,2024-07-29,,,,,,,,,,,,,,,,,2316.0,16.59000015258789,17.209999084472656,16.229999542236328,16.600000381469727,0.0,0.0,0.0,,^VIX
1806,,2024-07-30,,,,,,,,,,,,,,,,,897.0,120.54020395077347,122.62966709837472,120.54020395077347,122.29083251953124,512300.0,0.0,0.0,0.0,VDE
1807,,2024-07-30,,,,,,,,,,,,,,,,,2317.0,16.639999389648438,18.31999969482422,16.260000228881836,17.690000534057617,0.0,0.0,0.0,,^VIX
1808,,2024-07-31,,,,,,,,,,,,,,,,,898.0,123.72147443116816,124.11677906355064,122.9120370329589,122.98733520507812,344900.0,0.0,0.0,0.0,VDE
1809,,2024-07-31,,,,,,,,,,,,,,,,,2318.0,16.65999984741211,16.770000457763672,15.710000038146973,16.360000610351562,0.0,0.0,0.0,,^VIX
1810,43.0,2024-08-01,185.349,179.846,2.8,422.223,324.65,176.722,249.168,57.484,145.589,429.801,239.277,278.028,255.463,31.8,320.017,314.796,899.0,122.9967429879953,123.39206198491874,119.00604036817737,119.71194458007812,697200.0,0.0,0.0,0.0,VDE
1811,43.0,2024-08-01,185.349,179.846,2.8,422.223,324.65,176.722,249.168,57.484,145.589,429.801,239.277,278.028,255.463,31.8,320.017,314.796,2319.0,16.200000762939453,19.479999542236328,15.949999809265137,18.59000015258789,0.0,0.0,0.0,,^VIX
1812,,2024-08-02,,,,,,,,,,,,,,,,,900.0,118.8554378148002,118.8554378148002,115.16591371670846,116.15418243408205,685900.0,0.0,0.0,0.0,VDE
1813,,2024-08-02,,,,,,,,,,,,,,,,,2320.0,20.520000457763672,29.65999984741211,20.010000228881836,23.38999938964844,0.0,0.0,0.0,,^VIX
1814,,2024-08-05,,,,,,,,,,,,,,,,,901.0,113.029369584986,114.45059195766304,112.0316940128062,113.6976318359375,800200.0,0.0,0.0,0.0,VDE
1815,,2024-08-05,,,,,,,,,,,,,,,,,2321.0,23.38999938964844,65.7300033569336,23.38999938964844,38.56999969482422,0.0,0.0,0.0,,^VIX
1816,,2024-08-06,,,,,,,,,,,,,,,,,902.0,114.0647090052656,115.39180516773956,113.52822210029464,114.1494140625,424200.0,0.0,0.0,0.0,VDE
1817,,2024-08-06,,,,,,,,,,,,,,,,,2322.0,33.709999084472656,34.77000045776367,24.020000457763672,27.709999084472656,0.0,0.0,0.0,,^VIX
1818,,2024-08-07,,,,,,,,,,,,,,,,,903.0,115.80592705486688,116.70006941891003,114.57295013204715,114.6858901977539,366700.0,0.0,0.0,0.0,VDE
1819,,2024-08-07,,,,,,,,,,,,,,,,,2323.0,24.770000457763672,29.760000228881836,21.969999313354492,27.850000381469727,0.0,0.0,0.0,,^VIX
1820,,2024-08-08,,,,,,,,,,,,,,,,,904.0,115.2129851334945,117.33069781052308,115.20357106652,117.2177505493164,198400.0,0.0,0.0,0.0,VDE
1821,,2024-08-08,,,,,,,,,,,,,,,,,2324.0,28.34000015258789,29.469999313354492,23.36000061035156,23.790000915527344,0.0,0.0,0.0,,^VIX
1822,,2024-08-09,,,,,,,,,,,,,,,,,905.0,117.17067807404167,117.8295262740905,116.32359163445234,117.3306884765625,173500.0,0.0,0.0,0.0,VDE
1823,,2024-08-09,,,,,,,,,,,,,,,,,2325.0,23.780000686645508,24.520000457763672,20.260000228881836,20.3700008392334,0.0,0.0,0.0,,^VIX
1824,,2024-08-12,,,,,,,,,,,,,,,,,906.0,118.12129150713832,118.67659931125084,117.49068553882566,118.11187744140624,295200.0,0.0,0.0,0.0,VDE
1825,,2024-08-12,,,,,,,,,,,,,,,,,2326.0,20.790000915527344,21.190000534057617,18.88999938964844,20.709999084472656,0.0,0.0,0.0,,^VIX
1826,,2024-08-13,,,,,,,,,,,,,,,,,907.0,117.33069479378676,117.33069479378676,116.47419424185684,117.01068115234376,307100.0,0.0,0.0,0.0,VDE
1827,,2024-08-13,,,,,,,,,,,,,,,,,2327.0,20.059999465942383,20.790000915527344,17.950000762939453,18.1200008392334,0.0,0.0,0.0,,^VIX
1828,,2024-08-14,,,,,,,,,,,,,,,,,908.0,117.264803102404,118.10248269880424,116.79420029901208,117.6036376953125,311500.0,0.0,0.0,0.0,VDE
1829,,2024-08-14,,,,,,,,,,,,,,,,,2328.0,18.40999984741211,18.489999771118164,16.1200008392334,16.190000534057617,0.0,0.0,0.0,,^VIX
1830,,2024-08-15,,,,,,,,,,,,,,,,,909.0,118.3377883696386,119.5331163738119,118.30954616851994,119.17546081542967,197100.0,0.0,0.0,0.0,VDE
1831,,2024-08-15,,,,,,,,,,,,,,,,,2329.0,16.270000457763672,16.68000030517578,14.770000457763672,15.229999542236328,0.0,0.0,0.0,,^VIX
1832,,2024-08-16,,,,,,,,,,,,,,,,,910.0,118.30012717862756,119.29780275786968,118.30012717862756,119.09073638916016,178600.0,0.0,0.0,0.0,VDE
1833,,2024-08-16,,,,,,,,,,,,,,,,,2330.0,15.289999961853027,15.760000228881836,14.649999618530272,14.800000190734863,0.0,0.0,0.0,,^VIX
1834,,2024-08-19,,,,,,,,,,,,,,,,,911.0,119.1660400974637,120.85079178122646,119.1660400974637,119.79664611816406,194300.0,0.0,0.0,0.0,VDE
1835,,2024-08-19,,,,,,,,,,,,,,,,,2331.0,15.9399995803833,16.06999969482422,14.460000038146973,14.649999618530272,0.0,0.0,0.0,,^VIX
1836,,2024-08-20,,,,,,,,,,,,,,,,,912.0,119.61781242096563,119.61781242096563,116.57772245172788,116.76596069335938,301400.0,0.0,0.0,0.0,VDE
1837,,2024-08-20,,,,,,,,,,,,,,,,,2332.0,14.890000343322754,15.93000030517578,14.779999732971191,15.880000114440918,0.0,0.0,0.0,,^VIX
1838,,2024-08-21,,,,,,,,,,,,,,,,,913.0,117.44363553906848,117.923652413548,116.51184399046738,116.7283172607422,680500.0,0.0,0.0,0.0,VDE
1839,,2024-08-21,,,,,,,,,,,,,,,,,2333.0,16.25,17.170000076293945,15.920000076293944,16.270000457763672,0.0,0.0,0.0,,^VIX
1840,,2024-08-22,,,,,,,,,,,,,,,,,914.0,116.94479446525996,117.54716546791856,116.5965458121363,116.96361541748048,190000.0,0.0,0.0,0.0,VDE
1841,,2024-08-22,,,,,,,,,,,,,,,,,2334.0,16.270000457763672,18.059999465942383,15.760000228881836,17.549999237060547,0.0,0.0,0.0,,^VIX
1842,,2024-08-23,,,,,,,,,,,,,,,,,915.0,117.6506932171442,119.10956468536816,117.56598816482553,118.94014739990234,235800.0,0.0,0.0,0.0,VDE
1843,,2024-08-23,,,,,,,,,,,,,,,,,2335.0,17.1200008392334,17.209999084472656,15.609999656677246,15.859999656677246,0.0,0.0,0.0,,^VIX
1844,,2024-08-26,,,,,,,,,,,,,,,,,916.0,120.18254198435422,121.18021759445114,119.26957142907898,120.0601806640625,213300.0,0.0,0.0,0.0,VDE
1845,,2024-08-26,,,,,,,,,,,,,,,,,2336.0,16.270000457763672,16.670000076293945,15.8100004196167,16.149999618530273,0.0,0.0,0.0,,^VIX
1846,,2024-08-27,,,,,,,,,,,,,,,,,917.0,119.975485622746,120.31432023197011,118.7142663148942,118.91191864013672,205100.0,0.0,0.0,0.0,VDE
1847,,2024-08-27,,,,,,,,,,,,,,,,,2337.0,16.209999084472656,16.809999465942383,15.369999885559082,15.43000030517578,0.0,0.0,0.0,,^VIX
1848,,2024-08-28,,,,,,,,,,,,,,,,,918.0,118.28130159510498,118.72366935945648,117.59422555412256,118.0930633544922,659800.0,0.0,0.0,0.0,VDE
1849,,2024-08-28,,,,,,,,,,,,,,,,,2338.0,15.510000228881836,17.889999389648438,15.460000038146973,17.110000610351562,0.0,0.0,0.0,,^VIX
1850,,2024-08-29,,,,,,,,,,,,,,,,,919.0,118.77074141266584,120.17313579858693,117.80130075726974,119.6178207397461,152300.0,0.0,0.0,0.0,VDE
1851,,2024-08-29,,,,,,,,,,,,,,,,,2339.0,16.540000915527344,16.56999969482422,15.1899995803833,15.649999618530272,0.0,0.0,0.0,,^VIX
1852,,2024-08-30,,,,,,,,,,,,,,,,,920.0,118.50719873337307,119.9848912155778,118.23424825184117,119.93782806396484,160600.0,0.0,0.0,0.0,VDE
1853,,2024-08-30,,,,,,,,,,,,,,,,,2340.0,15.670000076293944,16.040000915527344,14.779999732971191,15.0,0.0,0.0,0.0,,^VIX
1854,44.0,2024-09-01,182.892,179.93,2.7,423.821,324.1,172.163,246.339,57.533,145.671,429.801,235.703,278.389,252.682,31.7,321.109,315.301,,,,,,,,,,
1855,,2024-09-03,,,,,,,,,,,,,,,,,921.0,118.12129361911772,118.12129361911772,116.06946528336128,116.66242218017578,363300.0,0.0,0.0,0.0,VDE
1856,,2024-09-03,,,,,,,,,,,,,,,,,2341.0,15.760000228881836,21.989999771118164,15.710000038146973,20.719999313354492,0.0,0.0,0.0,,^VIX
1857,,2024-09-04,,,,,,,,,,,,,,,,,922.0,116.70007590363868,117.45304322738892,114.7988438233708,114.95884704589844,258300.0,0.0,0.0,0.0,VDE
1858,,2024-09-04,,,,,,,,,,,,,,,,,2342.0,23.200000762939453,23.309999465942383,19.34000015258789,21.31999969482422,0.0,0.0,0.0,,^VIX
1859,,2024-09-05,,,,,,,,,,,,,,,,,923.0,115.83416582259278,115.83416582259278,114.04587385576431,114.15882110595705,946800.0,0.0,0.0,0.0,VDE
1860,,2024-09-05,,,,,,,,,,,,,,,,,2343.0,20.75,21.530000686645508,19.209999084472656,19.899999618530273,0.0,0.0,0.0,,^VIX
1861,,2024-09-06,,,,,,,,,,,,,,,,,924.0,114.43177235086746,115.17532559614725,112.28582484845415,112.6811294555664,953800.0,0.0,0.0,0.0,VDE
1862,,2024-09-06,,,,,,,,,,,,,,,,,2344.0,21.979999542236328,23.760000228881836,18.829999923706055,22.3799991607666,0.0,0.0,0.0,,^VIX
1863,,2024-09-09,,,,,,,,,,,,,,,,,925.0,112.9446711300306,114.32824450030608,112.73760475069294,113.23644256591795,561300.0,0.0,0.0,0.0,VDE
1864,,2024-09-09,,,,,,,,,,,,,,,,,2345.0,21.31999969482422,21.40999984741211,19.290000915527344,19.450000762939453,0.0,0.0,0.0,,^VIX
1865,,2024-09-10,,,,,,,,,,,,,,,,,926.0,113.39645266486386,113.56586995833004,110.4316536196203,111.28814697265624,543000.0,0.0,0.0,0.0,VDE
1866,,2024-09-10,,,,,,,,,,,,,,,,,2346.0,19.86000061035156,20.739999771118164,18.899999618530273,19.079999923706055,0.0,0.0,0.0,,^VIX
1867,,2024-09-11,,,,,,,,,,,,,,,,,927.0,111.34463183456256,111.37286685527371,108.71866719598542,110.53519439697266,416600.0,0.0,0.0,0.0,VDE
1868,,2024-09-11,,,,,,,,,,,,,,,,,2347.0,19.40999984741211,21.40999984741211,17.549999237060547,17.690000534057617,0.0,0.0,0.0,,^VIX
1869,,2024-09-12,,,,,,,,,,,,,,,,,928.0,111.02460793385288,112.03169760432776,110.21517057094836,111.5328598022461,1084300.0,0.0,0.0,0.0,VDE
1870,,2024-09-12,,,,,,,,,,,,,,,,,2348.0,17.6200008392334,18.59000015258789,16.889999389648438,17.06999969482422,0.0,0.0,0.0,,^VIX
1871,,2024-09-13,,,,,,,,,,,,,,,,,929.0,112.07876553755858,113.10467620360446,111.92816919346254,112.2199478149414,222300.0,0.0,0.0,0.0,VDE
1872,,2024-09-13,,,,,,,,,,,,,,,,,2349.0,17.030000686645508,17.18000030517578,16.229999542236328,16.559999465942383,0.0,0.0,0.0,,^VIX
1873,,2024-09-16,,,,,,,,,,,,,,,,,930.0,113.1234898170742,114.19646349813586,112.7564202514914,113.73526763916016,304800.0,0.0,0.0,0.0,VDE
1874,,2024-09-16,,,,,,,,,,,,,,,,,2350.0,17.15999984741211,17.690000534057617,16.90999984741211,17.139999389648438,0.0,0.0,0.0,,^VIX
1875,,2024-09-17,,,,,,,,,,,,,,,,,931.0,113.76352585509431,115.48592668197048,113.66939954844716,115.39180755615234,234300.0,0.0,0.0,0.0,VDE
1876,,2024-09-17,,,,,,,,,,,,,,,,,2351.0,17.15999984741211,18.079999923706055,16.670000076293945,17.610000610351562,0.0,0.0,0.0,,^VIX
1877,,2024-09-18,,,,,,,,,,,,,,,,,932.0,115.1659204898146,116.9730335607722,115.09062231665077,115.54240417480467,264600.0,0.0,0.0,0.0,VDE
1878,,2024-09-18,,,,,,,,,,,,,,,,,2352.0,17.579999923706055,19.38999938964844,17.110000610351562,18.229999542236328,0.0,0.0,0.0,,^VIX
1879,,2024-09-19,,,,,,,,,,,,,,,,,933.0,117.40597889735066,118.2907144167446,116.38006828939686,117.0294952392578,290000.0,0.0,0.0,0.0,VDE
1880,,2024-09-19,,,,,,,,,,,,,,,,,2353.0,17.209999084472656,17.270000457763672,16.209999084472656,16.329999923706055,0.0,0.0,0.0,,^VIX
1881,,2024-09-20,,,,,,,,,,,,,,,,,934.0,116.56830608797684,117.18009113246464,115.60827958525132,116.86949157714844,205000.0,0.0,0.0,0.0,VDE
1882,,2024-09-20,,,,,,,,,,,,,,,,,2354.0,16.350000381469727,16.68000030517578,15.8100004196167,16.149999618530273,0.0,0.0,0.0,,^VIX
1883,,2024-09-23,,,,,,,,,,,,,,,,,935.0,117.08597472314506,118.9119086518917,116.66242790677695,118.26248168945312,343400.0,0.0,0.0,0.0,VDE
1884,,2024-09-23,,,,,,,,,,,,,,,,,2355.0,16.709999084472656,16.950000762939453,15.75,15.890000343322754,0.0,0.0,0.0,,^VIX
1885,,2024-09-24,,,,,,,,,,,,,,,,,936.0,119.52369159303204,119.78722799988358,117.88599593557696,117.92364501953124,389000.0,0.0,0.0,0.0,VDE
1886,,2024-09-24,,,,,,,,,,,,,,,,,2356.0,15.869999885559082,16.670000076293945,15.270000457763672,15.390000343322754,0.0,0.0,0.0,,^VIX
1887,,2024-09-25,,,,,,,,,,,,,,,,,937.0,117.72599455404216,117.92364686226944,115.3635665600002,115.57063293457033,326700.0,0.0,0.0,0.0,VDE
1888,,2024-09-25,,,,,,,,,,,,,,,,,2357.0,15.81999969482422,15.81999969482422,15.170000076293944,15.40999984741211,0.0,0.0,0.0,,^VIX
1889,,2024-09-26,,,,,,,,,,,,,,,,,938.0,113.25527482722352,114.68590422078609,112.88820520713745,113.1611557006836,468200.0,0.0,0.0,0.0,VDE
1890,,2024-09-26,,,,,,,,,,,,,,,,,2358.0,15.0600004196167,15.829999923706056,14.899999618530272,15.369999885559082,0.0,0.0,0.0,,^VIX
1891,,2024-09-27,,,,,,,,,,,,,,,,,939.0,113.97013471095576,115.76471512612288,113.9226633697942,115.58431243896484,488000.0,1.052,0.0,0.0,VDE
1892,,2024-09-27,,,,,,,,,,,,,,,,,2359.0,15.640000343322754,16.969999313354492,15.199999809265137,16.959999084472656,0.0,0.0,0.0,,^VIX
1893,,2024-09-30,,,,,,,,,,,,,,,,,940.0,115.35642250297305,116.63826460600532,114.8057100381411,116.28694915771484,425300.0,0.0,0.0,0.0,VDE
1894,,2024-09-30,,,,,,,,,,,,,,,,,2360.0,17.010000228881836,17.790000915527344,16.469999313354492,16.729999542236328,0.0,0.0,0.0,,^VIX
1895,45.0,2024-10-01,180.186,180.182,2.7,425.381,325.428,165.925,247.216,57.992,146.291,432.642,234.942,278.508,253.081,31.7,321.758,315.664,941.0,115.46087902255276,119.2684314677941,115.11905346793571,118.82215881347656,853800.0,0.0,0.0,0.0,VDE
1896,45.0,2024-10-01,180.186,180.182,2.7,425.381,325.428,165.925,247.216,57.992,146.291,432.642,234.942,278.508,253.081,31.7,321.758,315.664,2361.0,16.959999084472656,20.729999542236328,16.610000610351562,19.260000228881836,0.0,0.0,0.0,,^VIX
1897,,2024-10-02,,,,,,,,,,,,,,,,,942.0,120.67368402838908,120.8256096867504,118.82213534344868,120.13246154785156,551000.0,0.0,0.0,0.0,VDE
1898,,2024-10-02,,,,,,,,,,,,,,,,,2362.0,19.649999618530273,20.36000061035156,18.579999923706055,18.899999618530273,0.0,0.0,0.0,,^VIX
1899,,2024-10-03,,,,,,,,,,,,,,,,,943.0,120.59774150110673,122.43030329927907,119.61024634747974,122.3068618774414,576200.0,0.0,0.0,0.0,VDE
1900,,2024-10-03,,,,,,,,,,,,,,,,,2363.0,19.6299991607666,20.75,19.15999984741211,20.489999771118164,0.0,0.0,0.0,,^VIX
1901,,2024-10-04,,,,,,,,,,,,,,,,,944.0,123.36083438434416,123.87357996327816,122.27838920356608,123.4842758178711,382800.0,0.0,0.0,0.0,VDE
1902,,2024-10-04,,,,,,,,,,,,,,,,,2364.0,20.479999542236328,20.479999542236328,18.479999542236328,19.209999084472656,0.0,0.0,0.0,,^VIX
1903,,2024-10-07,,,,,,,,,,,,,,,,,945.0,123.87356994410362,124.81357928206724,123.50326016190552,124.0159912109375,337100.0,0.0,0.0,0.0,VDE
1904,,2024-10-07,,,,,,,,,,,,,,,,,2365.0,20.760000228881836,23.030000686645508,20.649999618530273,22.63999938964844,0.0,0.0,0.0,,^VIX
1905,,2024-10-08,,,,,,,,,,,,,,,,,946.0,122.55374305653906,122.55374305653906,120.17045434165505,120.81612396240234,907500.0,0.0,0.0,0.0,VDE
1906,,2024-10-08,,,,,,,,,,,,,,,,,2366.0,22.920000076293945,23.13999938964844,21.13999938964844,21.420000076293945,0.0,0.0,0.0,,^VIX
1907,,2024-10-09,,,,,,,,,,,,,,,,,947.0,119.87611527491826,121.64221149335724,119.64823399505316,121.30988311767578,384600.0,0.0,0.0,0.0,VDE
1908,,2024-10-09,,,,,,,,,,,,,,,,,2367.0,21.979999542236328,22.010000228881836,20.709999084472656,20.86000061035156,0.0,0.0,0.0,,^VIX
1909,,2024-10-10,,,,,,,,,,,,,,,,,948.0,122.0979664698144,122.81010176385188,121.29088125208158,122.24040222167967,199200.0,0.0,0.0,0.0,VDE
1910,,2024-10-10,,,,,,,,,,,,,,,,,2368.0,20.90999984741211,21.38999938964844,20.63999938964844,20.93000030517578,0.0,0.0,0.0,,^VIX
1911,,2024-10-11,,,,,,,,,,,,,,,,,949.0,122.26889177807766,123.5317468262284,121.9460460862366,123.10445404052734,225000.0,0.0,0.0,0.0,VDE
1912,,2024-10-11,,,,,,,,,,,,,,,,,2369.0,20.8700008392334,21.15999984741211,20.13999938964844,20.459999084472656,0.0,0.0,0.0,,^VIX
1913,,2024-10-14,,,,,,,,,,,,,,,,,950.0,122.3068515662846,123.03798113729827,121.98402040085,122.72463989257812,431100.0,0.0,0.0,0.0,VDE
1914,,2024-10-14,,,,,,,,,,,,,,,,,2370.0,20.86000061035156,20.86000061035156,19.690000534057617,19.700000762939453,0.0,0.0,0.0,,^VIX
1915,,2024-10-15,,,,,,,,,,,,,,,,,951.0,119.6387337788526,120.2654163377746,118.84114569755016,118.87911987304688,532300.0,0.0,0.0,0.0,VDE
1916,,2024-10-15,,,,,,,,,,,,,,,,,2371.0,19.61000061035156,20.88999938964844,19.440000534057617,20.63999938964844,0.0,0.0,0.0,,^VIX
1917,,2024-10-16,,,,,,,,,,,,,,,,,952.0,119.38236824590508,119.9615649748934,119.35387674796114,119.59125518798828,211300.0,0.0,0.0,0.0,VDE
1918,,2024-10-16,,,,,,,,,,,,,,,,,2372.0,20.770000457763672,21.010000228881836,19.450000762939453,19.579999923706055,0.0,0.0,0.0,,^VIX
1919,,2024-10-17,,,,,,,,,,,,,,,,,953.0,119.65772420316218,120.50279813793745,119.42034575650568,120.16097259521484,250800.0,0.0,0.0,0.0,VDE
1920,,2024-10-17,,,,,,,,,,,,,,,,,2373.0,19.549999237060547,19.649999618530273,18.8799991607666,19.11000061035156,0.0,0.0,0.0,,^VIX
1921,,2024-10-18,,,,,,,,,,,,,,,,,954.0,119.93307842160516,120.17995402288012,118.86013050117228,119.62923431396484,236600.0,0.0,0.0,0.0,VDE
1922,,2024-10-18,,,,,,,,,,,,,,,,,2374.0,19.299999237060547,19.31999969482422,17.989999771118164,18.030000686645508,0.0,0.0,0.0,,^VIX
1923,,2024-10-21,,,,,,,,,,,,,,,,,955.0,120.4838016346446,120.78764575112189,119.0405438924314,119.3253936767578,539700.0,0.0,0.0,0.0,VDE
1924,,2024-10-21,,,,,,,,,,,,,,,,,2375.0,18.780000686645508,19.34000015258789,18.36000061035156,18.3700008392334,0.0,0.0,0.0,,^VIX
1925,,2024-10-22,,,,,,,,,,,,,,,,,956.0,119.62923481205117,120.06601026583924,119.11649651998296,119.4678192138672,343500.0,0.0,0.0,0.0,VDE
1926,,2024-10-22,,,,,,,,,,,,,,,,,2376.0,18.790000915527344,19.440000534057617,18.049999237060547,18.200000762939453,0.0,0.0,0.0,,^VIX
1927,,2024-10-23,,,,,,,,,,,,,,,,,957.0,119.06902201163332,119.5342817063454,118.0245583678202,118.84114074707033,245400.0,0.0,0.0,0.0,VDE
1928,,2024-10-23,,,,,,,,,,,,,,,,,2377.0,18.209999084472656,20.469999313354492,18.18000030517578,19.239999771118164,0.0,0.0,0.0,,^VIX
1929,,2024-10-24,,,,,,,,,,,,,,,,,958.0,119.10699969957037,119.43932804252827,118.04354175789042,118.86962127685548,198100.0,0.0,0.0,0.0,VDE
1930,,2024-10-24,,,,,,,,,,,,,,,,,2378.0,18.8700008392334,20.239999771118164,18.6299991607666,19.079999923706055,0.0,0.0,0.0,,^VIX
1931,,2024-10-25,,,,,,,,,,,,,,,,,959.0,119.55328176937368,119.91409439258176,118.62275509112156,118.9930648803711,221000.0,0.0,0.0,0.0,VDE
1932,,2024-10-25,,,,,,,,,,,,,,,,,2379.0,19.219999313354492,20.510000228881836,18.229999542236328,20.329999923706055,0.0,0.0,0.0,,^VIX
1933,,2024-10-28,,,,,,,,,,,,,,,,,960.0,116.41988638634908,118.2144668701417,116.34392354452768,118.13850402832033,311300.0,0.0,0.0,0.0,VDE
1934,,2024-10-28,,,,,,,,,,,,,,,,,2380.0,19.11000061035156,19.8799991607666,18.90999984741211,19.799999237060547,0.0,0.0,0.0,,^VIX
1935,,2024-10-29,,,,,,,,,,,,,,,,,961.0,117.83465526164063,117.9960708609886,116.25846619914492,116.5718002319336,228600.0,0.0,0.0,0.0,VDE
1936,,2024-10-29,,,,,,,,,,,,,,,,,2381.0,19.75,20.530000686645508,19.059999465942383,19.34000015258789,0.0,0.0,0.0,,^VIX
1937,,2024-10-30,,,,,,,,,,,,,,,,,962.0,116.90413218223642,117.74919881615882,116.55280949681342,116.81867218017578,256500.0,0.0,0.0,0.0,VDE
1938,,2024-10-30,,,,,,,,,,,,,,,,,2382.0,19.329999923706055,20.440000534057617,19.299999237060547,20.350000381469727,0.0,0.0,0.0,,^VIX
1939,,2024-10-31,,,,,,,,,,,,,,,,,963.0,117.4738357591809,118.44233654272638,117.21746300421486,117.39787292480467,239400.0,0.0,0.0,0.0,VDE
1940,,2024-10-31,,,,,,,,,,,,,,,,,2383.0,21.440000534057617,23.420000076293945,21.1200008392334,23.15999984741211,0.0,0.0,0.0,,^VIX
1941,46.0,2024-11-01,177.704,180.597,2.6,426.651,326.929,160.349,246.636,58.925,145.994,432.642,233.858,278.639,253.211,31.7,321.947,315.493,964.0,118.74618886706564,119.3538770957688,116.40088871368869,116.52433013916016,251800.0,0.0,0.0,0.0,VDE
1942,46.0,2024-11-01,177.704,180.597,2.6,426.651,326.929,160.349,246.636,58.925,145.994,432.642,233.858,278.639,253.211,31.7,321.947,315.493,2384.0,22.959999084472656,23.09000015258789,21.15999984741211,21.8799991607666,0.0,0.0,0.0,,^VIX
1943,,2024-11-04,,,,,,,,,,,,,,,,,965.0,117.36939395747903,118.86962740499077,117.25544970078442,118.64173889160156,197400.0,0.0,0.0,0.0,VDE
1944,,2024-11-04,,,,,,,,,,,,,,,,,2385.0,22.5,23.06999969482422,21.729999542236328,21.979999542236328,0.0,0.0,0.0,,^VIX
1945,,2024-11-05,,,,,,,,,,,,,,,,,966.0,119.1070065983592,119.75267623531006,118.68921823203364,119.4678192138672,180900.0,0.0,0.0,0.0,VDE
1946,,2024-11-05,,,,,,,,,,,,,,,,,2386.0,21.979999542236328,22.059999465942383,20.200000762939453,20.489999771118164,0.0,0.0,0.0,,^VIX
1947,,2024-11-06,,,,,,,,,,,,,,,,,967.0,123.04746232827064,125.19337230863812,122.28784856057668,124.35779571533205,1082300.0,0.0,0.0,0.0,VDE
1948,,2024-11-06,,,,,,,,,,,,,,,,,2387.0,16.059999465942383,16.81999969482422,15.4399995803833,16.270000457763672,0.0,0.0,0.0,,^VIX
1949,,2024-11-07,,,,,,,,,,,,,,,,,968.0,124.40529637320871,124.40529637320871,122.94303707538522,124.02548217773438,602500.0,0.0,0.0,0.0,VDE
1950,,2024-11-07,,,,,,,,,,,,,,,,,2388.0,15.859999656677246,15.859999656677246,15.130000114440918,15.199999809265137,0.0,0.0,0.0,,^VIX
1951,,2024-11-08,,,,,,,,,,,,,,,,,969.0,123.91154005894052,124.82307960209918,123.46526745291058,124.64266967773438,615500.0,0.0,0.0,0.0,VDE
1952,,2024-11-08,,,,,,,,,,,,,,,,,2389.0,15.130000114440918,15.329999923706056,14.65999984741211,14.9399995803833,0.0,0.0,0.0,,^VIX
1953,,2024-11-11,,,,,,,,,,,,,,,,,970.0,124.82310595085256,125.78210979154888,124.16793902972604,125.60169982910156,363500.0,0.0,0.0,0.0,VDE
1954,,2024-11-11,,,,,,,,,,,,,,,,,2390.0,15.329999923706056,15.5600004196167,14.890000343322754,14.970000267028809,0.0,0.0,0.0,,^VIX
1955,,2024-11-12,,,,,,,,,,,,,,,,,971.0,125.90553474406543,126.34230297531349,124.71864250284472,124.82308959960938,350800.0,0.0,0.0,0.0,VDE
1956,,2024-11-12,,,,,,,,,,,,,,,,,2391.0,15.09000015258789,15.369999885559082,14.6899995803833,14.710000038146973,0.0,0.0,0.0,,^VIX
1957,,2024-11-13,,,,,,,,,,,,,,,,,972.0,125.21238483707744,126.06695598199065,123.67417706003758,125.46875762939452,513700.0,0.0,0.0,0.0,VDE
1958,,2024-11-13,,,,,,,,,,,,,,,,,2392.0,15.09000015258789,15.260000228881836,13.770000457763672,14.020000457763672,0.0,0.0,0.0,,^VIX
1959,,2024-11-14,,,,,,,,,,,,,,,,,973.0,126.15238237653465,126.41824503578914,125.06044748948426,125.990966796875,298700.0,0.0,0.0,0.0,VDE
1960,,2024-11-14,,,,,,,,,,,,,,,,,2393.0,14.170000076293944,14.31999969482422,13.59000015258789,14.3100004196167,0.0,0.0,0.0,,^VIX
1961,,2024-11-15,,,,,,,,,,,,,,,,,974.0,125.82955916472253,126.90249979004312,125.06994530954825,125.3927764892578,286000.0,0.0,0.0,0.0,VDE
1962,,2024-11-15,,,,,,,,,,,,,,,,,2394.0,15.020000457763672,17.549999237060547,14.5600004196167,16.139999389648438,0.0,0.0,0.0,,^VIX
1963,,2024-11-18,,,,,,,,,,,,,,,,,975.0,126.36127992914886,127.47220917553088,126.0194544311522,127.1683578491211,258500.0,0.0,0.0,0.0,VDE
1964,,2024-11-18,,,,,,,,,,,,,,,,,2395.0,16.600000381469727,17.0,15.350000381469728,15.579999923706056,0.0,0.0,0.0,,^VIX
1965,,2024-11-19,,,,,,,,,,,,,,,,,976.0,126.3232999584956,127.13988234385604,125.81056892044585,126.57018280029295,215000.0,0.0,0.0,0.0,VDE
1966,,2024-11-19,,,,,,,,,,,,,,,,,2396.0,15.4399995803833,17.93000030517578,15.369999885559082,16.350000381469727,0.0,0.0,0.0,,^VIX
1967,,2024-11-20,,,,,,,,,,,,,,,,,977.0,126.95947738824826,127.92797088623044,126.69360023506825,127.92797088623048,216800.0,0.0,0.0,0.0,VDE
1968,,2024-11-20,,,,,,,,,,,,,,,,,2397.0,16.190000534057617,18.790000915527344,16.040000915527344,17.15999984741211,0.0,0.0,0.0,,^VIX
1969,,2024-11-21,,,,,,,,,,,,,,,,,978.0,128.55467487578792,129.9409714210556,128.25083798887167,129.2288360595703,370100.0,0.0,0.0,0.0,VDE
1970,,2024-11-21,,,,,,,,,,,,,,,,,2398.0,17.100000381469727,17.989999771118164,15.729999542236328,16.8700008392334,0.0,0.0,0.0,,^VIX
1971,,2024-11-22,,,,,,,,,,,,,,,,,979.0,129.38073002621223,130.4252008793136,129.08638310081886,129.87448120117188,247400.0,0.0,0.0,0.0,VDE
1972,,2024-11-22,,,,,,,,,,,,,,,,,2399.0,16.670000076293945,17.559999465942383,15.239999771118164,15.239999771118164,0.0,0.0,0.0,,^VIX
1973,,2024-11-25,,,,,,,,,,,,,,,,,980.0,129.9029872470028,130.4727013512643,127.06395011363594,127.23485565185548,488700.0,0.0,0.0,0.0,VDE
1974,,2024-11-25,,,,,,,,,,,,,,,,,2400.0,15.229999542236328,15.720000267028809,14.539999961853027,14.600000381469728,0.0,0.0,0.0,,^VIX
1975,,2024-11-26,,,,,,,,,,,,,,,,,981.0,127.567176992793,127.567176992793,126.5417004131452,126.9120101928711,234500.0,0.0,0.0,0.0,VDE
1976,,2024-11-26,,,,,,,,,,,,,,,,,2401.0,14.949999809265137,15.029999732971191,13.880000114440918,14.100000381469728,0.0,0.0,0.0,,^VIX
1977,,2024-11-27,,,,,,,,,,,,,,,,,982.0,127.13038005973388,128.03241511564676,126.76007032147793,126.9214859008789,235600.0,0.0,0.0,0.0,VDE
1978,,2024-11-27,,,,,,,,,,,,,,,,,2402.0,14.279999732971191,15.130000114440918,13.960000038146973,14.100000381469728,0.0,0.0,0.0,,^VIX
1979,,2024-11-29,,,,,,,,,,,,,,,,,983.0,127.19686676687512,127.67162363605983,127.07342534458957,127.40574645996094,95400.0,0.0,0.0,0.0,VDE
1980,,2024-11-29,,,,,,,,,,,,,,,,,2403.0,14.0,14.149999618530272,13.489999771118164,13.510000228881836,0.0,0.0,0.0,,^VIX
1981,47.0,2024-12-01,182.528,180.993,2.8,428.151,324.621,171.718,246.083,58.817,146.189,432.642,229.038,279.076,253.423,31.7,322.007,315.605,,,,,,,,,,
1982,,2024-12-02,,,,,,,,,,,,,,,,,984.0,127.37726081231098,127.57666507009452,125.079439329226,126.19036865234376,334300.0,0.0,0.0,0.0,VDE
1983,,2024-12-02,,,,,,,,,,,,,,,,,2404.0,14.079999923706056,14.100000381469728,13.300000190734863,13.34000015258789,0.0,0.0,0.0,,^VIX
1984,,2024-12-03,,,,,,,,,,,,,,,,,985.0,126.88352611450324,127.23484156311874,125.71561377893342,126.25684356689452,214200.0,0.0,0.0,0.0,VDE
1985,,2024-12-03,,,,,,,,,,,,,,,,,2405.0,13.380000114440918,13.770000457763672,13.1899995803833,13.300000190734863,0.0,0.0,0.0,,^VIX
1986,,2024-12-04,,,,,,,,,,,,,,,,,986.0,126.1903529635618,126.1903529635618,122.54422417867538,123.34181213378906,324900.0,0.0,0.0,0.0,VDE
1987,,2024-12-04,,,,,,,,,,,,,,,,,2406.0,13.15999984741211,13.609999656677246,12.890000343322754,13.449999809265137,0.0,0.0,0.0,,^VIX
1988,,2024-12-05,,,,,,,,,,,,,,,,,987.0,123.82609149310302,124.59519531169882,123.32285036517167,123.74063873291016,270200.0,0.0,0.0,0.0,VDE
1989,,2024-12-05,,,,,,,,,,,,,,,,,2407.0,13.460000038146973,13.699999809265137,13.260000228881836,13.539999961853027,0.0,0.0,0.0,,^VIX
1990,,2024-12-06,,,,,,,,,,,,,,,,,988.0,123.38931198890285,123.51275341577583,121.21493182214012,121.5187759399414,478500.0,0.0,0.0,0.0,VDE
1991,,2024-12-06,,,,,,,,,,,,,,,,,2408.0,13.619999885559082,13.739999771118164,12.699999809265137,12.770000457763672,0.0,0.0,0.0,,^VIX
1992,,2024-12-09,,,,,,,,,,,,,,,,,989.0,122.46828704130684,122.9715282010568,121.13897350393542,121.22442626953124,336000.0,0.0,0.0,0.0,VDE
1993,,2024-12-09,,,,,,,,,,,,,,,,,2409.0,13.359999656677246,14.229999542236328,13.350000381469728,14.1899995803833,0.0,0.0,0.0,,^VIX
1994,,2024-12-10,,,,,,,,,,,,,,,,,990.0,121.78461593486584,122.11695150883344,120.4268183653329,120.5882339477539,327000.0,0.0,0.0,0.0,VDE
1995,,2024-12-10,,,,,,,,,,,,,,,,,2410.0,14.300000190734863,14.539999961853027,13.859999656677246,14.18000030517578,0.0,0.0,0.0,,^VIX
1996,,2024-12-11,,,,,,,,,,,,,,,,,991.0,120.7686514539995,121.48078673862793,120.27490026656356,121.0819854736328,725600.0,0.0,0.0,0.0,VDE
1997,,2024-12-11,,,,,,,,,,,,,,,,,2411.0,14.420000076293944,14.43000030517578,13.520000457763672,13.579999923706056,0.0,0.0,0.0,,^VIX
1998,,2024-12-12,,,,,,,,,,,,,,,,,992.0,120.99654086130428,120.99654086130428,119.92359290149174,120.20844268798828,600400.0,0.0,0.0,0.0,VDE
1999,,2024-12-12,,,,,,,,,,,,,,,,,2412.0,13.729999542236328,13.949999809265137,13.390000343322754,13.920000076293944,0.0,0.0,0.0,,^VIX
2000,,2024-12-13,,,,,,,,,,,,,,,,,993.0,120.28440749511216,120.28440749511216,119.06903100007516,119.34439086914062,379900.0,0.0,0.0,0.0,VDE
2001,,2024-12-13,,,,,,,,,,,,,,,,,2413.0,13.56999969482422,14.25,13.239999771118164,13.8100004196167,0.0,0.0,0.0,,^VIX
2002,,2024-12-16,,,,,,,,,,,,,,,,,994.0,118.97406626554104,118.97406626554104,116.73321341506902,116.8851318359375,550300.0,0.0,0.0,0.0,VDE
2003,,2024-12-16,,,,,,,,,,,,,,,,,2414.0,14.369999885559082,14.6899995803833,13.989999771118164,14.6899995803833,0.0,0.0,0.0,,^VIX
2004,,2024-12-17,,,,,,,,,,,,,,,,,995.0,115.84067324627492,116.2014858501083,114.7772152774082,115.93562316894533,525100.0,0.0,0.0,0.0,VDE
2005,,2024-12-17,,,,,,,,,,,,,,,,,2415.0,14.979999542236328,15.9399995803833,14.779999732971191,15.869999885559082,0.0,0.0,0.0,,^VIX
2006,,2024-12-18,,,,,,,,,,,,,,,,,996.0,115.7882498005598,116.32421554202912,112.65857496965806,112.68728637695312,755900.0,0.966,0.0,0.0,VDE
2007,,2024-12-18,,,,,,,,,,,,,,,,,2416.0,15.56999969482422,28.31999969482422,14.81999969482422,27.6200008392334,0.0,0.0,0.0,,^VIX
2008,,2024-12-19,,,,,,,,,,,,,,,,,997.0,113.83579704726186,114.13249133380025,111.53878947197062,111.6632080078125,1747700.0,0.0,0.0,0.0,VDE
2009,,2024-12-19,,,,,,,,,,,,,,,,,2417.0,21.61000061035156,24.1200008392334,20.15999984741211,24.09000015258789,0.0,0.0,0.0,,^VIX
2010,,2024-12-20,,,,,,,,,,,,,,,,,998.0,111.46221765246013,113.00312646116993,111.27080340250268,112.68728637695312,679200.0,0.0,0.0,0.0,VDE
2011,,2024-12-20,,,,,,,,,,,,,,,,,2418.0,24.13999938964844,26.510000228881836,17.81999969482422,18.36000061035156,0.0,0.0,0.0,,^VIX
2012,,2024-12-23,,,,,,,,,,,,,,,,,999.0,112.37144522996113,113.59651386326186,111.73019220616789,113.37638092041016,487800.0,0.0,0.0,0.0,VDE
2013,,2024-12-23,,,,,,,,,,,,,,,,,2419.0,18.09000015258789,20.020000457763672,16.739999771118164,16.780000686645508,0.0,0.0,0.0,,^VIX
2014,,2024-12-24,,,,,,,,,,,,,,,,,1000.0,113.70179112121366,114.44831684512108,112.8404124774802,114.24732971191406,307200.0,0.0,0.0,0.0,VDE
2015,,2024-12-24,,,,,,,,,,,,,,,,,2420.0,16.969999313354492,17.040000915527344,14.270000457763672,14.270000457763672,0.0,0.0,0.0,,^VIX
2016,,2024-12-26,,,,,,,,,,,,,,,,,1001.0,114.25689532664612,114.3908867488012,113.414662487102,114.13247680664062,568300.0,0.0,0.0,0.0,VDE
2017,,2024-12-26,,,,,,,,,,,,,,,,,2421.0,14.989999771118164,15.93000030517578,14.550000190734863,14.729999542236328,0.0,0.0,0.0,,^VIX
2018,,2024-12-27,,,,,,,,,,,,,,,,,1002.0,114.055911838919,115.31926478960742,113.58694184638676,114.15161895751952,590400.0,0.0,0.0,0.0,VDE
2019,,2024-12-27,,,,,,,,,,,,,,,,,2422.0,15.380000114440918,18.450000762939453,15.289999961853027,15.949999809265137,0.0,0.0,0.0,,^VIX
2020,,2024-12-30,,,,,,,,,,,,,,,,,1003.0,114.29518687274364,115.16613847390283,113.37638536177528,114.51531982421876,669300.0,0.0,0.0,0.0,VDE
2021,,2024-12-30,,,,,,,,,,,,,,,,,2423.0,17.209999084472656,19.219999313354492,16.440000534057617,17.399999618530273,0.0,0.0,0.0,,^VIX
2022,,2024-12-31,,,,,,,,,,,,,,,,,1004.0,114.83115404457864,116.29549410623696,114.63973250914246,116.10407257080078,647000.0,0.0,0.0,0.0,VDE
2023,,2024-12-31,,,,,,,,,,,,,,,,,2424.0,17.389999389648438,17.809999465942383,16.68000030517578,17.350000381469727,0.0,0.0,0.0,,^VIX
2024,48.0,2025-01-01,188.648,182.103,3.3,429.506,326.249,181.652,248.662,58.261,147.604,433.246,221.905,280.272,257.36,31.5,323.842,317.671,,,,,,,,,,
2025,,2025-01-02,,,,,,,,,,,,,,,,,1005.0,116.87931353493347,118.28622344312792,116.6783264051914,117.510986328125,897400.0,0.0,0.0,0.0,VDE
2026,,2025-01-02,,,,,,,,,,,,,,,,,2425.0,17.209999084472656,19.5,16.959999084472656,17.93000030517578,0.0,0.0,0.0,,^VIX
2027,,2025-01-03,,,,,,,,,,,,,,,,,1006.0,118.29580485563004,118.8604892815172,117.68327052035312,118.51593780517578,514900.0,0.0,0.0,0.0,VDE
2028,,2025-01-03,,,,,,,,,,,,,,,,,2426.0,17.65999984741211,17.940000534057617,16.110000610351562,16.1299991607666,0.0,0.0,0.0,,^VIX
2029,,2025-01-06,,,,,,,,,,,,,,,,,1007.0,119.23374687567656,120.08555262607908,117.83640252892654,118.10438537597656,497600.0,0.0,0.0,0.0,VDE
2030,,2025-01-06,,,,,,,,,,,,,,,,,2427.0,16.770000457763672,16.8700008392334,15.710000038146973,16.040000915527344,0.0,0.0,0.0,,^VIX
2031,,2025-01-07,,,,,,,,,,,,,,,,,1008.0,118.84134269872108,120.01856145218387,118.19052405899882,119.20503997802734,644400.0,0.0,0.0,0.0,VDE
2032,,2025-01-07,,,,,,,,,,,,,,,,,2428.0,16.479999542236328,18.899999618530273,15.789999961853027,17.81999969482422,0.0,0.0,0.0,,^VIX
2033,,2025-01-08,,,,,,,,,,,,,,,,,1009.0,118.42022990971388,119.300747098166,118.15223975054631,119.20503997802734,382700.0,0.0,0.0,0.0,VDE
2034,,2025-01-08,,,,,,,,,,,,,,,,,2429.0,17.90999984741211,19.5,17.3700008392334,17.700000762939453,0.0,0.0,0.0,,^VIX
2035,,2025-01-10,,,,,,,,,,,,,,,,,1010.0,120.77466506728618,122.12415231114616,119.15718765326908,119.65486907958984,594700.0,0.0,0.0,0.0,VDE
2036,,2025-01-10,,,,,,,,,,,,,,,,,2430.0,18.290000915527344,20.309999465942383,18.049999237060547,19.540000915527344,0.0,0.0,0.0,,^VIX
2037,,2025-01-13,,,,,,,,,,,,,,,,,1011.0,120.27696407400296,122.7462470537596,120.27696407400296,122.21028137207033,660900.0,0.0,0.0,0.0,VDE
2038,,2025-01-13,,,,,,,,,,,,,,,,,2431.0,21.18000030517578,22.040000915527344,19.149999618530273,19.190000534057617,0.0,0.0,0.0,,^VIX
2039,,2025-01-14,,,,,,,,,,,,,,,,,1012.0,121.86572650890392,123.61719512939452,121.7700193972782,123.61719512939452,470400.0,0.0,0.0,0.0,VDE
2040,,2025-01-14,,,,,,,,,,,,,,,,,2432.0,18.790000915527344,19.65999984741211,18.239999771118164,18.709999084472656,0.0,0.0,0.0,,^VIX
2041,,2025-01-15,,,,,,,,,,,,,,,,,1013.0,124.37329024469236,125.7132190565676,123.96175038225331,125.36866760253906,468500.0,0.0,0.0,0.0,VDE
2042,,2025-01-15,,,,,,,,,,,,,,,,,2433.0,19.079999923706055,19.13999938964844,15.960000038146973,16.1200008392334,0.0,0.0,0.0,,^VIX
2043,,2025-01-16,,,,,,,,,,,,,,,,,1014.0,124.83269018432904,126.41189046990723,124.83269018432904,126.19176483154295,421700.0,0.0,0.0,0.0,VDE
2044,,2025-01-16,,,,,,,,,,,,,,,,,2434.0,15.869999885559082,16.600000381469727,15.640000343322754,16.600000381469727,0.0,0.0,0.0,,^VIX
2045,,2025-01-17,,,,,,,,,,,,,,,,,1015.0,126.29704903415868,127.46468027857765,125.93335175561992,127.06270599365234,442400.0,0.0,0.0,0.0,VDE
2046,,2025-01-17,,,,,,,,,,,,,,,,,2435.0,16.190000534057617,16.229999542236328,15.529999732971191,15.970000267028809,0.0,0.0,0.0,,^VIX
2047,,2025-01-21,,,,,,,,,,,,,,,,,1016.0,126.83301754108888,127.04357759077868,125.8185089038403,126.26832580566406,1354700.0,0.0,0.0,0.0,VDE
2048,,2025-01-21,,,,,,,,,,,,,,,,,2436.0,16.290000915527344,16.290000915527344,14.93000030517578,15.0600004196167,0.0,0.0,0.0,,^VIX
2049,,2025-01-22,,,,,,,,,,,,,,,,,1017.0,126.03863564387784,126.0577814496435,124.00003814697266,124.00003814697266,571400.0,0.0,0.0,0.0,VDE
2050,,2025-01-22,,,,,,,,,,,,,,,,,2437.0,14.890000343322754,15.289999961853027,14.59000015258789,15.100000381469728,0.0,0.0,0.0,,^VIX
2051,,2025-01-23,,,,,,,,,,,,,,,,,1018.0,124.94753464960723,125.40693167294222,123.79903478928574,124.45941162109376,611500.0,0.0,0.0,0.0,VDE
2052,,2025-01-23,,,,,,,,,,,,,,,,,2438.0,15.279999732971191,15.390000343322754,14.59000015258789,15.020000457763672,0.0,0.0,0.0,,^VIX
2053,,2025-01-24,,,,,,,,,,,,,,,,,1019.0,124.75612580484608,125.1676656425376,123.14821424807982,123.33006286621094,513000.0,0.0,0.0,0.0,VDE
2054,,2025-01-24,,,,,,,,,,,,,,,,,2439.0,15.020000457763672,15.15999984741211,14.579999923706056,14.850000381469728,0.0,0.0,0.0,,^VIX
2055,,2025-01-27,,,,,,,,,,,,,,,,,1020.0,122.77496487301518,123.02380192281028,120.9086504896262,121.6647491455078,551300.0,0.0,0.0,0.0,VDE
2056,,2025-01-27,,,,,,,,,,,,,,,,,2440.0,18.829999923706055,22.510000228881836,17.56999969482422,17.899999618530273,0.0,0.0,0.0,,^VIX
2057,,2025-01-28,,,,,,,,,,,,,,,,,1021.0,122.12414539494608,122.41127405286085,119.9994137719352,120.62152099609376,260200.0,0.0,0.0,0.0,VDE
2058,,2025-01-28,,,,,,,,,,,,,,,,,2441.0,18.290000915527344,18.38999938964844,16.25,16.40999984741211,0.0,0.0,0.0,,^VIX
2059,,2025-01-29,,,,,,,,,,,,,,,,,1022.0,120.32482835419236,121.5498970140478,120.200402526498,120.8607940673828,240600.0,0.0,0.0,0.0,VDE
2060,,2025-01-29,,,,,,,,,,,,,,,,,2442.0,16.420000076293945,18.079999923706055,16.170000076293945,16.559999465942383,0.0,0.0,0.0,,^VIX
2061,,2025-01-30,,,,,,,,,,,,,,,,,1023.0,121.80830455219343,122.21028613109884,120.81294176229112,121.38719177246094,258900.0,0.0,0.0,0.0,VDE
2062,,2025-01-30,,,,,,,,,,,,,,,,,2443.0,15.93000030517578,16.420000076293945,15.31999969482422,15.84000015258789,0.0,0.0,0.0,,^VIX
2063,,2025-01-31,,,,,,,,,,,,,,,,,1024.0,121.4350451850592,121.4350451850592,117.97039921925456,118.32451629638672,428800.0,0.0,0.0,0.0,VDE
2064,,2025-01-31,,,,,,,,,,,,,,,,,2444.0,15.449999809265137,17.09000015258789,14.899999618530272,16.43000030517578,0.0,0.0,0.0,,^VIX
2065,49.0,2025-02-01,187.867,182.478,4.3,430.603,329.203,179.387,250.31,58.059,148.169,433.246,219.741,281.178,259.498,31.3,325.252,319.082,,,,,,,,,,
2066,,2025-02-03,,,,,,,,,,,,,,,,,1025.0,118.10438628733904,119.3103164103547,117.08030479850412,118.7647705078125,499100.0,0.0,0.0,0.0,VDE
2067,,2025-02-03,,,,,,,,,,,,,,,,,2445.0,20.36000061035156,20.420000076293945,17.65999984741211,18.6200008392334,0.0,0.0,0.0,,^VIX
2068,,2025-02-04,,,,,,,,,,,,,,,,,1026.0,118.12352575451554,121.47332599981186,118.12352575451554,121.31062316894533,385300.0,0.0,0.0,0.0,VDE
2069,,2025-02-04,,,,,,,,,,,,,,,,,2446.0,18.780000686645508,19.11000061035156,16.780000686645508,17.209999084472656,0.0,0.0,0.0,,^VIX
2070,,2025-02-05,,,,,,,,,,,,,,,,,1027.0,121.32975203827058,121.74129918495272,120.6789334644938,121.49246215820312,555100.0,0.0,0.0,0.0,VDE
2071,,2025-02-05,,,,,,,,,,,,,,,,,2447.0,17.540000915527344,17.75,15.770000457763672,15.770000457763672,0.0,0.0,0.0,,^VIX
2072,,2025-02-06,,,,,,,,,,,,,,,,,1028.0,122.19114097999235,122.35384381171365,118.53507355657062,119.19546508789062,371200.0,0.0,0.0,0.0,VDE
2073,,2025-02-06,,,,,,,,,,,,,,,,,2448.0,15.880000114440918,16.149999618530273,14.989999771118164,15.5,0.0,0.0,0.0,,^VIX
2074,,2025-02-07,,,,,,,,,,,,,,,,,1029.0,119.6357236869408,120.17168939242306,119.06147367364048,119.118896484375,190300.0,0.0,0.0,0.0,VDE
2075,,2025-02-07,,,,,,,,,,,,,,,,,2449.0,15.380000114440918,16.65999984741211,14.789999961853027,16.540000915527344,0.0,0.0,0.0,,^VIX
2076,,2025-02-10,,,,,,,,,,,,,,,,,1030.0,120.29611974024874,122.07629995978604,120.26740833380222,121.83702850341795,376300.0,0.0,0.0,0.0,VDE
2077,,2025-02-10,,,,,,,,,,,,,,,,,2450.0,16.579999923706055,16.610000610351562,15.699999809265137,15.8100004196167,0.0,0.0,0.0,,^VIX
2078,,2025-02-11,,,,,,,,,,,,,,,,,1031.0,122.52612436409603,123.59805575322204,121.70303001774003,122.6505355834961,358800.0,0.0,0.0,0.0,VDE
2079,,2025-02-11,,,,,,,,,,,,,,,,,2451.0,16.1299991607666,16.420000076293945,15.75,16.020000457763672,0.0,0.0,0.0,,^VIX
2080,,2025-02-12,,,,,,,,,,,,,,,,,1032.0,121.92315772565138,122.43998492646216,119.4251632393919,119.61658477783205,292000.0,0.0,0.0,0.0,VDE
2081,,2025-02-12,,,,,,,,,,,,,,,,,2452.0,15.90999984741211,17.18000030517578,15.640000343322754,15.890000343322754,0.0,0.0,0.0,,^VIX
2082,,2025-02-13,,,,,,,,,,,,,,,,,1033.0,119.4443099241342,120.7172284797092,118.71692267667342,120.3918228149414,585200.0,0.0,0.0,0.0,VDE
2083,,2025-02-13,,,,,,,,,,,,,,,,,2453.0,15.970000267028809,16.329999923706055,14.979999542236328,15.100000381469728,0.0,0.0,0.0,,^VIX
2084,,2025-02-14,,,,,,,,,,,,,,,,,1034.0,121.06177921282834,122.59311501238716,120.8320806683908,120.8895034790039,229400.0,0.0,0.0,0.0,VDE
2085,,2025-02-14,,,,,,,,,,,,,,,,,2454.0,15.079999923706056,15.420000076293944,14.739999771118164,14.770000457763672,0.0,0.0,0.0,,^VIX
2086,,2025-02-18,,,,,,,,,,,,,,,,,1035.0,121.37762333348876,123.25351066341764,120.74595048966891,122.4112777709961,260600.0,0.0,0.0,0.0,VDE
2087,,2025-02-18,,,,,,,,,,,,,,,,,2455.0,15.56999969482422,16.030000686645508,15.350000381469728,15.350000381469728,0.0,0.0,0.0,,^VIX
2088,,2025-02-19,,,,,,,,,,,,,,,,,1036.0,122.80366844357113,124.4211456739678,122.80366844357113,123.20564270019533,184600.0,0.0,0.0,0.0,VDE
2089,,2025-02-19,,,,,,,,,,,,,,,,,2456.0,15.140000343322754,15.960000038146973,15.050000190734863,15.270000457763672,0.0,0.0,0.0,,^VIX
2090,,2025-02-20,,,,,,,,,,,,,,,,,1037.0,123.20563437866444,124.46899447469885,122.55482313207824,124.27758026123048,627600.0,0.0,0.0,0.0,VDE
2091,,2025-02-20,,,,,,,,,,,,,,,,,2457.0,15.609999656677246,16.6299991607666,15.119999885559082,15.65999984741211,0.0,0.0,0.0,,^VIX
2092,,2025-02-21,,,,,,,,,,,,,,,,,1038.0,123.6172050670684,123.7990537051654,121.37762050466488,121.54989624023438,244300.0,0.0,0.0,0.0,VDE
2093,,2025-02-21,,,,,,,,,,,,,,,,,2458.0,15.630000114440918,19.030000686645508,15.279999732971191,18.209999084472656,0.0,0.0,0.0,,^VIX
2094,,2025-02-24,,,,,,,,,,,,,,,,,1039.0,121.76044698440845,122.11456402904392,120.76507695513826,121.46375274658205,246000.0,0.0,0.0,0.0,VDE
2095,,2025-02-24,,,,,,,,,,,,,,,,,2459.0,18.079999923706055,20.239999771118164,17.309999465942383,18.979999542236328,0.0,0.0,0.0,,^VIX
2096,,2025-02-25,,,,,,,,,,,,,,,,,1040.0,121.32975989848812,121.90401720230544,118.6307783180895,119.5687255859375,262700.0,0.0,0.0,0.0,VDE
2097,,2025-02-25,,,,,,,,,,,,,,,,,2460.0,19.09000015258789,21.479999542236328,18.850000381469727,19.43000030517578,0.0,0.0,0.0,,^VIX
2098,,2025-02-26,,,,,,,,,,,,,,,,,1041.0,119.8558566313982,120.10469367923778,118.42022794715491,119.118896484375,283500.0,0.0,0.0,0.0,VDE
2099,,2025-02-26,,,,,,,,,,,,,,,,,2461.0,18.959999084472656,20.059999465942383,17.829999923706055,19.100000381469727,0.0,0.0,0.0,,^VIX
2100,,2025-02-27,,,,,,,,,,,,,,,,,1042.0,119.54958179578225,120.78421595922136,119.03275462639664,119.31031036376952,208800.0,0.0,0.0,0.0,VDE
2101,,2025-02-27,,,,,,,,,,,,,,,,,2462.0,18.25,21.469999313354492,17.670000076293945,21.1299991607666,0.0,0.0,0.0,,^VIX
2102,,2025-02-28,,,,,,,,,,,,,,,,,1043.0,118.93704918497716,121.21491806285766,118.20009633165328,121.16706085205078,383500.0,0.0,0.0,0.0,VDE
2103,,2025-02-28,,,,,,,,,,,,,,,,,2463.0,21.209999084472656,22.399999618530273,19.049999237060547,19.6299991607666,0.0,0.0,0.0,,^VIX
2104,50.0,2025-03-01,181.628,183.009,5.0,431.798,334.983,165.826,249.728,58.414,148.319,437.231,216.731,281.809,258.525,31.3,325.933,319.799,,,,,,,,,,
2105,,2025-03-03,,,,,,,,,,,,,,,,,1044.0,121.54031755768362,122.2198475651181,115.64467312454174,116.5921859741211,501700.0,0.0,0.0,0.0,VDE
2106,,2025-03-03,,,,,,,,,,,,,,,,,2464.0,19.829999923706055,24.309999465942383,19.25,22.780000686645508,0.0,0.0,0.0,,^VIX
2107,,2025-03-04,,,,,,,,,,,,,,,,,1045.0,114.90771969532032,117.44399854522828,113.44337957837314,115.663818359375,536600.0,0.0,0.0,0.0,VDE
2108,,2025-03-04,,,,,,,,,,,,,,,,,2465.0,22.959999084472656,26.350000381469727,21.709999084472656,23.510000228881836,0.0,0.0,0.0,,^VIX
2109,,2025-03-05,,,,,,,,,,,,,,,,,1046.0,114.24733173290174,114.4961687772828,111.76847577552904,114.0271987915039,488500.0,0.0,0.0,0.0,VDE
2110,,2025-03-05,,,,,,,,,,,,,,,,,2466.0,23.030000686645508,24.84000015258789,21.3700008392334,21.93000030517578,0.0,0.0,0.0,,^VIX
2111,,2025-03-06,,,,,,,,,,,,,,,,,1047.0,113.4433758618975,114.86943162359344,112.55328579813076,114.18033599853516,395500.0,0.0,0.0,0.0,VDE
2112,,2025-03-06,,,,,,,,,,,,,,,,,2467.0,22.600000381469727,25.920000076293945,22.38999938964844,24.8700008392334,0.0,0.0,0.0,,^VIX
2113,,2025-03-07,,,,,,,,,,,,,,,,,1048.0,114.6684534283244,116.85060799946174,114.6684534283244,116.0370864868164,358500.0,0.0,0.0,0.0,VDE
2114,,2025-03-07,,,,,,,,,,,,,,,,,2468.0,24.850000381469727,26.559999465942383,23.09000015258789,23.3700008392334,0.0,0.0,0.0,,^VIX
2115,,2025-03-10,,,,,,,,,,,,,,,,,1049.0,116.33378927644767,118.1618194731568,115.56811766717524,116.58262634277344,639900.0,0.0,0.0,0.0,VDE
2116,,2025-03-10,,,,,,,,,,,,,,,,,2469.0,24.700000762939453,29.559999465942383,24.68000030517578,27.86000061035156,0.0,0.0,0.0,,^VIX
2117,,2025-03-11,,,,,,,,,,,,,,,,,1050.0,116.8506006647203,117.70241373614648,115.27141495188164,115.92223358154295,891700.0,0.0,0.0,0.0,VDE
2118,,2025-03-11,,,,,,,,,,,,,,,,,2470.0,27.940000534057617,29.56999969482422,26.18000030517578,26.920000076293945,0.0,0.0,0.0,,^VIX
2119,,2025-03-12,,,,,,,,,,,,,,,,,1051.0,116.1806371618826,117.53969715748585,115.6542370851424,116.50605010986328,431400.0,0.0,0.0,0.0,VDE
2120,,2025-03-12,,,,,,,,,,,,,,,,,2471.0,26.8799991607666,26.90999984741211,23.88999938964844,24.229999542236328,0.0,0.0,0.0,,^VIX
2121,,2025-03-13,,,,,,,,,,,,,,,,,1052.0,116.02751763303516,117.692844921904,114.93643307606828,115.67339324951172,310200.0,0.0,0.0,0.0,VDE
2122,,2025-03-13,,,,,,,,,,,,,,,,,2472.0,24.920000076293945,26.1299991607666,23.459999084472656,24.65999984741211,0.0,0.0,0.0,,^VIX
2123,,2025-03-14,,,,,,,,,,,,,,,,,1053.0,116.22850062480587,119.21460361506551,115.8839491563936,119.04232788085938,324200.0,0.0,0.0,0.0,VDE
2124,,2025-03-14,,,,,,,,,,,,,,,,,2473.0,24.350000381469727,24.36000061035156,21.479999542236328,21.770000457763672,0.0,0.0,0.0,,^VIX
2125,,2025-03-17,,,,,,,,,,,,,,,,,1054.0,119.1188942475112,121.54989298341776,119.08060994041207,121.07135009765624,307900.0,0.0,0.0,0.0,VDE
2126,,2025-03-17,,,,,,,,,,,,,,,,,2474.0,22.88999938964844,22.950000762939453,20.31999969482422,20.510000228881836,0.0,0.0,0.0,,^VIX
2127,,2025-03-18,,,,,,,,,,,,,,,,,1055.0,121.75088174177198,121.99015318784149,120.4109601833857,121.38719177246094,214300.0,0.0,0.0,0.0,VDE
2128,,2025-03-18,,,,,,,,,,,,,,,,,2475.0,20.829999923706055,22.56999969482422,20.40999984741211,21.700000762939453,0.0,0.0,0.0,,^VIX
2129,,2025-03-19,,,,,,,,,,,,,,,,,1056.0,121.54989759054746,123.95217771069504,121.54989759054746,123.4449234008789,157300.0,0.0,0.0,0.0,VDE
2130,,2025-03-19,,,,,,,,,,,,,,,,,2476.0,21.84000015258789,22.100000381469727,19.420000076293945,19.899999618530273,0.0,0.0,0.0,,^VIX
2131,,2025-03-20,,,,,,,,,,,,,,,,,1057.0,122.69839527782663,124.22973838242405,122.24857109048514,123.81818389892578,195900.0,0.0,0.0,0.0,VDE
2132,,2025-03-20,,,,,,,,,,,,,,,,,2477.0,19.520000457763672,21.170000076293945,19.299999237060547,19.799999237060547,0.0,0.0,0.0,,^VIX
2133,,2025-03-21,,,,,,,,,,,,,,,,,1058.0,123.47363756425447,123.69377781982335,122.26771467692524,122.8802490234375,187400.0,0.0,0.0,0.0,VDE
2134,,2025-03-21,,,,,,,,,,,,,,,,,2478.0,20.020000457763672,21.13999938964844,19.149999618530273,19.280000686645508,0.0,0.0,0.0,,^VIX
2135,,2025-03-24,,,,,,,,,,,,,,,,,1059.0,123.46406806279464,125.062399594542,123.46406806279464,124.40200805664062,218200.0,0.0,0.0,0.0,VDE
2136,,2025-03-24,,,,,,,,,,,,,,,,,2479.0,19.1299991607666,19.13999938964844,17.459999084472656,17.479999542236328,0.0,0.0,0.0,,^VIX
2137,,2025-03-25,,,,,,,,,,,,,,,,,1060.0,125.03738796683224,125.86653615053146,124.53603879005598,124.81564331054688,181700.0,0.949,0.0,0.0,VDE
2138,,2025-03-25,,,,,,,,,,,,,,,,,2480.0,17.579999923706055,17.770000457763672,17.020000457763672,17.149999618530273,0.0,0.0,0.0,,^VIX
2139,,2025-03-26,,,,,,,,,,,,,,,,,1061.0,125.9918448154684,126.9656204566138,125.31696027447336,125.57727813720705,262000.0,0.0,0.0,0.0,VDE
2140,,2025-03-26,,,,,,,,,,,,,,,,,2481.0,17.229999542236328,19.06999969482422,16.969999313354492,18.329999923706055,0.0,0.0,0.0,,^VIX
2141,,2025-03-27,,,,,,,,,,,,,,,,,1062.0,125.28804001046872,125.6929707425264,123.8900617116406,124.39141082763672,281100.0,0.0,0.0,0.0,VDE
2142,,2025-03-27,,,,,,,,,,,,,,,,,2482.0,18.36000061035156,19.280000686645508,17.950000762939453,18.690000534057617,0.0,0.0,0.0,,^VIX
2143,,2025-03-28,,,,,,,,,,,,,,,,,1063.0,124.34319843051834,124.6806480542247,123.03198788420546,123.79364013671876,160700.0,0.0,0.0,0.0,VDE
2144,,2025-03-28,,,,,,,,,,,,,,,,,2483.0,19.079999923706055,22.18000030517578,18.920000076293945,21.649999618530273,0.0,0.0,0.0,,^VIX
2145,,2025-03-31,,,,,,,,,,,,,,,,,1064.0,123.37908067295044,125.63512970157474,123.21518118400394,125.0566635131836,318900.0,0.0,0.0,0.0,VDE
2146,,2025-03-31,,,,,,,,,,,,,,,,,2484.0,24.11000061035156,24.799999237060547,21.670000076293945,22.280000686645508,0.0,0.0,0.0,,^VIX
2147,51.0,2025-04-01,185.71,184.389,6.5,432.956,337.18,175.089,250.465,58.312,148.009,438.942,220.088,282.518,258.392,31.2,326.815,320.795,1065.0,124.72884534219094,125.78938871653816,123.66831667922357,125.67369842529295,259900.0,0.0,0.0,0.0,VDE
2148,51.0,2025-04-01,185.71,184.389,6.5,432.956,337.18,175.089,250.465,58.312,148.009,438.942,220.088,282.518,258.392,31.2,326.815,320.795,2485.0,22.059999465942383,23.520000457763672,21.579999923706055,21.770000457763672,0.0,0.0,0.0,,^VIX
2149,,2025-04-02,,,,,,,,,,,,,,,,,1066.0,124.59387163200738,126.09790430234396,124.37212699763218,125.87615966796876,227800.0,0.0,0.0,0.0,VDE
2150,,2025-04-02,,,,,,,,,,,,,,,,,2486.0,22.299999237060547,23.65999984741211,20.68000030517578,21.510000228881836,0.0,0.0,0.0,,^VIX
2151,,2025-04-03,,,,,,,,,,,,,,,,,1067.0,119.79253601478209,120.78558362737044,115.97460174560548,115.97460174560548,642600.0,0.0,0.0,0.0,VDE
2152,,2025-04-03,,,,,,,,,,,,,,,,,2487.0,26.3799991607666,30.020000457763672,24.93000030517578,30.020000457763672,0.0,0.0,0.0,,^VIX
2153,,2025-04-04,,,,,,,,,,,,,,,,,1068.0,111.88670512978058,112.85083009477415,105.03177604022108,105.45598602294922,1846600.0,0.0,0.0,0.0,VDE
2154,,2025-04-04,,,,,,,,,,,,,,,,,2488.0,30.1200008392334,45.61000061035156,29.989999771118164,45.310001373291016,0.0,0.0,0.0,,^VIX
2155,,2025-04-07,,,,,,,,,,,,,,,,,1069.0,101.54164171716263,108.80150157657748,100.06653168748902,104.62683868408205,3087700.0,0.0,0.0,0.0,VDE
2156,,2025-04-07,,,,,,,,,,,,,,,,,2489.0,60.130001068115234,60.130001068115234,38.58000183105469,46.97999954223633,0.0,0.0,0.0,,^VIX
2157,,2025-04-08,,,,,,,,,,,,,,,,,1070.0,107.76023813758614,108.35799823085158,100.39432440110576,102.07190704345705,1359800.0,0.0,0.0,0.0,VDE
2158,,2025-04-08,,,,,,,,,,,,,,,,,2490.0,44.040000915527344,57.52000045776367,36.47999954223633,52.33000183105469,0.0,0.0,0.0,,^VIX
2159,,2025-04-09,,,,,,,,,,,,,,,,,1071.0,99.91227206601296,111.23110497132606,99.37236441462414,110.1030731201172,1277800.0,0.0,0.0,0.0,VDE
2160,,2025-04-09,,,,,,,,,,,,,,,,,2491.0,50.97999954223633,57.959999084472656,31.899999618530273,33.619998931884766,0.0,0.0,0.0,,^VIX
2161,,2025-04-10,,,,,,,,,,,,,,,,,1072.0,107.25890315888108,107.25890315888108,100.8667572411462,102.88177490234376,1020500.0,0.0,0.0,0.0,VDE
2162,,2025-04-10,,,,,,,,,,,,,,,,,2492.0,34.439998626708984,54.869998931884766,34.439998626708984,40.720001220703125,0.0,0.0,0.0,,^VIX
2163,,2025-04-11,,,,,,,,,,,,,,,,,1073.0,103.32527350400866,106.37191200582524,101.43558940462584,105.6102523803711,971100.0,0.0,0.0,0.0,VDE
2164,,2025-04-11,,,,,,,,,,,,,,,,,2493.0,40.79999923706055,46.119998931884766,36.849998474121094,37.560001373291016,0.0,0.0,0.0,,^VIX
2165,,2025-04-14,,,,,,,,,,,,,,,,,1074.0,107.95306825661092,107.98199082724364,104.89679403159816,106.02481842041016,1069300.0,0.0,0.0,0.0,VDE
2166,,2025-04-14,,,,,,,,,,,,,,,,,2494.0,34.7599983215332,35.16999816894531,29.75,30.88999938964844,0.0,0.0,0.0,,^VIX
2167,,2025-04-15,,,,,,,,,,,,,,,,,1075.0,105.90913345055716,107.7216932210372,105.77415653433292,105.88021087646484,415100.0,0.0,0.0,0.0,VDE
2168,,2025-04-15,,,,,,,,,,,,,,,,,2495.0,30.010000228881836,31.450000762939453,28.290000915527344,30.1200008392334,0.0,0.0,0.0,,^VIX
2169,,2025-04-16,,,,,,,,,,,,,,,,,1076.0,106.4201044279105,108.56046289516894,106.29477083823556,106.81539916992188,436200.0,0.0,0.0,0.0,VDE
2170,,2025-04-16,,,,,,,,,,,,,,,,,2496.0,33.2400016784668,34.959999084472656,29.479999542236328,32.63999938964844,0.0,0.0,0.0,,^VIX
2171,,2025-04-17,,,,,,,,,,,,,,,,,1077.0,107.72168538986124,110.9707818086569,107.72168538986124,109.3606948852539,523200.0,0.0,0.0,0.0,VDE
2172,,2025-04-17,,,,,,,,,,,,,,,,,2497.0,30.790000915527344,32.54999923706055,29.56999969482422,29.649999618530273,0.0,0.0,0.0,,^VIX
2173,,2025-04-21,,,,,,,,,,,,,,,,,1078.0,107.94343112526276,107.94343112526276,105.2920874487546,106.3815460205078,329500.0,0.0,0.0,0.0,VDE
2174,,2025-04-21,,,,,,,,,,,,,,,,,2498.0,32.75,35.75,31.790000915527344,33.81999969482422,0.0,0.0,0.0,,^VIX
2175,,2025-04-22,,,,,,,,,,,,,,,,,1079.0,107.91451011203247,109.87168265914733,107.32639328138252,109.0811004638672,356400.0,0.0,0.0,0.0,VDE
2176,,2025-04-22,,,,,,,,,,,,,,,,,2499.0,32.61000061035156,32.68000030517578,30.079999923706055,30.56999969482422,0.0,0.0,0.0,,^VIX
2177,,2025-04-23,,,,,,,,,,,,,,,,,1080.0,110.3248335571162,111.17326098222443,108.18447469565083,108.82080078125,387100.0,0.0,0.0,0.0,VDE
2178,,2025-04-23,,,,,,,,,,,,,,,,,2500.0,28.75,30.290000915527344,27.11000061035156,28.450000762939453,0.0,0.0,0.0,,^VIX
2179,,2025-04-24,,,,,,,,,,,,,,,,,1081.0,109.688499182244,110.95150794757072,108.97504873423526,110.53693389892578,204700.0,0.0,0.0,0.0,VDE
2180,,2025-04-24,,,,,,,,,,,,,,,,,2501.0,28.690000534057617,29.65999984741211,26.36000061035156,26.469999313354492,0.0,0.0,0.0,,^VIX
2181,,2025-04-25,,,,,,,,,,,,,,,,,1082.0,109.68849869593694,110.61406517470266,109.3510564149755,110.51764678955078,220400.0,0.0,0.0,0.0,VDE
2182,,2025-04-25,,,,,,,,,,,,,,,,,2502.0,26.219999313354492,27.200000762939453,24.84000015258789,24.84000015258789,0.0,0.0,0.0,,^VIX
2183,,2025-04-28,,,,,,,,,,,,,,,,,1083.0,110.34410257401936,111.64567719991688,110.34410257401936,111.29859161376952,192400.0,0.0,0.0,0.0,VDE
2184,,2025-04-28,,,,,,,,,,,,,,,,,2503.0,25.75,26.93000030517578,24.700000762939453,25.149999618530273,0.0,0.0,0.0,,^VIX
2185,,2025-04-29,,,,,,,,,,,,,,,,,1084.0,110.47907936679869,111.44320435935936,109.97773760717068,110.86473083496094,268100.0,0.0,0.0,0.0,VDE
2186,,2025-04-29,,,,,,,,,,,,,,,,,2504.0,24.760000228881836,25.989999771118164,23.760000228881836,24.170000076293945,0.0,0.0,0.0,,^VIX
2187,,2025-04-30,,,,,,,,,,,,,,,,,1085.0,109.30285475395084,109.30285475395084,106.6997128201528,107.90486907958984,510900.0,0.0,0.0,0.0,VDE
2188,,2025-04-30,,,,,,,,,,,,,,,,,2505.0,24.350000381469727,28.170000076293945,24.229999542236328,24.700000762939453,0.0,0.0,0.0,,^VIX
2189,52.0,2025-05-01,187.171,185.22,6.6,433.698,344.056,178.512,251.354,58.318,148.427,438.942,222.199,283.003,258.678,31.1,327.509,321.465,1086.0,107.26855512343688,109.98738747023064,107.26855512343688,108.6086883544922,456900.0,0.0,0.0,0.0,VDE
2190,52.0,2025-05-01,187.171,185.22,6.6,433.698,344.056,178.512,251.354,58.318,148.427,438.942,222.199,283.003,258.678,31.1,327.509,321.465,2506.0,23.940000534057617,25.18000030517578,23.299999237060547,24.600000381469727,0.0,0.0,0.0,,^VIX
2191,,2025-05-02,,,,,,,,,,,,,,,,,1087.0,109.9295186358835,110.7201007652251,108.06875727154798,110.29589080810548,467700.0,0.0,0.0,0.0,VDE
2192,,2025-05-02,,,,,,,,,,,,,,,,,2507.0,23.6299991607666,24.31999969482422,22.34000015258789,22.68000030517578,0.0,0.0,0.0,,^VIX
2193,,2025-05-05,,,,,,,,,,,,,,,,,1088.0,108.84006924864732,108.9654028489719,107.7409673513704,108.21338653564452,371400.0,0.0,0.0,0.0,VDE
2194,,2025-05-05,,,,,,,,,,,,,,,,,2508.0,24.25,24.6299991607666,22.809999465942383,23.63999938964844,0.0,0.0,0.0,,^VIX
2195,,2025-05-06,,,,,,,,,,,,,,,,,1089.0,108.74365293871185,109.38961488358254,107.77952799806084,108.3387222290039,339000.0,0.0,0.0,0.0,VDE
2196,,2025-05-06,,,,,,,,,,,,,,,,,2509.0,23.969999313354492,25.11000061035156,23.899999618530273,24.760000228881836,0.0,0.0,0.0,,^VIX
2197,,2025-05-07,,,,,,,,,,,,,,,,,1090.0,108.82078773350352,109.06181897538676,107.67347666831846,108.52190399169922,249200.0,0.0,0.0,0.0,VDE
2198,,2025-05-07,,,,,,,,,,,,,,,,,2510.0,24.559999465942383,25.6200008392334,23.290000915527344,23.549999237060547,0.0,0.0,0.0,,^VIX
2199,,2025-05-08,,,,,,,,,,,,,,,,,1091.0,109.486033487495,111.4817719586031,109.44746760451584,110.08379364013672,435300.0,0.0,0.0,0.0,VDE
2200,,2025-05-08,,,,,,,,,,,,,,,,,2511.0,22.84000015258789,23.61000061035156,21.8799991607666,22.479999542236328,0.0,0.0,0.0,,^VIX
2201,,2025-05-09,,,,,,,,,,,,,,,,,1092.0,111.62638820526944,111.6360315145933,110.2862550811557,111.17324829101562,225400.0,0.0,0.0,0.0,VDE
2202,,2025-05-09,,,,,,,,,,,,,,,,,2512.0,22.399999618530273,22.81999969482422,21.829999923706055,21.899999618530273,0.0,0.0,0.0,,^VIX
2203,,2025-05-12,,,,,,,,,,,,,,,,,1093.0,115.01047914701074,115.82034066567186,113.23648521385851,113.93065643310548,380100.0,0.0,0.0,0.0,VDE
2204,,2025-05-12,,,,,,,,,,,,,,,,,2513.0,19.84000015258789,20.440000534057617,18.13999938964844,18.38999938964844,0.0,0.0,0.0,,^VIX
2205,,2025-05-13,,,,,,,,,,,,,,,,,1094.0,114.52841597237054,116.54343380318006,114.1427644798849,115.6371612548828,714000.0,0.0,0.0,0.0,VDE
2206,,2025-05-13,,,,,,,,,,,,,,,,,2514.0,18.690000534057617,18.850000381469727,17.649999618530273,18.219999313354492,0.0,0.0,0.0,,^VIX
2207,,2025-05-14,,,,,,,,,,,,,,,,,1095.0,115.000838529981,115.40576929879444,114.4898534137606,114.96227264404295,407300.0,0.0,0.0,0.0,VDE
2208,,2025-05-14,,,,,,,,,,,,,,,,,2515.0,18.100000381469727,18.81999969482422,18.059999465942383,18.6200008392334,0.0,0.0,0.0,,^VIX
2209,,2025-05-15,,,,,,,,,,,,,,,,,1096.0,113.46787388537764,115.30934881498824,113.2171993251624,115.2997055053711,289400.0,0.0,0.0,0.0,VDE
2210,,2025-05-15,,,,,,,,,,,,,,,,,2516.0,19.190000534057617,19.3799991607666,17.770000457763672,17.829999923706055,0.0,0.0,0.0,,^VIX
2211,,2025-05-16,,,,,,,,,,,,,,,,,1097.0,115.3672045282561,115.66608093349618,113.92101698441282,115.03939819335938,297500.0,0.0,0.0,0.0,VDE
2212,,2025-05-16,,,,,,,,,,,,,,,,,2517.0,17.959999084472656,17.959999084472656,17.149999618530273,17.239999771118164,0.0,0.0,0.0,,^VIX
2213,,2025-05-19,,,,,,,,,,,,,,,,,1098.0,114.10419385431214,114.12348047376484,112.76406067426396,113.62213134765624,371000.0,0.0,0.0,0.0,VDE
2214,,2025-05-19,,,,,,,,,,,,,,,,,2518.0,19.84000015258789,19.920000076293945,17.920000076293945,18.13999938964844,0.0,0.0,0.0,,^VIX
2215,,2025-05-20,,,,,,,,,,,,,,,,,1099.0,113.58356269934455,113.68961703668226,112.5037474183642,112.59051513671876,229100.0,0.0,0.0,0.0,VDE
2216,,2025-05-20,,,,,,,,,,,,,,,,,2519.0,18.459999084472656,18.68000030517578,17.700000762939453,18.09000015258789,0.0,0.0,0.0,,^VIX
2217,,2025-05-21,,,,,,,,,,,,,,,,,1100.0,111.99276422750802,112.098811210933,110.47908090662804,110.51764678955078,316600.0,0.0,0.0,0.0,VDE
2218,,2025-05-21,,,,,,,,,,,,,,,,,2520.0,18.770000457763672,21.049999237060547,17.770000457763672,20.8700008392334,0.0,0.0,0.0,,^VIX
2219,,2025-05-22,,,,,,,,,,,,,,,,,1101.0,109.90060777949932,110.65262411004124,108.676172253869,110.09343719482422,362600.0,0.0,0.0,0.0,VDE
2220,,2025-05-22,,,,,,,,,,,,,,,,,2521.0,20.6200008392334,22.06999969482422,19.63999938964844,20.280000686645508,0.0,0.0,0.0,,^VIX
2221,,2025-05-23,,,,,,,,,,,,,,,,,1102.0,109.13894776506042,110.7586780697856,109.13894776506042,110.5080108642578,305600.0,0.0,0.0,0.0,VDE
2222,,2025-05-23,,,,,,,,,,,,,,,,,2522.0,20.13999938964844,25.530000686645508,19.829999923706055,22.290000915527344,0.0,0.0,0.0,,^VIX
2223,,2025-05-27,,,,,,,,,,,,,,,,,1103.0,111.17325553020004,111.72280650640772,110.42123917914644,111.58782958984376,410000.0,0.0,0.0,0.0,VDE
2224,,2025-05-27,,,,,,,,,,,,,,,,,2523.0,20.6299991607666,21.010000228881836,18.950000762939453,18.959999084472656,0.0,0.0,0.0,,^VIX
2225,,2025-05-28,,,,,,,,,,,,,,,,,1104.0,112.17593872313576,112.52302430058911,110.00665754189713,110.26697540283205,697200.0,0.0,0.0,0.0,VDE
2226,,2025-05-28,,,,,,,,,,,,,,,,,2524.0,19.209999084472656,19.43000030517578,18.68000030517578,19.309999465942383,0.0,0.0,0.0,,^VIX
2227,,2025-05-29,,,,,,,,,,,,,,,,,1105.0,110.575499375513,110.9997093766043,109.77527385456273,110.96114349365234,606200.0,0.0,0.0,0.0,VDE
2228,,2025-05-29,,,,,,,,,,,,,,,,,2525.0,18.25,20.200000762939453,18.11000061035156,19.18000030517578,0.0,0.0,0.0,,^VIX
2229,,2025-05-30,,,,,,,,,,,,,,,,,1106.0,110.20912770481148,110.60442249023644,109.167878282772,110.11271667480467,524500.0,0.0,0.0,0.0,VDE
2230,,2025-05-30,,,,,,,,,,,,,,,,,2526.0,19.61000061035156,20.549999237060547,18.56999969482422,18.56999969482422,0.0,0.0,0.0,,^VIX
2231,53.0,2025-06-01,183.558,185.675,5.0,434.594,338.652,168.388,252.015,57.596,148.838,438.942,223.495,283.267,260.491,31.0,328.364,322.561,,,,,,,,,,
2232,,2025-06-02,,,,,,,,,,,,,,,,,1107.0,111.99277350963884,112.28200662199642,110.25734541273074,111.4721450805664,1299300.0,0.0,0.0,0.0,VDE
2233,,2025-06-02,,,,,,,,,,,,,,,,,2527.0,19.809999465942383,20.450000762939453,18.36000061035156,18.36000061035156,0.0,0.0,0.0,,^VIX
2234,,2025-06-03,,,,,,,,,,,,,,,,,1108.0,111.54926578918244,113.67998863121784,110.63334993029278,113.01473999023438,360500.0,0.0,0.0,0.0,VDE
2235,,2025-06-03,,,,,,,,,,,,,,,,,2528.0,18.829999923706055,19.209999084472656,17.639999389648438,17.690000534057617,0.0,0.0,0.0,,^VIX
2236,,2025-06-04,,,,,,,,,,,,,,,,,1109.0,112.91832274611106,113.80531598151576,110.7393981846256,110.9129409790039,473800.0,0.0,0.0,0.0,VDE
2237,,2025-06-04,,,,,,,,,,,,,,,,,2529.0,17.68000030517578,18.06999969482422,17.40999984741211,17.610000610351562,0.0,0.0,0.0,,^VIX
2238,,2025-06-05,,,,,,,,,,,,,,,,,1110.0,111.81922639390736,111.81922639390736,110.53693831366544,110.79724884033205,329200.0,0.0,0.0,0.0,VDE
2239,,2025-06-05,,,,,,,,,,,,,,,,,2530.0,17.68000030517578,18.799999237060547,17.079999923706055,18.479999542236328,0.0,0.0,0.0,,^VIX
2240,,2025-06-06,,,,,,,,,,,,,,,,,1111.0,111.8674271842587,113.25576959530687,111.8674271842587,112.92796325683594,314600.0,0.0,0.0,0.0,VDE
2241,,2025-06-06,,,,,,,,,,,,,,,,,2531.0,18.15999984741211,18.350000381469727,16.649999618530273,16.770000457763672,0.0,0.0,0.0,,^VIX
2242,,2025-06-09,,,,,,,,,,,,,,,,,1112.0,113.28468803096597,114.26809229907155,112.46518324826292,113.13042449951172,847900.0,0.0,0.0,0.0,VDE
2243,,2025-06-09,,,,,,,,,,,,,,,,,2532.0,17.690000534057617,17.719999313354492,16.81999969482422,17.15999984741211,0.0,0.0,0.0,,^VIX
2244,,2025-06-10,,,,,,,,,,,,,,,,,1113.0,114.12348141473348,115.78177027252296,114.12348141473348,114.9911880493164,1347100.0,0.0,0.0,0.0,VDE
2245,,2025-06-10,,,,,,,,,,,,,,,,,2533.0,17.5,17.989999771118164,16.68000030517578,16.950000762939453,0.0,0.0,0.0,,^VIX
2246,,2025-06-11,,,,,,,,,,,,,,,,,1114.0,115.88782543364115,117.04477988075828,114.81764606401067,116.77482604980467,645200.0,0.0,0.0,0.0,VDE
2247,,2025-06-11,,,,,,,,,,,,,,,,,2534.0,17.040000915527344,18.09000015258789,16.229999542236328,17.260000228881836,0.0,0.0,0.0,,^VIX
2248,,2025-06-12,,,,,,,,,,,,,,,,,1115.0,116.24454684931784,117.23759438732704,115.37683290883272,117.21831512451172,450400.0,0.0,0.0,0.0,VDE
2249,,2025-06-12,,,,,,,,,,,,,,,,,2535.0,17.8700008392334,18.8700008392334,17.43000030517578,18.020000457763672,0.0,0.0,0.0,,^VIX
2250,,2025-06-13,,,,,,,,,,,,,,,,,1116.0,119.5418587704141,119.95643282185522,117.68109719380958,119.3201141357422,3219400.0,0.0,0.0,0.0,VDE
2251,,2025-06-13,,,,,,,,,,,,,,,,,2536.0,21.760000228881836,22.0,18.8799991607666,20.81999969482422,0.0,0.0,0.0,,^VIX
2252,,2025-06-16,,,,,,,,,,,,,,,,,1117.0,119.14657405707584,120.25531932280418,118.12459651410585,119.04051971435548,683300.0,0.0,0.0,0.0,VDE
2253,,2025-06-16,,,,,,,,,,,,,,,,,2537.0,19.780000686645508,20.219999313354492,18.670000076293945,19.11000061035156,0.0,0.0,0.0,,^VIX
2254,,2025-06-17,,,,,,,,,,,,,,,,,1118.0,120.06247874672592,121.06516957657468,119.33938503482736,120.1588897705078,612400.0,0.0,0.0,0.0,VDE
2255,,2025-06-17,,,,,,,,,,,,,,,,,2538.0,20.530000686645508,21.790000915527344,19.549999237060547,21.600000381469727,0.0,0.0,0.0,,^VIX
2256,,2025-06-18,,,,,,,,,,,,,,,,,1119.0,120.64096256399333,121.17123427368428,119.17549575236863,119.43580627441406,515200.0,0.0,0.0,0.0,VDE
2257,,2025-06-18,,,,,,,,,,,,,,,,,2539.0,20.899999618530273,21.579999923706055,19.59000015258789,20.13999938964844,0.0,0.0,0.0,,^VIX
2258,,2025-06-20,,,,,,,,,,,,,,,,,1120.0,120.04321224901516,120.78558530233434,119.62863818254876,120.4481430053711,424100.0,0.0,0.0,0.0,VDE
2259,,2025-06-20,,,,,,,,,,,,,,,,,2540.0,20.739999771118164,21.06999969482422,19.11000061035156,20.6200008392334,0.0,0.0,0.0,,^VIX
2260,,2025-06-23,,,,,,,,,,,,,,,,,1121.0,121.9714524630717,121.99073172603912,116.89050973329074,117.27616119384766,1211600.0,0.0,0.0,0.0,VDE
2261,,2025-06-23,,,,,,,,,,,,,,,,,2541.0,21.149999618530273,22.510000228881836,19.81999969482422,19.829999923706055,0.0,0.0,0.0,,^VIX
2262,,2025-06-24,,,,,,,,,,,,,,,,,1122.0,115.56967881128564,117.1122775058368,115.45398115081026,115.99388885498048,718700.0,0.0,0.0,0.0,VDE
2263,,2025-06-24,,,,,,,,,,,,,,,,,2542.0,18.190000534057617,18.719999313354492,17.329999923706055,17.479999542236328,0.0,0.0,0.0,,^VIX
2264,,2025-06-25,,,,,,,,,,,,,,,,,1123.0,115.781768961794,116.1095752902707,115.04903925002743,115.34791564941406,2390200.0,0.0,0.0,0.0,VDE
2265,,2025-06-25,,,,,,,,,,,,,,,,,2543.0,17.280000686645508,17.510000228881836,16.68000030517578,16.760000228881836,0.0,0.0,0.0,,^VIX
2266,,2025-06-26,,,,,,,,,,,,,,,,,1124.0,115.6326171390632,117.26507791286066,115.35082247658292,116.97356414794922,315300.0,0.933,0.0,0.0,VDE
2267,,2025-06-26,,,,,,,,,,,,,,,,,2544.0,16.670000076293945,16.780000686645508,16.110000610351562,16.59000015258789,0.0,0.0,0.0,,^VIX
2268,,2025-06-27,,,,,,,,,,,,,,,,,1125.0,117.02215002603386,117.02215002603386,115.69091473133702,116.40026092529295,369600.0,0.0,0.0,0.0,VDE
2269,,2025-06-27,,,,,,,,,,,,,,,,,2545.0,16.309999465942383,17.290000915527344,16.1200008392334,16.31999969482422,0.0,0.0,0.0,,^VIX
2270,,2025-06-30,,,,,,,,,,,,,,,,,1126.0,115.99214746313478,116.4974295768576,115.4382772517354,115.7492218017578,1649000.0,0.0,0.0,0.0,VDE
2271,,2025-06-30,,,,,,,,,,,,,,,,,2546.0,17.190000534057617,17.43000030517578,16.549999237060547,16.729999542236328,0.0,0.0,0.0,,^VIX
2272,54.0,2025-07-01,189.746,186.373,4.5,435.489,338.6,180.906,253.645,57.566,149.898,440.55,224.831,283.475,262.358,31.0,328.98,323.048,1127.0,115.99215787608512,117.09989839832892,114.82611014869453,116.54602813720705,343800.0,0.0,0.0,0.0,VDE
2273,54.0,2025-07-01,189.746,186.373,4.5,435.489,338.6,180.906,253.645,57.566,149.898,440.55,224.831,283.475,262.358,31.0,328.98,323.048,2547.0,16.979999542236328,17.479999542236328,16.510000228881836,16.829999923706055,0.0,0.0,0.0,,^VIX
2274,,2025-07-02,,,,,,,,,,,,,,,,,1128.0,117.39140719862203,118.81009232815214,116.24479765372732,118.52830505371094,510200.0,0.0,0.0,0.0,VDE
2275,,2025-07-02,,,,,,,,,,,,,,,,,2548.0,16.75,17.3700008392334,16.540000915527344,16.639999389648438,0.0,0.0,0.0,,^VIX
2276,,2025-07-03,,,,,,,,,,,,,,,,,1129.0,118.3728225644266,119.02386159389414,118.15904678436186,118.76150512695312,218000.0,0.0,0.0,0.0,VDE
2277,,2025-07-03,,,,,,,,,,,,,,,,,2549.0,16.649999618530273,16.829999923706055,16.139999389648438,16.3799991607666,0.0,0.0,0.0,,^VIX
2278,,2025-07-07,,,,,,,,,,,,,,,,,1130.0,118.04244469596227,118.67404550645146,116.38082659114296,117.5371551513672,284900.0,0.0,0.0,0.0,VDE
2279,,2025-07-07,,,,,,,,,,,,,,,,,2550.0,17.829999923706055,18.5,17.510000228881836,17.790000915527344,0.0,0.0,0.0,,^VIX
2280,,2025-07-08,,,,,,,,,,,,,,,,,1131.0,117.41084622491752,121.074162366768,117.41084622491752,120.59803009033205,331300.0,0.0,0.0,0.0,VDE
2281,,2025-07-08,,,,,,,,,,,,,,,,,2551.0,17.40999984741211,17.440000534057617,16.540000915527344,16.809999465942383,0.0,0.0,0.0,,^VIX
2282,,2025-07-09,,,,,,,,,,,,,,,,,1132.0,120.42311355307794,120.753488906137,119.62631765119669,119.91783142089844,380200.0,0.0,0.0,0.0,VDE
2283,,2025-07-09,,,,,,,,,,,,,,,,,2552.0,16.760000228881836,16.760000228881836,15.760000228881836,15.9399995803833,0.0,0.0,0.0,,^VIX
2284,,2025-07-10,,,,,,,,,,,,,,,,,1133.0,119.59716062995776,120.97697657551414,118.88781445315614,120.89923858642578,277700.0,0.0,0.0,0.0,VDE
2285,,2025-07-10,,,,,,,,,,,,,,,,,2553.0,16.229999542236328,16.239999771118164,15.699999809265137,15.779999732971191,0.0,0.0,0.0,,^VIX
2286,,2025-07-11,,,,,,,,,,,,,,,,,1134.0,120.63688985640326,121.95840610142258,120.36481429069396,121.55028533935548,333400.0,0.0,0.0,0.0,VDE
2287,,2025-07-11,,,,,,,,,,,,,,,,,2554.0,16.40999984741211,17.239999771118164,15.979999542236328,16.399999618530273,0.0,0.0,0.0,,^VIX
2288,,2025-07-14,,,,,,,,,,,,,,,,,1135.0,121.28793990256608,121.28793990256608,119.723497844011,120.29680633544922,344000.0,0.0,0.0,0.0,VDE
2289,,2025-07-14,,,,,,,,,,,,,,,,,2555.0,17.729999542236328,17.850000381469727,16.90999984741211,17.200000762939453,0.0,0.0,0.0,,^VIX
2290,,2025-07-15,,,,,,,,,,,,,,,,,1136.0,120.1704805498027,120.50086334872276,118.40198179371198,118.46028900146484,265700.0,0.0,0.0,0.0,VDE
2291,,2025-07-15,,,,,,,,,,,,,,,,,2556.0,16.889999389648438,17.389999389648438,16.559999465942383,17.3799991607666,0.0,0.0,0.0,,^VIX
2292,,2025-07-16,,,,,,,,,,,,,,,,,1137.0,118.50886718459242,118.90726887287434,116.9444251549798,117.34282684326172,271300.0,0.0,0.0,0.0,VDE
2293,,2025-07-16,,,,,,,,,,,,,,,,,2557.0,17.65999984741211,19.479999542236328,16.690000534057617,17.15999984741211,0.0,0.0,0.0,,^VIX
2294,,2025-07-17,,,,,,,,,,,,,,,,,1138.0,116.83752814306412,118.35338936473028,116.5557334763025,118.18819427490234,314300.0,0.0,0.0,0.0,VDE
2295,,2025-07-17,,,,,,,,,,,,,,,,,2558.0,17.15999984741211,17.3700008392334,16.479999542236328,16.520000457763672,0.0,0.0,0.0,,^VIX
2296,,2025-07-18,,,,,,,,,,,,,,,,,1139.0,119.20848782602364,119.73320817493588,117.04158753774745,117.4691390991211,621700.0,0.0,0.0,0.0,VDE
2297,,2025-07-18,,,,,,,,,,,,,,,,,2559.0,16.43000030517578,16.809999465942383,16.280000686645508,16.40999984741211,0.0,0.0,0.0,,^VIX
2298,,2025-07-21,,,,,,,,,,,,,,,,,1140.0,117.44970265803596,117.5760213344102,115.68120412128164,115.87554168701172,476500.0,0.0,0.0,0.0,VDE
2299,,2025-07-21,,,,,,,,,,,,,,,,,2560.0,16.8700008392334,16.989999771118164,16.299999237060547,16.649999618530273,0.0,0.0,0.0,,^VIX
2300,,2025-07-22,,,,,,,,,,,,,,,,,1141.0,115.79781414819516,117.0804614729038,115.79781414819516,116.56546020507812,451300.0,0.0,0.0,0.0,VDE
2301,,2025-07-22,,,,,,,,,,,,,,,,,2561.0,16.75,17.479999542236328,16.43000030517578,16.5,0.0,0.0,0.0,,^VIX
2302,,2025-07-23,,,,,,,,,,,,,,,,,1142.0,116.9541321918777,118.46998596191406,116.78894451970768,118.46998596191406,368700.0,0.0,0.0,0.0,VDE
2303,,2025-07-23,,,,,,,,,,,,,,,,,2562.0,16.229999542236328,16.31999969482422,15.31999969482422,15.369999885559082,0.0,0.0,0.0,,^VIX
2304,,2025-07-24,,,,,,,,,,,,,,,,,1143.0,118.09103153309027,119.47084762977585,117.62461837447992,119.354248046875,337700.0,0.0,0.0,0.0,VDE
2305,,2025-07-24,,,,,,,,,,,,,,,,,2563.0,15.390000343322754,15.539999961853027,14.949999809265137,15.390000343322754,0.0,0.0,0.0,,^VIX
2306,,2025-07-25,,,,,,,,,,,,,,,,,1144.0,119.42227168035656,119.55830947480815,118.324242807778,118.77123260498048,253700.0,0.0,0.0,0.0,VDE
2307,,2025-07-25,,,,,,,,,,,,,,,,,2564.0,15.329999923706056,15.390000343322754,14.920000076293944,14.93000030517578,0.0,0.0,0.0,,^VIX
2308,,2025-07-28,,,,,,,,,,,,,,,,,1145.0,119.7526518437856,120.51057884698932,119.71378284189004,120.24822235107422,293200.0,0.0,0.0,0.0,VDE
2309,,2025-07-28,,,,,,,,,,,,,,,,,2565.0,15.149999618530272,15.539999961853027,15.0,15.029999732971191,0.0,0.0,0.0,,^VIX
2310,,2025-07-29,,,,,,,,,,,,,,,,,1146.0,120.49112575022328,121.404528591941,120.04414343141536,121.33650970458984,361800.0,0.0,0.0,0.0,VDE
2311,,2025-07-29,,,,,,,,,,,,,,,,,2566.0,14.949999809265137,16.1200008392334,14.699999809265137,15.979999542236328,0.0,0.0,0.0,,^VIX
2312,,2025-07-30,,,,,,,,,,,,,,,,,1147.0,120.51056902440136,120.66604501931114,118.85867735275404,119.67491149902344,300600.0,0.0,0.0,0.0,VDE
2313,,2025-07-30,,,,,,,,,,,,,,,,,2567.0,15.869999885559082,17.270000457763672,15.4399995803833,15.479999542236328,0.0,0.0,0.0,,^VIX
2314,,2025-07-31,,,,,,,,,,,,,,,,,1148.0,118.52829893802794,120.28707845760488,118.52829893802794,118.98499298095705,277500.0,0.0,0.0,0.0,VDE
2315,,2025-07-31,,,,,,,,,,,,,,,,,2568.0,14.989999771118164,17.170000076293945,14.739999771118164,16.719999313354492,0.0,0.0,0.0,,^VIX
2316,55.0,2025-08-01,191.057,187.38,4.8,436.981,341.458,182.33,253.694,59.626,149.466,440.55,226.231,283.643,262.11,30.9,329.97,323.976,1149.0,118.63517289977108,118.8683868733354,116.1184665964548,116.73063659667967,476900.0,0.0,0.0,0.0,VDE
2317,55.0,2025-08-01,191.057,187.38,4.8,436.981,341.458,182.33,253.694,59.626,149.466,440.55,226.231,283.643,262.11,30.9,329.97,323.976,2569.0,17.399999618530273,21.899999618530273,17.389999389648438,20.3799991607666,0.0,0.0,0.0,,^VIX
2318,,2025-08-04,,,,,,,,,,,,,,,,,1150.0,116.40027124459526,117.35253577111892,115.92413898133344,116.54602813720705,490300.0,0.0,0.0,0.0,VDE
2319,,2025-08-04,,,,,,,,,,,,,,,,,2570.0,19.559999465942383,19.579999923706055,17.479999542236328,17.520000457763672,0.0,0.0,0.0,,^VIX
2320,,2025-08-05,,,,,,,,,,,,,,,,,1151.0,116.63346774743812,116.97356219181208,115.19535197879873,116.8375244140625,538600.0,0.0,0.0,0.0,VDE
2321,,2025-08-05,,,,,,,,,,,,,,,,,2571.0,17.209999084472656,18.940000534057617,17.110000610351562,17.850000381469727,0.0,0.0,0.0,,^VIX
2322,,2025-08-06,,,,,,,,,,,,,,,,,1152.0,117.5760249722323,118.35339008621033,115.56460070933012,115.81724548339844,463800.0,0.0,0.0,0.0,VDE
2323,,2025-08-06,,,,,,,,,,,,,,,,,2572.0,17.219999313354492,17.8799991607666,16.559999465942383,16.770000457763672,0.0,0.0,0.0,,^VIX
2324,,2025-08-07,,,,,,,,,,,,,,,,,1153.0,116.54601718981785,117.8578142730971,115.14676301378512,115.31195068359376,477700.0,0.0,0.0,0.0,VDE
2325,,2025-08-07,,,,,,,,,,,,,,,,,2573.0,16.40999984741211,17.639999389648438,15.979999542236328,16.56999969482422,0.0,0.0,0.0,,^VIX
2326,,2025-08-08,,,,,,,,,,,,,,,,,1154.0,115.88526281200464,117.12904104679306,115.34110427415742,115.90469360351562,563800.0,0.0,0.0,0.0,VDE
2327,,2025-08-08,,,,,,,,,,,,,,,,,2574.0,16.479999542236328,16.520000457763672,15.149999618530272,15.149999618530272,0.0,0.0,0.0,,^VIX
2328,,2025-08-11,,,,,,,,,,,,,,,,,1155.0,116.06988771711454,116.7209341781439,114.82610941333267,115.02045440673828,364100.0,0.0,0.0,0.0,VDE
2329,,2025-08-11,,,,,,,,,,,,,,,,,2575.0,15.8100004196167,16.360000610351562,15.520000457763672,16.25,0.0,0.0,0.0,,^VIX
2330,,2025-08-12,,,,,,,,,,,,,,,,,1156.0,115.33139473974867,116.63347278689822,115.0204501752426,115.7200698852539,447700.0,0.0,0.0,0.0,VDE
2331,,2025-08-12,,,,,,,,,,,,,,,,,2576.0,16.09000015258789,16.559999465942383,14.65999984741211,14.729999542236328,0.0,0.0,0.0,,^VIX
2332,,2025-08-13,,,,,,,,,,,,,,,,,1157.0,115.81724930886818,116.95413970947266,115.33139794995994,116.95413970947266,382600.0,0.0,0.0,0.0,VDE
2333,,2025-08-13,,,,,,,,,,,,,,,,,2577.0,14.619999885559082,14.8100004196167,14.300000190734863,14.489999771118164,0.0,0.0,0.0,,^VIX
2334,,2025-08-14,,,,,,,,,,,,,,,,,1158.0,116.7306436226332,116.96385761023454,115.61319143943253,116.82781982421876,322600.0,0.0,0.0,0.0,VDE
2335,,2025-08-14,,,,,,,,,,,,,,,,,2578.0,14.65999984741211,15.390000343322754,14.56999969482422,14.829999923706056,0.0,0.0,0.0,,^VIX
2336,,2025-08-15,,,,,,,,,,,,,,,,,1159.0,116.72093612499864,117.95499534631792,116.34197264841612,116.67234802246094,586700.0,0.0,0.0,0.0,VDE
2337,,2025-08-15,,,,,,,,,,,,,,,,,2579.0,14.43000030517578,15.18000030517578,14.399999618530272,15.09000015258789,0.0,0.0,0.0,,^VIX
2338,,2025-08-18,,,,,,,,,,,,,,,,,1160.0,116.186492247475,116.57517481253416,115.3119583294677,116.06988525390624,398700.0,0.0,0.0,0.0,VDE
2339,,2025-08-18,,,,,,,,,,,,,,,,,2580.0,15.729999542236328,15.949999809265137,14.949999809265137,14.989999771118164,0.0,0.0,0.0,,^VIX
2340,,2025-08-19,,,,,,,,,,,,,,,,,1161.0,115.4771427985546,116.6140405670961,115.26337443654558,115.91441345214844,424400.0,0.0,0.0,0.0,VDE
2341,,2025-08-19,,,,,,,,,,,,,,,,,2581.0,15.229999542236328,15.90999984741211,14.760000228881836,15.56999969482422,0.0,0.0,0.0,,^VIX
2342,,2025-08-20,,,,,,,,,,,,,,,,,1162.0,116.08932414347493,117.39140221856492,116.06988593768062,116.94441986083984,336400.0,0.0,0.0,0.0,VDE
2343,,2025-08-20,,,,,,,,,,,,,,,,,2582.0,15.949999809265137,17.190000534057617,15.56999969482422,15.6899995803833,0.0,0.0,0.0,,^VIX
2344,,2025-08-21,,,,,,,,,,,,,,,,,1163.0,116.7112051405844,118.01328312480268,116.45856037741412,117.7995147705078,236300.0,0.0,0.0,0.0,VDE
2345,,2025-08-21,,,,,,,,,,,,,,,,,2583.0,15.720000267028809,17.239999771118164,15.649999618530272,16.600000381469727,0.0,0.0,0.0,,^VIX
2346,,2025-08-22,,,,,,,,,,,,,,,,,1164.0,117.95499014908268,120.55915368138356,117.95499014908268,120.27735900878906,449900.0,0.0,0.0,0.0,VDE
2347,,2025-08-22,,,,,,,,,,,,,,,,,2584.0,16.809999465942383,16.829999923706055,14.210000038146973,14.220000267028809,0.0,0.0,0.0,,^VIX
2348,,2025-08-25,,,,,,,,,,,,,,,,,1165.0,120.14131743599587,120.80207554764252,119.70405420022364,120.65631866455078,578400.0,0.0,0.0,0.0,VDE
2349,,2025-08-25,,,,,,,,,,,,,,,,,2585.0,15.050000190734863,15.1899995803833,14.239999771118164,14.789999961853027,0.0,0.0,0.0,,^VIX
2350,,2025-08-26,,,,,,,,,,,,,,,,,1166.0,120.4134015086737,120.60774650436768,119.4611369770356,120.4522705078125,326700.0,0.0,0.0,0.0,VDE
2351,,2025-08-26,,,,,,,,,,,,,,,,,2586.0,15.75,15.75,14.619999885559082,14.619999885559082,0.0,0.0,0.0,,^VIX
2352,,2025-08-27,,,,,,,,,,,,,,,,,1167.0,120.28707888990952,122.27906498951408,120.28707888990952,121.8029327392578,439100.0,0.0,0.0,0.0,VDE
2353,,2025-08-27,,,,,,,,,,,,,,,,,2587.0,14.65999984741211,15.229999542236328,14.65999984741211,14.850000381469728,0.0,0.0,0.0,,^VIX
2354,,2025-08-28,,,,,,,,,,,,,,,,,1168.0,121.9681175404117,122.93982022366818,121.14217174234432,122.73576354980467,410100.0,0.0,0.0,0.0,VDE
2355,,2025-08-28,,,,,,,,,,,,,,,,,2588.0,14.420000076293944,14.6899995803833,14.119999885559082,14.43000030517578,0.0,0.0,0.0,,^VIX
2356,,2025-08-29,,,,,,,,,,,,,,,,,1169.0,122.9203910947066,123.6685989089938,122.67746542060638,123.29935455322266,337600.0,0.0,0.0,0.0,VDE
2357,,2025-08-29,,,,,,,,,,,,,,,,,2589.0,14.3100004196167,15.970000267028809,14.3100004196167,15.359999656677246,0.0,0.0,0.0,,^VIX
2358,56.0,2025-09-01,192.514,188.334,4.7,438.212,341.005,186.058,254.624,59.754,150.1,440.55,222.355,284.218,262.054,30.8,330.804,324.8,,,,,,,,,,
2359,,2025-09-02,,,,,,,,,,,,,,,,,1170.0,122.84264939130172,123.68803338051062,122.08472249715037,123.57142639160156,479300.0,0.0,0.0,0.0,VDE
2360,,2025-09-02,,,,,,,,,,,,,,,,,2590.0,16.649999618530273,19.3799991607666,16.549999237060547,17.170000076293945,0.0,0.0,0.0,,^VIX
2361,,2025-09-03,,,,,,,,,,,,,,,,,1171.0,122.76491791446952,123.70747073771066,120.57858679753,120.95755767822266,410100.0,0.0,0.0,0.0,VDE
2362,,2025-09-03,,,,,,,,,,,,,,,,,2591.0,17.399999618530273,17.56999969482422,16.34000015258789,16.350000381469727,0.0,0.0,0.0,,^VIX
2363,,2025-09-04,,,,,,,,,,,,,,,,,1172.0,120.96726855946108,122.27906573815956,120.49113630628976,121.81265258789062,265800.0,0.0,0.0,0.0,VDE
2364,,2025-09-04,,,,,,,,,,,,,,,,,2592.0,16.219999313354492,16.350000381469727,15.279999732971191,15.300000190734863,0.0,0.0,0.0,,^VIX
2365,,2025-09-05,,,,,,,,,,,,,,,,,1173.0,120.83123051942876,121.29765108222284,118.98499388751983,119.5388641357422,660400.0,0.0,0.0,0.0,VDE
2366,,2025-09-05,,,,,,,,,,,,,,,,,2593.0,15.229999542236328,16.920000076293945,14.739999771118164,15.18000030517578,0.0,0.0,0.0,,^VIX
2367,,2025-09-08,,,,,,,,,,,,,,,,,1174.0,119.9761365269326,120.47170699198864,118.23678776122908,119.23764038085938,440000.0,0.0,0.0,0.0,VDE
2368,,2025-09-08,,,,,,,,,,,,,,,,,2594.0,15.579999923706056,15.649999618530272,14.989999771118164,15.109999656677246,0.0,0.0,0.0,,^VIX
2369,,2025-09-09,,,,,,,,,,,,,,,,,1175.0,119.85952556598389,121.53085538225172,119.76235677949224,119.83037567138672,719700.0,0.0,0.0,0.0,VDE
2370,,2025-09-09,,,,,,,,,,,,,,,,,2595.0,15.020000457763672,15.81999969482422,14.970000267028809,15.039999961853027,0.0,0.0,0.0,,^VIX
2371,,2025-09-10,,,,,,,,,,,,,,,,,1176.0,120.09274281188608,121.95841778048924,119.94699332594384,121.92926788330078,437100.0,0.0,0.0,0.0,VDE
2372,,2025-09-10,,,,,,,,,,,,,,,,,2596.0,14.979999542236328,15.630000114440918,14.630000114440918,15.350000381469728,0.0,0.0,0.0,,^VIX
2373,,2025-09-11,,,,,,,,,,,,,,,,,1177.0,121.06443653389574,122.11387723519906,120.56887349175528,121.90982055664062,471200.0,0.0,0.0,0.0,VDE
2374,,2025-09-11,,,,,,,,,,,,,,,,,2597.0,15.1899995803833,15.239999771118164,14.649999618530272,14.710000038146973,0.0,0.0,0.0,,^VIX
2375,,2025-09-12,,,,,,,,,,,,,,,,,1178.0,122.30822349523665,122.9203935372725,121.15189489122103,121.17132568359376,466400.0,0.0,0.0,0.0,VDE
2376,,2025-09-12,,,,,,,,,,,,,,,,,2598.0,14.619999885559082,14.970000267028809,14.40999984741211,14.760000228881836,0.0,0.0,0.0,,^VIX
2377,,2025-09-15,,,,,,,,,,,,,,,,,1179.0,121.3365184416968,121.64746300819267,120.60774141895612,120.81179809570312,410600.0,0.0,0.0,0.0,VDE
2378,,2025-09-15,,,,,,,,,,,,,,,,,2599.0,15.140000343322754,15.84000015258789,14.920000076293944,15.6899995803833,0.0,0.0,0.0,,^VIX
2379,,2025-09-16,,,,,,,,,,,,,,,,,1180.0,121.13246470445182,123.16331983195668,121.13246470445182,122.91067504882812,647500.0,0.0,0.0,0.0,VDE
2380,,2025-09-16,,,,,,,,,,,,,,,,,2600.0,15.600000381469728,16.3799991607666,15.4399995803833,16.360000610351562,0.0,0.0,0.0,,^VIX
2381,,2025-09-17,,,,,,,,,,,,,,,,,1181.0,122.75520557560834,124.04757196380324,122.2887850111872,123.11473083496094,335400.0,0.0,0.0,0.0,VDE
2382,,2025-09-17,,,,,,,,,,,,,,,,,2601.0,16.420000076293945,16.75,15.260000228881836,15.720000267028809,0.0,0.0,0.0,,^VIX
2383,,2025-09-18,,,,,,,,,,,,,,,,,1182.0,123.25076959355889,123.40624558742628,121.84180361327704,122.80378723144533,342800.0,0.0,0.0,0.0,VDE
2384,,2025-09-18,,,,,,,,,,,,,,,,,2602.0,14.93000030517578,15.800000190734863,14.329999923706056,15.699999809265137,0.0,0.0,0.0,,^VIX
2385,,2025-09-19,,,,,,,,,,,,,,,,,1183.0,122.57057512044383,122.57057512044383,120.79235744176005,121.10330200195312,388200.0,0.0,0.0,0.0,VDE
2386,,2025-09-19,,,,,,,,,,,,,,,,,2603.0,15.760000228881836,16.1299991607666,15.289999961853027,15.449999809265137,0.0,0.0,0.0,,^VIX
2387,,2025-09-22,,,,,,,,,,,,,,,,,1184.0,120.6077397172232,121.67661118612746,120.27735694988732,121.11302185058594,399000.0,0.0,0.0,0.0,VDE
2388,,2025-09-22,,,,,,,,,,,,,,,,,2604.0,16.139999389648438,16.350000381469727,15.779999732971191,16.100000381469727,0.0,0.0,0.0,,^VIX
2389,,2025-09-23,,,,,,,,,,,,,,,,,1185.0,121.8223697166348,124.69860880836092,121.66689372672911,123.29935455322266,571300.0,0.0,0.0,0.0,VDE
2390,,2025-09-23,,,,,,,,,,,,,,,,,2605.0,16.100000381469727,17.06999969482422,15.949999809265137,16.639999389648438,0.0,0.0,0.0,,^VIX
2391,,2025-09-24,,,,,,,,,,,,,,,,,1186.0,124.1612411236042,126.01235434779576,124.0926819280706,124.81745910644533,328600.0,1.0,0.0,0.0,VDE
2392,,2025-09-24,,,,,,,,,,,,,,,,,2606.0,16.56999969482422,17.209999084472656,16.18000030517578,16.18000030517578,0.0,0.0,0.0,,^VIX
2393,,2025-09-25,,,,,,,,,,,,,,,,,1187.0,124.73910416081551,125.96338085250665,124.347334124996,125.8654327392578,680100.0,0.0,0.0,0.0,VDE
2394,,2025-09-25,,,,,,,,,,,,,,,,,2607.0,16.549999237060547,17.739999771118164,16.31999969482422,16.739999771118164,0.0,0.0,0.0,,^VIX
2395,,2025-09-26,,,,,,,,,,,,,,,,,1188.0,126.05153202293351,128.2258487408659,126.05153202293351,126.9819793701172,733800.0,0.0,0.0,0.0,VDE
2396,,2025-09-26,,,,,,,,,,,,,,,,,2608.0,16.889999389648438,17.049999237060547,15.289999961853027,15.289999961853027,0.0,0.0,0.0,,^VIX
2397,,2025-09-29,,,,,,,,,,,,,,,,,1189.0,126.18864793812904,126.33557011307737,123.9163906187562,124.5823974609375,531400.0,0.0,0.0,0.0,VDE
2398,,2025-09-29,,,,,,,,,,,,,,,,,2609.0,15.84000015258789,16.290000915527344,15.739999771118164,16.1200008392334,0.0,0.0,0.0,,^VIX
2399,,2025-09-30,,,,,,,,,,,,,,,,,1190.0,123.48544765104204,123.7792695774839,122.33952644589556,123.2699737548828,670400.0,0.0,0.0,0.0,VDE
2400,,2025-09-30,,,,,,,,,,,,,,,,,2610.0,16.489999771118164,16.700000762939453,16.020000457763672,16.280000686645508,0.0,0.0,0.0,,^VIX
2401,57.0,2025-10-01,191.949,189.281,4.6,,340.3,184.899,253.308,60.114,150.439,458.356,215.803,284.516,260.591,,,,1191.0,122.70191128688111,123.86742513920672,122.62355578183237,123.45606994628906,312800.0,0.0,0.0,0.0,VDE
2402,57.0,2025-10-01,191.949,189.281,4.6,,340.3,184.899,253.308,60.114,150.439,458.356,215.803,284.516,260.591,,,,2611.0,17.280000686645508,17.280000686645508,15.979999542236328,16.290000915527344,0.0,0.0,0.0,,^VIX
2403,,2025-10-02,,,,,,,,,,,,,,,,,1192.0,123.15244126534893,124.17104038926614,122.0652829442638,122.15343475341795,405400.0,0.0,0.0,0.0,VDE
2404,,2025-10-02,,,,,,,,,,,,,,,,,2612.0,16.1200008392334,16.920000076293945,15.93000030517578,16.6299991607666,0.0,0.0,0.0,,^VIX
2405,,2025-10-03,,,,,,,,,,,,,,,,,1193.0,122.82924311467978,123.65195351567932,122.74109130177705,122.98594665527344,357400.0,0.0,0.0,0.0,VDE
2406,,2025-10-03,,,,,,,,,,,,,,,,,2613.0,16.350000381469727,17.059999465942383,16.200000762939453,16.649999618530273,0.0,0.0,0.0,,^VIX
2407,,2025-10-06,,,,,,,,,,,,,,,,,1194.0,123.52463385276674,124.28858137512644,123.17204153900188,123.59319305419922,241000.0,0.0,0.0,0.0,VDE
2408,,2025-10-06,,,,,,,,,,,,,,,,,2614.0,16.739999771118164,17.09000015258789,16.290000915527344,16.3700008392334,0.0,0.0,0.0,,^VIX
2409,,2025-10-07,,,,,,,,,,,,,,,,,1195.0,123.40709573532408,123.92618787894548,121.78125263333266,123.81845092773438,244600.0,0.0,0.0,0.0,VDE
2410,,2025-10-07,,,,,,,,,,,,,,,,,2615.0,16.579999923706055,17.549999237060547,16.190000534057617,17.239999771118164,0.0,0.0,0.0,,^VIX
2411,,2025-10-08,,,,,,,,,,,,,,,,,1196.0,123.89680919594105,123.89680919594105,122.33953273034516,123.32874298095705,171200.0,0.0,0.0,0.0,VDE
2412,,2025-10-08,,,,,,,,,,,,,,,,,2616.0,17.170000076293945,17.200000762939453,16.229999542236328,16.299999237060547,0.0,0.0,0.0,,^VIX
2413,,2025-10-09,,,,,,,,,,,,,,,,,1197.0,123.50503947101042,124.58240153769005,121.38949309110764,121.51681518554688,565200.0,0.0,0.0,0.0,VDE
2414,,2025-10-09,,,,,,,,,,,,,,,,,2617.0,16.309999465942383,17.270000457763672,16.260000228881836,16.43000030517578,0.0,0.0,0.0,,^VIX
2415,,2025-10-10,,,,,,,,,,,,,,,,,1198.0,120.70388649030389,121.3503081755955,117.84397790830376,117.89295196533205,486500.0,0.0,0.0,0.0,VDE
2416,,2025-10-10,,,,,,,,,,,,,,,,,2618.0,16.360000610351562,22.440000534057617,16.229999542236328,21.65999984741211,0.0,0.0,0.0,,^VIX
2417,,2025-10-13,,,,,,,,,,,,,,,,,1199.0,118.99970051212304,119.890977575958,118.55896386955357,119.8126220703125,300500.0,0.0,0.0,0.0,VDE
2418,,2025-10-13,,,,,,,,,,,,,,,,,2619.0,19.450000762939453,20.770000457763672,18.61000061035156,19.030000686645508,0.0,0.0,0.0,,^VIX
2419,,2025-10-14,,,,,,,,,,,,,,,,,1200.0,118.10841960073974,120.3219139925677,117.94191976096124,119.63632202148438,459400.0,0.0,0.0,0.0,VDE
2420,,2025-10-14,,,,,,,,,,,,,,,,,2620.0,21.459999084472656,22.940000534057617,19.18000030517578,20.809999465942383,0.0,0.0,0.0,,^VIX
2421,,2025-10-15,,,,,,,,,,,,,,,,,1201.0,120.40027521549445,121.25237453922888,118.78422838129102,119.72447204589844,476700.0,0.0,0.0,0.0,VDE
2422,,2025-10-15,,,,,,,,,,,,,,,,,2621.0,20.020000457763672,22.440000534057617,19.11000061035156,20.63999938964844,0.0,0.0,0.0,,^VIX
2423,,2025-10-16,,,,,,,,,,,,,,,,,1202.0,119.9007639230457,120.27294883094636,117.37385496133012,118.12801361083984,506100.0,0.0,0.0,0.0,VDE
2424,,2025-10-16,,,,,,,,,,,,,,,,,2622.0,20.489999771118164,25.43000030517578,19.850000381469727,25.309999465942383,0.0,0.0,0.0,,^VIX
2425,,2025-10-17,,,,,,,,,,,,,,,,,1203.0,118.51978335697646,119.16619758251927,118.07903925227752,118.86257934570312,273900.0,0.0,0.0,0.0,VDE
2426,,2025-10-17,,,,,,,,,,,,,,,,,2623.0,28.40999984741211,28.989999771118164,20.729999542236328,20.780000686645508,0.0,0.0,0.0,,^VIX
2427,,2025-10-20,,,,,,,,,,,,,,,,,1204.0,119.54817378934356,120.4688322972523,118.93114099690663,120.18479919433594,305400.0,0.0,0.0,0.0,VDE
2428,,2025-10-20,,,,,,,,,,,,,,,,,2624.0,20.530000686645508,21.020000457763672,18.229999542236328,18.229999542236328,0.0,0.0,0.0,,^VIX
2429,,2025-10-21,,,,,,,,,,,,,,,,,1205.0,120.41006238461824,120.68429916526922,119.2935226506011,119.79302215576172,353600.0,0.0,0.0,0.0,VDE
2430,,2025-10-21,,,,,,,,,,,,,,,,,2625.0,18.649999618530273,18.88999938964844,17.399999618530273,17.8700008392334,0.0,0.0,0.0,,^VIX
2431,,2025-10-22,,,,,,,,,,,,,,,,,1206.0,120.42965536508456,121.70290618374467,119.46982657030956,121.22298431396484,308200.0,0.0,0.0,0.0,VDE
2432,,2025-10-22,,,,,,,,,,,,,,,,,2626.0,17.84000015258789,21.010000228881836,17.729999542236328,18.600000381469727,0.0,0.0,0.0,,^VIX
2433,,2025-10-23,,,,,,,,,,,,,,,,,1207.0,122.99573971624558,123.86742415390056,122.25137736898785,123.14265441894533,599800.0,0.0,0.0,0.0,VDE
2434,,2025-10-23,,,,,,,,,,,,,,,,,2627.0,18.36000061035156,19.350000381469727,17.079999923706055,17.299999237060547,0.0,0.0,0.0,,^VIX
2435,,2025-10-24,,,,,,,,,,,,,,,,,1208.0,123.61278069731874,123.71072134814882,121.97714866403908,122.0359115600586,252300.0,0.0,0.0,0.0,VDE
2436,,2025-10-24,,,,,,,,,,,,,,,,,2628.0,17.020000457763672,17.219999313354492,16.020000457763672,16.3700008392334,0.0,0.0,0.0,,^VIX
2437,,2025-10-27,,,,,,,,,,,,,,,,,1209.0,122.447262050665,122.79985435795778,121.84002555552146,122.26117706298828,249100.0,0.0,0.0,0.0,VDE
2438,,2025-10-27,,,,,,,,,,,,,,,,,2629.0,15.729999542236328,16.06999969482422,15.619999885559082,15.789999961853027,0.0,0.0,0.0,,^VIX
2439,,2025-10-28,,,,,,,,,,,,,,,,,1210.0,121.7812568249995,122.19261950396096,120.97813155257758,121.10546112060548,221000.0,0.0,0.0,0.0,VDE
2440,,2025-10-28,,,,,,,,,,,,,,,,,2630.0,15.949999809265137,16.549999237060547,15.65999984741211,16.420000076293945,0.0,0.0,0.0,,^VIX
2441,,2025-10-29,,,,,,,,,,,,,,,,,1211.0,121.08586334234688,122.59417317448576,120.95854125214264,122.0652847290039,295300.0,0.0,0.0,0.0,VDE
2442,,2025-10-29,,,,,,,,,,,,,,,,,2631.0,16.34000015258789,17.579999923706055,16.260000228881836,16.920000076293945,0.0,0.0,0.0,,^VIX
2443,,2025-10-30,,,,,,,,,,,,,,,,,1212.0,121.8400227873017,122.80964787413072,121.03689754391353,121.3111343383789,229000.0,0.0,0.0,0.0,VDE
2444,,2025-10-30,,,,,,,,,,,,,,,,,2632.0,16.260000228881836,17.40999984741211,15.729999542236328,16.90999984741211,0.0,0.0,0.0,,^VIX
2445,,2025-10-31,,,,,,,,,,,,,,,,,1213.0,121.45804258944356,122.5941674593576,121.05647625288626,121.97713470458984,415700.0,0.0,0.0,0.0,VDE
2446,,2025-10-31,,,,,,,,,,,,,,,,,2633.0,16.43000030517578,18.540000915527344,15.960000038146973,17.440000534057617,0.0,0.0,0.0,,^VIX
2447,58.0,2025-11-01,193.999,189.807,4.5,439.275,338.556,189.108,254.529,60.857,150.58,455.803,209.19,284.852,261.914,30.9,330.425,324.122,,,,,,,,,,
2448,,2025-11-03,,,,,,,,,,,,,,,,,1214.0,121.95755572225566,122.34932579691444,120.64513456540033,122.05550384521484,288400.0,0.0,0.0,0.0,VDE
2449,,2025-11-03,,,,,,,,,,,,,,,,,2634.0,18.059999465942383,18.829999923706055,17.0,17.170000076293945,0.0,0.0,0.0,,^VIX
2450,,2025-11-04,,,,,,,,,,,,,,,,,1215.0,120.74307478654764,120.97813384154988,119.56777203914392,120.63533782958984,364100.0,0.0,0.0,0.0,VDE
2451,,2025-11-04,,,,,,,,,,,,,,,,,2635.0,19.729999542236328,20.479999542236328,17.899999618530273,19.0,0.0,0.0,0.0,,^VIX
2452,,2025-11-05,,,,,,,,,,,,,,,,,1216.0,120.517800859481,122.094669840625,120.517800859481,120.80182647705078,328200.0,0.0,0.0,0.0,VDE
2453,,2025-11-05,,,,,,,,,,,,,,,,,2636.0,19.3700008392334,20.020000457763672,17.309999465942383,18.010000228881836,0.0,0.0,0.0,,^VIX
2454,,2025-11-06,,,,,,,,,,,,,,,,,1217.0,121.0662861037962,122.98595125024288,121.0662861037962,121.693115234375,252500.0,0.0,0.0,0.0,VDE
2455,,2025-11-06,,,,,,,,,,,,,,,,,2637.0,18.36000061035156,20.309999465942383,17.639999389648438,19.5,0.0,0.0,0.0,,^VIX
2456,,2025-11-07,,,,,,,,,,,,,,,,,1218.0,122.04570603737538,123.69113435279064,121.7420877826356,123.56381225585938,350800.0,0.0,0.0,0.0,VDE
2457,,2025-11-07,,,,,,,,,,,,,,,,,2638.0,19.520000457763672,22.719999313354492,19.079999923706055,19.079999923706055,0.0,0.0,0.0,,^VIX
2458,,2025-11-10,,,,,,,,,,,,,,,,,1219.0,123.92618353878804,125.0819010429833,122.40808491356697,124.7489013671875,414500.0,0.0,0.0,0.0,VDE
2459,,2025-11-10,,,,,,,,,,,,,,,,,2639.0,18.579999923706055,18.81999969482422,17.600000381469727,17.600000381469727,0.0,0.0,0.0,,^VIX
2460,,2025-11-11,,,,,,,,,,,,,,,,,1220.0,125.06232016751284,127.2268330787666,125.06232016751284,126.3453598022461,498800.0,0.0,0.0,0.0,VDE
2461,,2025-11-11,,,,,,,,,,,,,,,,,2640.0,17.899999618530273,18.010000228881836,17.25,17.280000686645508,0.0,0.0,0.0,,^VIX
2462,,2025-11-12,,,,,,,,,,,,,,,,,1221.0,125.58141178356738,126.06133364464525,124.37672018637755,124.5726089477539,436300.0,0.0,0.0,0.0,VDE
2463,,2025-11-12,,,,,,,,,,,,,,,,,2641.0,17.209999084472656,18.059999465942383,17.100000381469727,17.510000228881836,0.0,0.0,0.0,,^VIX
2464,,2025-11-13,,,,,,,,,,,,,,,,,1222.0,124.8370474890678,125.87523922719777,124.10248145823996,124.66075134277344,382800.0,0.0,0.0,0.0,VDE
2465,,2025-11-13,,,,,,,,,,,,,,,,,2642.0,17.610000610351562,21.309999465942383,17.510000228881836,20.0,0.0,0.0,0.0,,^VIX
2466,,2025-11-14,,,,,,,,,,,,,,,,,1223.0,125.238616807615,126.99178200609624,123.71071434605368,126.67835998535156,551200.0,0.0,0.0,0.0,VDE
2467,,2025-11-14,,,,,,,,,,,,,,,,,2643.0,21.329999923706055,23.030000686645508,19.559999465942383,19.829999923706055,0.0,0.0,0.0,,^VIX
2468,,2025-11-17,,,,,,,,,,,,,,,,,1224.0,126.46288026848796,126.54123577007196,123.96536030273175,124.43548583984376,825900.0,0.0,0.0,0.0,VDE
2469,,2025-11-17,,,,,,,,,,,,,,,,,2644.0,19.579999923706055,23.440000534057617,19.540000915527344,22.3799991607666,0.0,0.0,0.0,,^VIX
2470,,2025-11-18,,,,,,,,,,,,,,,,,1225.0,123.97516405569009,125.88503281907566,123.69113094968029,125.51284790039062,465300.0,0.0,0.0,0.0,VDE
2471,,2025-11-18,,,,,,,,,,,,,,,,,2645.0,23.540000915527344,25.84000015258789,22.90999984741211,24.690000534057617,0.0,0.0,0.0,,^VIX
2472,,2025-11-19,,,,,,,,,,,,,,,,,1226.0,123.49524331120048,124.41590183753992,122.58438856372732,124.02413177490234,541000.0,0.0,0.0,0.0,VDE
2473,,2025-11-19,,,,,,,,,,,,,,,,,2646.0,24.520000457763672,24.790000915527344,21.93000030517578,23.65999984741211,0.0,0.0,0.0,,^VIX
2474,,2025-11-20,,,,,,,,,,,,,,,,,1227.0,124.75869223078494,126.40412044196688,122.39829059939916,122.48643493652344,855900.0,0.0,0.0,0.0,VDE
2475,,2025-11-20,,,,,,,,,,,,,,,,,2647.0,20.780000686645508,28.270000457763672,19.280000686645508,26.420000076293945,0.0,0.0,0.0,,^VIX
2476,,2025-11-21,,,,,,,,,,,,,,,,,1228.0,122.61377227640082,123.70093067092208,121.36011403070955,123.20142364501952,726300.0,0.0,0.0,0.0,VDE
2477,,2025-11-21,,,,,,,,,,,,,,,,,2648.0,25.969999313354492,27.84000015258789,22.540000915527344,23.43000030517578,0.0,0.0,0.0,,^VIX
2478,,2025-11-24,,,,,,,,,,,,,,,,,1229.0,123.11326663920435,123.42668118741298,121.02710175322753,123.0838851928711,703400.0,0.0,0.0,0.0,VDE
2479,,2025-11-24,,,,,,,,,,,,,,,,,2649.0,22.690000534057617,23.68000030517578,20.40999984741211,20.520000457763672,0.0,0.0,0.0,,^VIX
2480,,2025-11-25,,,,,,,,,,,,,,,,,1230.0,122.40808690543255,122.77046803235514,121.26215821607236,122.48643493652344,472200.0,0.0,0.0,0.0,VDE
2481,,2025-11-25,,,,,,,,,,,,,,,,,2650.0,20.549999237060547,21.770000457763672,18.38999938964844,18.559999465942383,0.0,0.0,0.0,,^VIX
2482,,2025-11-26,,,,,,,,,,,,,,,,,1231.0,122.56478692263426,124.3179520326948,122.48643142139991,123.3777084350586,442200.0,0.0,0.0,0.0,VDE
2483,,2025-11-26,,,,,,,,,,,,,,,,,2651.0,18.25,18.700000762939453,16.93000030517578,17.190000534057617,0.0,0.0,0.0,,^VIX
2484,,2025-11-28,,,,,,,,,,,,,,,,,1232.0,123.49523705022708,125.4834612372525,123.4070927136084,125.042724609375,150900.0,0.0,0.0,0.0,VDE
2485,,2025-11-28,,,,,,,,,,,,,,,,,2652.0,17.40999984741211,18.520000457763672,15.779999732971191,16.350000381469727,0.0,0.0,0.0,,^VIX
2486,59.0,2025-12-01,190.449,190.355,4.2,440.667,344.679,181.077,251.883,61.052,150.773,455.909,205.046,285.661,261.333,30.9,330.506,324.054,1233.0,125.15046176058864,126.81547510459072,125.14066545459556,126.1200942993164,362900.0,0.0,0.0,0.0,VDE
2487,59.0,2025-12-01,190.449,190.355,4.2,440.667,344.679,181.077,251.883,61.052,150.773,455.909,205.046,285.661,261.333,30.9,330.506,324.054,2653.0,18.049999237060547,18.329999923706055,16.579999923706055,17.239999771118164,0.0,0.0,0.0,,^VIX
2488,,2025-12-02,,,,,,,,,,,,,,,,,1234.0,126.04173282434115,126.04173282434115,123.99473836751604,124.5921859741211,429600.0,0.0,0.0,0.0,VDE
2489,,2025-12-02,,,,,,,,,,,,,,,,,2654.0,17.280000686645508,17.309999465942383,16.389999389648438,16.59000015258789,0.0,0.0,0.0,,^VIX
2490,,2025-12-03,,,,,,,,,,,,,,,,,1235.0,125.36594370053528,127.3345754050851,125.36594370053528,127.1778793334961,379900.0,0.0,0.0,0.0,VDE
2491,,2025-12-03,,,,,,,,,,,,,,,,,2655.0,16.43000030517578,17.280000686645508,15.93000030517578,16.079999923706055,0.0,0.0,0.0,,^VIX
2492,,2025-12-04,,,,,,,,,,,,,,,,,1236.0,126.92321615221068,127.91244133487072,126.72733486037596,127.72634887695312,275900.0,0.0,0.0,0.0,VDE
2493,,2025-12-04,,,,,,,,,,,,,,,,,2656.0,16.229999542236328,16.6299991607666,15.68000030517578,15.779999732971191,0.0,0.0,0.0,,^VIX
2494,,2025-12-05,,,,,,,,,,,,,,,,,1237.0,127.5990167068962,129.1367154532119,127.1190948486328,127.1190948486328,593800.0,0.0,0.0,0.0,VDE
2495,,2025-12-05,,,,,,,,,,,,,,,,,2657.0,15.579999923706056,16.18000030517578,15.279999732971191,15.40999984741211,0.0,0.0,0.0,,^VIX
2496,,2025-12-08,,,,,,,,,,,,,,,,,1238.0,126.29638409612834,127.14849086008628,125.35614046701716,125.708740234375,962300.0,0.0,0.0,0.0,VDE
2497,,2025-12-08,,,,,,,,,,,,,,,,,2658.0,16.149999618530273,17.09000015258789,16.100000381469727,16.65999984741211,0.0,0.0,0.0,,^VIX
2498,,2025-12-09,,,,,,,,,,,,,,,,,1239.0,125.97317165774976,127.53046299199252,125.77729037296986,126.50206756591795,593000.0,0.0,0.0,0.0,VDE
2499,,2025-12-09,,,,,,,,,,,,,,,,,2659.0,16.65999984741211,17.200000762939453,16.450000762939453,16.93000030517578,0.0,0.0,0.0,,^VIX
2500,,2025-12-10,,,,,,,,,,,,,,,,,1240.0,126.81548210943336,127.824284983072,126.09071981853856,127.57942962646484,891000.0,0.0,0.0,0.0,VDE
2501,,2025-12-10,,,,,,,,,,,,,,,,,2660.0,16.940000534057617,17.65999984741211,15.5600004196167,15.770000457763672,0.0,0.0,0.0,,^VIX
2502,,2025-12-11,,,,,,,,,,,,,,,,,1241.0,126.80569700435628,127.70676294979468,126.61960453669673,127.05055236816406,558000.0,0.0,0.0,0.0,VDE
2503,,2025-12-11,,,,,,,,,,,,,,,,,2661.0,16.84000015258789,16.8799991607666,14.850000381469728,14.850000381469728,0.0,0.0,0.0,,^VIX
2504,,2025-12-12,,,,,,,,,,,,,,,,,1242.0,127.23663618437328,127.65778020799,125.39531919140772,125.6597671508789,489300.0,0.0,0.0,0.0,VDE
2505,,2025-12-12,,,,,,,,,,,,,,,,,2662.0,14.989999771118164,17.850000381469727,14.850000381469728,15.739999771118164,0.0,0.0,0.0,,^VIX
2506,,2025-12-15,,,,,,,,,,,,,,,,,1243.0,125.92422115730756,125.92422115730756,123.67154139392204,124.65096282958984,550100.0,0.0,0.0,0.0,VDE
2507,,2025-12-15,,,,,,,,,,,,,,,,,2663.0,16.510000228881836,17.350000381469727,15.989999771118164,16.5,0.0,0.0,0.0,,^VIX
2508,,2025-12-16,,,,,,,,,,,,,,,,,1244.0,123.45607089804729,123.6715373300041,120.68430653281492,120.88998413085938,931800.0,0.0,0.0,0.0,VDE
2509,,2025-12-16,,,,,,,,,,,,,,,,,2664.0,17.280000686645508,17.610000610351562,16.190000534057617,16.479999542236328,0.0,0.0,0.0,,^VIX
2510,,2025-12-17,,,,,,,,,,,,,,,,,1245.0,121.83615149254248,123.57441256449468,121.56948254571674,123.33737182617188,819000.0,1.028,0.0,0.0,VDE
2511,,2025-12-17,,,,,,,,,,,,,,,,,2665.0,16.450000762939453,18.0,15.81999969482422,17.6200008392334,0.0,0.0,0.0,,^VIX
2512,,2025-12-18,,,,,,,,,,,,,,,,,1246.0,123.24848853835208,123.24848853835208,121.27319424178772,121.58924102783205,753000.0,0.0,0.0,0.0,VDE
2513,,2025-12-18,,,,,,,,,,,,,,,,,2666.0,17.610000610351562,17.68000030517578,15.93000030517578,16.8700008392334,0.0,0.0,0.0,,^VIX
2514,,2025-12-19,,,,,,,,,,,,,,,,,1247.0,121.97442548290748,122.82380265183524,121.59912227099863,121.86578369140624,514000.0,0.0,0.0,0.0,VDE
2515,,2025-12-19,,,,,,,,,,,,,,,,,2667.0,16.309999465942383,16.530000686645508,14.90999984741211,14.90999984741211,0.0,0.0,0.0,,^VIX
2516,,2025-12-22,,,,,,,,,,,,,,,,,1248.0,123.0410810202982,123.9200863614464,122.86330423584413,123.07070922851562,502900.0,0.0,0.0,0.0,VDE
2517,,2025-12-22,,,,,,,,,,,,,,,,,2668.0,15.15999984741211,15.260000228881836,14.029999732971191,14.079999923706056,0.0,0.0,0.0,,^VIX
2518,,2025-12-23,,,,,,,,,,,,,,,,,1249.0,123.39663537087677,123.98922214442771,123.07071000812137,123.8509521484375,305300.0,0.0,0.0,0.0,VDE
2519,,2025-12-23,,,,,,,,,,,,,,,,,2669.0,14.09000015258789,14.449999809265137,13.640000343322754,14.0,0.0,0.0,0.0,,^VIX
2520,,2025-12-24,,,,,,,,,,,,,,,,,1250.0,123.73243009808009,123.959592251348,123.29786295364552,123.42626190185548,202900.0,0.0,0.0,0.0,VDE
2521,,2025-12-24,,,,,,,,,,,,,,,,,2670.0,14.09000015258789,14.15999984741211,13.380000114440918,13.470000267028809,0.0,0.0,0.0,,^VIX
2522,,2025-12-26,,,,,,,,,,,,,,,,,1251.0,123.27811491648151,123.623789906217,122.40898815155374,122.9719467163086,360000.0,0.0,0.0,0.0,VDE
2523,,2025-12-26,,,,,,,,,,,,,,,,,2671.0,14.119999885559082,14.289999961853027,13.520000457763672,13.600000381469728,0.0,0.0,0.0,,^VIX
2524,,2025-12-29,,,,,,,,,,,,,,,,,1252.0,123.73243296284488,124.4336615306864,123.29786580834885,124.11761474609376,526700.0,0.0,0.0,0.0,VDE
2525,,2025-12-29,,,,,,,,,,,,,,,,,2672.0,14.6899995803833,15.079999923706056,13.989999771118164,14.199999809265137,0.0,0.0,0.0,,^VIX
2526,,2025-12-30,,,,,,,,,,,,,,,,,1253.0,124.60156092677688,125.43118086840488,124.60156092677688,125.05587768554688,403600.0,0.0,0.0,0.0,VDE
2527,,2025-12-30,,,,,,,,,,,,,,,,,2673.0,14.43000030517578,14.619999885559082,14.039999961853027,14.329999923706056,0.0,0.0,0.0,,^VIX
2528,,2025-12-31,,,,,,,,,,,,,,,,,1254.0,125.03612519133137,125.03612519133137,123.96946448215115,124.3645248413086,413600.0,0.0,0.0,0.0,VDE
2529,,2025-12-31,,,,,,,,,,,,,,,,,2674.0,14.770000457763672,15.170000076293944,14.380000114440918,14.949999809265137,0.0,0.0,0.0,,^VIX
2530,60.0,2026-01-01,191.864,193.412,4.0,441.718,347.872,181.359,253.279,61.572,152.145,455.931,202.159,286.706,263.608,30.7,331.95,325.252,,,,,,,,,,
2531,,2026-01-02,,,,,,,,,,,,,,,,,1255.0,124.34477062208416,127.40647510597304,123.79168312562956,127.0706787109375,747700.0,0.0,0.0,0.0,VDE
2532,,2026-01-02,,,,,,,,,,,,,,,,,2675.0,14.850000381469728,15.420000076293944,14.460000038146973,14.510000228881836,0.0,0.0,0.0,,^VIX
2533,,2026-01-05,,,,,,,,,,,,,,,,,1256.0,131.33729698367785,131.47556696417524,126.9323996976197,130.0039825439453,1495300.0,0.0,0.0,0.0,VDE
2534,,2026-01-05,,,,,,,,,,,,,,,,,2676.0,15.140000343322754,15.270000457763672,14.649999618530272,14.899999618530272,0.0,0.0,0.0,,^VIX
2535,,2026-01-06,,,,,,,,,,,,,,,,,1257.0,130.23115097632737,130.3792920174935,126.56697349839328,126.84351348876952,1031700.0,0.0,0.0,0.0,VDE
2536,,2026-01-06,,,,,,,,,,,,,,,,,2677.0,15.0,15.210000038146973,14.630000114440918,14.75,0.0,0.0,0.0,,^VIX
2537,,2026-01-07,,,,,,,,,,,,,,,,,1258.0,127.38672695808631,127.38672695808631,125.33242658424383,125.52995300292967,808700.0,0.0,0.0,0.0,VDE
2538,,2026-01-07,,,,,,,,,,,,,,,,,2678.0,14.949999809265137,15.479999542236328,14.829999923706056,15.380000114440918,0.0,0.0,0.0,,^VIX
2539,,2026-01-08,,,,,,,,,,,,,,,,,1259.0,126.1027830419858,130.0731211004011,125.89537805353832,129.2533721923828,783600.0,0.0,0.0,0.0,VDE
2540,,2026-01-08,,,,,,,,,,,,,,,,,2679.0,15.6899995803833,15.850000381469728,15.149999618530272,15.449999809265137,0.0,0.0,0.0,,^VIX
2541,,2026-01-09,,,,,,,,,,,,,,,,,1260.0,129.8064545460709,130.22127960088494,129.2040042666534,129.5792999267578,688900.0,0.0,0.0,0.0,VDE
2542,,2026-01-09,,,,,,,,,,,,,,,,,2680.0,15.68000030517578,15.8100004196167,14.43000030517578,14.489999771118164,0.0,0.0,0.0,,^VIX
2543,,2026-01-12,,,,,,,,,,,,,,,,,1261.0,129.83608425429262,129.8755835042755,128.265714034541,128.86817932128906,419700.0,0.0,0.0,0.0,VDE
2544,,2026-01-12,,,,,,,,,,,,,,,,,2681.0,16.059999465942383,16.65999984741211,15.029999732971191,15.119999885559082,0.0,0.0,0.0,,^VIX
2545,,2026-01-13,,,,,,,,,,,,,,,,,1262.0,129.83609269962912,131.71261613697845,129.83609269962912,130.7842254638672,640300.0,0.0,0.0,0.0,VDE
2546,,2026-01-13,,,,,,,,,,,,,,,,,2682.0,15.359999656677246,16.5,14.75,15.979999542236328,0.0,0.0,0.0,,^VIX
2547,,2026-01-14,,,,,,,,,,,,,,,,,1263.0,131.31756361041505,135.26815196719855,131.31756361041505,133.67803955078125,1216300.0,0.0,0.0,0.0,VDE
2548,,2026-01-14,,,,,,,,,,,,,,,,,2683.0,16.329999923706055,18.100000381469727,16.219999313354492,16.75,0.0,0.0,0.0,,^VIX
2549,,2026-01-15,,,,,,,,,,,,,,,,,1264.0,132.3052150243003,133.70767212836503,131.4755799888304,132.57186889648438,822500.0,0.0,0.0,0.0,VDE
2550,,2026-01-15,,,,,,,,,,,,,,,,,2684.0,16.520000457763672,16.540000915527344,15.300000190734863,15.84000015258789,0.0,0.0,0.0,,^VIX
2551,,2026-01-16,,,,,,,,,,,,,,,,,1265.0,132.7002789198702,133.20397356855509,132.34472532365135,132.95706176757812,379200.0,0.0,0.0,0.0,VDE
2552,,2026-01-16,,,,,,,,,,,,,,,,,2685.0,15.4399995803833,16.290000915527344,15.300000190734863,15.859999656677246,0.0,0.0,0.0,,^VIX
2553,,2026-01-20,,,,,,,,,,,,,,,,,1266.0,133.88543697196056,134.4088887235003,132.2854535102956,132.542236328125,728800.0,0.0,0.0,0.0,VDE
2554,,2026-01-20,,,,,,,,,,,,,,,,,2686.0,19.940000534057617,20.989999771118164,18.63999938964844,20.09000015258789,0.0,0.0,0.0,,^VIX
2555,,2026-01-21,,,,,,,,,,,,,,,,,1267.0,134.4879063231869,136.6903551778479,134.4879063231869,135.979248046875,775700.0,0.0,0.0,0.0,VDE
2556,,2026-01-21,,,,,,,,,,,,,,,,,2687.0,19.309999465942383,20.809999465942383,16.670000076293945,16.899999618530273,0.0,0.0,0.0,,^VIX
2557,,2026-01-22,,,,,,,,,,,,,,,,,1268.0,135.73233429154055,136.54221215069862,135.1595122329883,136.27554321289062,809000.0,0.0,0.0,0.0,VDE
2558,,2026-01-22,,,,,,,,,,,,,,,,,2688.0,16.649999618530273,16.670000076293945,15.270000457763672,15.640000343322754,0.0,0.0,0.0,,^VIX
2559,,2026-01-23,,,,,,,,,,,,,,,,,1269.0,137.96442320439232,138.9125559631168,136.71010719140003,136.97677612304688,776300.0,0.0,0.0,0.0,VDE
2560,,2026-01-23,,,,,,,,,,,,,,,,,2689.0,15.68000030517578,16.209999084472656,15.300000190734863,16.09000015258789,0.0,0.0,0.0,,^VIX
2561,,2026-01-26,,,,,,,,,,,,,,,,,1270.0,138.61627389495197,138.6755303085849,136.32492543248725,136.97677612304688,705700.0,0.0,0.0,0.0,VDE
2562,,2026-01-26,,,,,,,,,,,,,,,,,2690.0,16.899999618530273,17.389999389648438,15.800000190734863,16.149999618530273,0.0,0.0,0.0,,^VIX
2563,,2026-01-27,,,,,,,,,,,,,,,,,1271.0,137.3817143157707,138.6459013675745,136.90763286862045,138.41873168945312,511600.0,0.0,0.0,0.0,VDE
2564,,2026-01-27,,,,,,,,,,,,,,,,,2691.0,16.020000457763672,16.3700008392334,15.739999771118164,16.350000381469727,0.0,0.0,0.0,,^VIX
2565,,2026-01-28,,,,,,,,,,,,,,,,,1272.0,139.25824846492642,139.55454562465638,137.95454699023438,139.3175048828125,679700.0,0.0,0.0,0.0,VDE
2566,,2026-01-28,,,,,,,,,,,,,,,,,2692.0,16.09000015258789,17.18000030517578,16.049999237060547,16.350000381469727,0.0,0.0,0.0,,^VIX
2567,,2026-01-29,,,,,,,,,,,,,,,,,1273.0,142.17180609489373,143.90018863008422,140.66070714117976,140.87799072265625,1398700.0,0.0,0.0,0.0,VDE
2568,,2026-01-29,,,,,,,,,,,,,,,,,2693.0,16.040000915527344,19.739999771118164,16.020000457763672,16.8799991607666,0.0,0.0,0.0,,^VIX
2569,,2026-01-30,,,,,,,,,,,,,,,,,1274.0,140.2952822709243,142.26069047683825,138.91256720298165,142.01377868652344,1291800.0,0.0,0.0,0.0,VDE
2570,,2026-01-30,,,,,,,,,,,,,,,,,2694.0,18.719999313354492,19.270000457763672,16.670000076293945,17.440000534057617,0.0,0.0,0.0,,^VIX
2571,61.0,2026-02-01,192.918,195.674,3.4,442.157,352.767,183.307,257.028,67.007,153.156,455.996,199.507,287.633,269.535,30.6,333.242,326.785,,,,,,,,,,
2572,,2026-02-02,,,,,,,,,,,,,,,,,1275.0,139.44589887183167,140.64094344413152,138.53726533255357,139.3866424560547,1198700.0,0.0,0.0,0.0,VDE
2573,,2026-02-02,,,,,,,,,,,,,,,,,2695.0,19.950000762939453,19.959999084472656,16.079999923706055,16.34000015258789,0.0,0.0,0.0,,^VIX
2574,,2026-02-03,,,,,,,,,,,,,,,,,1276.0,139.71257783799985,143.94957764336303,139.38665245754115,143.6927947998047,1333300.0,0.0,0.0,0.0,VDE
2575,,2026-02-03,,,,,,,,,,,,,,,,,2696.0,16.15999984741211,20.3700008392334,16.049999237060547,18.0,0.0,0.0,0.0,,^VIX
2576,,2026-02-04,,,,,,,,,,,,,,,,,1277.0,144.2162434873772,146.89275886950944,144.10760169623862,146.56683349609375,1118600.0,0.0,0.0,0.0,VDE
2577,,2026-02-04,,,,,,,,,,,,,,,,,2697.0,17.6299991607666,21.239999771118164,17.469999313354492,18.63999938964844,0.0,0.0,0.0,,^VIX
2578,,2026-02-05,,,,,,,,,,,,,,,,,1278.0,145.08535687091282,145.53968118008513,142.57673980025464,144.76931762695312,823600.0,0.0,0.0,0.0,VDE
2579,,2026-02-05,,,,,,,,,,,,,,,,,2698.0,19.239999771118164,23.100000381469727,19.059999465942383,21.770000457763672,0.0,0.0,0.0,,^VIX
2580,,2026-02-06,,,,,,,,,,,,,,,,,1279.0,145.4902903317112,148.34458981733286,145.34214929641715,148.03842163085938,638700.0,0.0,0.0,0.0,VDE
2581,,2026-02-06,,,,,,,,,,,,,,,,,2699.0,21.239999771118164,21.489999771118164,19.989999771118164,20.3700008392334,0.0,0.0,0.0,,^VIX
2582,,2026-02-09,,,,,,,,,,,,,,,,,1280.0,148.05818020967052,149.56927906532994,147.4162005532206,149.39149475097656,571800.0,0.0,0.0,0.0,VDE
2583,,2026-02-09,,,,,,,,,,,,,,,,,2700.0,17.950000762939453,19.200000762939453,16.899999618530273,17.360000610351562,0.0,0.0,0.0,,^VIX
2584,,2026-02-10,,,,,,,,,,,,,,,,,1281.0,149.8359603436475,149.8359603436475,148.14707703452197,148.9569549560547,580000.0,0.0,0.0,0.0,VDE
2585,,2026-02-10,,,,,,,,,,,,,,,,,2701.0,17.469999313354492,17.969999313354492,17.139999389648438,17.790000915527344,0.0,0.0,0.0,,^VIX
2586,,2026-02-11,,,,,,,,,,,,,,,,,1282.0,151.08037484718824,152.9766554300174,150.97173306571003,152.7791290283203,607000.0,0.0,0.0,0.0,VDE
2587,,2026-02-11,,,,,,,,,,,,,,,,,2702.0,17.8700008392334,18.959999084472656,16.75,17.649999618530273,0.0,0.0,0.0,,^VIX
2588,,2026-02-12,,,,,,,,,,,,,,,,,1283.0,152.48283742029153,153.25320096405565,148.94705894158744,149.71742248535156,1391800.0,0.0,0.0,0.0,VDE
2589,,2026-02-12,,,,,,,,,,,,,,,,,2703.0,17.440000534057617,21.209999084472656,17.079999923706055,20.81999969482422,0.0,0.0,0.0,,^VIX
2590,,2026-02-13,,,,,,,,,,,,,,,,,1284.0,149.66803712044205,151.60383209605286,149.3026125105238,151.0606231689453,575000.0,0.0,0.0,0.0,VDE
2591,,2026-02-13,,,,,,,,,,,,,,,,,2704.0,21.479999542236328,22.399999618530273,18.920000076293945,20.600000381469727,0.0,0.0,0.0,,^VIX
2592,,2026-02-17,,,,,,,,,,,,,,,,,1285.0,151.56434369893665,152.38407760093574,147.64338316736462,149.2729949951172,755500.0,0.0,0.0,0.0,VDE
2593,,2026-02-17,,,,,,,,,,,,,,,,,2705.0,21.739999771118164,22.959999084472656,19.760000228881836,20.290000915527344,0.0,0.0,0.0,,^VIX
2594,,2026-02-18,,,,,,,,,,,,,,,,,1286.0,151.15939528830654,152.44333956310808,150.77421351289598,152.206298828125,801400.0,0.0,0.0,0.0,VDE
2595,,2026-02-18,,,,,,,,,,,,,,,,,2706.0,19.780000686645508,20.34000015258789,18.479999542236328,19.6200008392334,0.0,0.0,0.0,,^VIX
2596,,2026-02-19,,,,,,,,,,,,,,,,,1287.0,153.58899003956972,155.09021780183323,152.6902426615834,153.490234375,849000.0,0.0,0.0,0.0,VDE
2597,,2026-02-19,,,,,,,,,,,,,,,,,2707.0,19.34000015258789,21.11000061035156,19.229999542236328,20.229999542236328,0.0,0.0,0.0,,^VIX
2598,,2026-02-20,,,,,,,,,,,,,,,,,1288.0,152.95690699876175,153.77665592937524,151.57420703766624,152.83839416503906,612000.0,0.0,0.0,0.0,VDE
2599,,2026-02-20,,,,,,,,,,,,,,,,,2708.0,20.040000915527344,21.209999084472656,18.760000228881836,19.09000015258789,0.0,0.0,0.0,,^VIX
2600,,2026-02-23,,,,,,,,,,,,,,,,,1289.0,153.2235775273442,155.58405360192728,152.53222753965656,153.26307678222656,678900.0,0.0,0.0,0.0,VDE
2601,,2026-02-23,,,,,,,,,,,,,,,,,2709.0,20.489999771118164,22.040000915527344,19.5,21.010000228881836,0.0,0.0,0.0,,^VIX
2602,,2026-02-24,,,,,,,,,,,,,,,,,1290.0,153.06554245006566,153.59888032033797,151.30753182789144,153.3124542236328,708100.0,0.0,0.0,0.0,VDE
2603,,2026-02-24,,,,,,,,,,,,,,,,,2710.0,21.239999771118164,22.079999923706055,19.229999542236328,19.549999237060547,0.0,0.0,0.0,,^VIX
2604,,2026-02-25,,,,,,,,,,,,,,,,,1291.0,153.94454894156763,153.94454894156763,150.7445819765918,152.7001190185547,593600.0,0.0,0.0,0.0,VDE
2605,,2026-02-25,,,,,,,,,,,,,,,,,2711.0,19.59000015258789,19.6200008392334,17.860000610351562,17.93000030517578,0.0,0.0,0.0,,^VIX
2606,,2026-02-26,,,,,,,,,,,,,,,,,1292.0,151.43594153897087,154.86307840535892,150.51742183944364,153.2828369140625,1258500.0,0.0,0.0,0.0,VDE
2607,,2026-02-26,,,,,,,,,,,,,,,,,2712.0,18.06999969482422,20.540000915527344,17.5,18.6299991607666,0.0,0.0,0.0,,^VIX
2608,,2026-02-27,,,,,,,,,,,,,,,,,1293.0,154.81367538138258,156.2753887984739,152.9964084228044,155.64329528808594,805500.0,0.0,0.0,0.0,VDE
2609,,2026-02-27,,,,,,,,,,,,,,,,,2713.0,19.280000686645508,21.739999771118164,18.770000457763672,19.86000061035156,0.0,0.0,0.0,,^VIX
2610,62.0,2026-03-01,198.245,196.593,3.8,442.864,355.488,191.312,265.783,68.269,154.675,455.996,200.495,288.439,276.109,30.3,334.391,330.213,,,,,,,,,,
2611,,2026-03-02,,,,,,,,,,,,,,,,,1294.0,161.28277525408396,161.28277525408396,156.66057896631415,158.9025421142578,4544900.0,0.0,0.0,0.0,VDE
2612,,2026-03-02,,,,,,,,,,,,,,,,,2714.0,24.65999984741211,25.239999771118164,20.3700008392334,21.440000534057617,0.0,0.0,0.0,,^VIX
2613,,2026-03-03,,,,,,,,,,,,,,,,,1295.0,159.66302794744942,160.40376324528395,156.19637710859286,157.41119384765625,4039600.0,0.0,0.0,0.0,VDE
2614,,2026-03-03,,,,,,,,,,,,,,,,,2715.0,24.56999969482422,28.149999618530273,22.18000030517578,23.56999969482422,0.0,0.0,0.0,,^VIX
2615,,2026-03-04,,,,,,,,,,,,,,,,,1296.0,156.11739277361866,157.19392455396613,154.23098309372935,156.88775634765625,1179000.0,0.0,0.0,0.0,VDE
2616,,2026-03-04,,,,,,,,,,,,,,,,,2716.0,24.38999938964844,24.8700008392334,20.399999618530273,21.149999618530273,0.0,0.0,0.0,,^VIX
2617,,2026-03-05,,,,,,,,,,,,,,,,,1297.0,157.61860220736483,159.0408164889486,156.35441508380134,157.58897399902344,1508000.0,0.0,0.0,0.0,VDE
2618,,2026-03-05,,,,,,,,,,,,,,,,,2717.0,22.11000061035156,25.84000015258789,20.549999237060547,23.75,0.0,0.0,0.0,,^VIX
2619,,2026-03-06,,,,,,,,,,,,,,,,,1298.0,159.25809345812618,159.7519170037328,156.73959036147284,157.64822387695312,1791200.0,0.0,0.0,0.0,VDE
2620,,2026-03-06,,,,,,,,,,,,,,,,,2718.0,23.200000762939453,29.93000030517578,22.920000076293945,29.489999771118164,0.0,0.0,0.0,,^VIX
2621,,2026-03-09,,,,,,,,,,,,,,,,,1299.0,158.5865136521135,159.2976057513239,156.05812423257692,157.1149139404297,1968600.0,0.0,0.0,0.0,VDE
2622,,2026-03-09,,,,,,,,,,,,,,,,,2719.0,35.119998931884766,35.29999923706055,24.760000228881836,25.5,0.0,0.0,0.0,,^VIX
2623,,2026-03-10,,,,,,,,,,,,,,,,,1300.0,156.18651631701564,157.54947417700578,154.62603204536154,155.208740234375,1834100.0,0.0,0.0,0.0,VDE
2624,,2026-03-10,,,,,,,,,,,,,,,,,2720.0,24.38999938964844,26.010000228881836,22.190000534057617,24.93000030517578,0.0,0.0,0.0,,^VIX
2625,,2026-03-11,,,,,,,,,,,,,,,,,1301.0,155.0013419604996,159.03094403248173,154.96182763619535,158.92230224609375,885700.0,0.0,0.0,0.0,VDE
2626,,2026-03-11,,,,,,,,,,,,,,,,,2721.0,24.899999618530273,26.229999542236328,23.75,24.229999542236328,0.0,0.0,0.0,,^VIX
2627,,2026-03-12,,,,,,,,,,,,,,,,,1302.0,159.35686702548637,161.95436867370464,159.00131346352316,160.14697265625,1225600.0,0.0,0.0,0.0,VDE
2628,,2026-03-12,,,,,,,,,,,,,,,,,2722.0,25.479999542236328,27.329999923706055,24.600000381469727,27.290000915527344,0.0,0.0,0.0,,^VIX
2629,,2026-03-13,,,,,,,,,,,,,,,,,1303.0,159.89019023047842,161.2630191122441,159.1000695274531,160.76919555664062,850600.0,0.0,0.0,0.0,VDE
2630,,2026-03-13,,,,,,,,,,,,,,,,,2723.0,27.850000381469727,28.469999313354492,24.670000076293945,27.190000534057617,0.0,0.0,0.0,,^VIX
2631,,2026-03-16,,,,,,,,,,,,,,,,,1304.0,160.78896814183608,161.87537102619487,159.50502376004806,161.18402099609375,824600.0,0.0,0.0,0.0,VDE
2632,,2026-03-16,,,,,,,,,,,,,,,,,2724.0,25.8799991607666,26.420000076293945,23.229999542236328,23.510000228881836,0.0,0.0,0.0,,^VIX
2633,,2026-03-17,,,,,,,,,,,,,,,,,1305.0,161.74696357732296,164.49262120429503,161.74696357732296,163.0901641845703,881000.0,0.0,0.0,0.0,VDE
2634,,2026-03-17,,,,,,,,,,,,,,,,,2725.0,24.559999465942383,24.579999923706055,21.8700008392334,22.3700008392334,0.0,0.0,0.0,,^VIX
2635,,2026-03-18,,,,,,,,,,,,,,,,,1306.0,163.65312969215748,164.38399400824744,162.93215149255624,163.18893432617188,963700.0,0.0,0.0,0.0,VDE
2636,,2026-03-18,,,,,,,,,,,,,,,,,2726.0,21.510000228881836,25.1299991607666,21.469999313354492,25.09000015258789,0.0,0.0,0.0,,^VIX
2637,,2026-03-19,,,,,,,,,,,,,,,,,1307.0,164.28522965973957,166.9815173340009,163.5543803855018,165.8160858154297,1480300.0,0.0,0.0,0.0,VDE
2638,,2026-03-19,,,,,,,,,,,,,,,,,2727.0,25.600000381469727,27.520000457763672,23.540000915527344,24.059999465942383,0.0,0.0,0.0,,^VIX
2639,,2026-03-20,,,,,,,,,,,,,,,,,1308.0,166.4778054382469,168.35434411328183,165.47040109987233,165.69757080078125,1418400.0,0.0,0.0,0.0,VDE
2640,,2026-03-20,,,,,,,,,,,,,,,,,2728.0,24.459999084472656,29.280000686645508,23.68000030517578,26.780000686645508,0.0,0.0,0.0,,^VIX
2641,,2026-03-23,,,,,,,,,,,,,,,,,1309.0,162.85313990791934,168.11730108879874,162.13216169948248,167.33705139160156,1660900.0,0.0,0.0,0.0,VDE
2642,,2026-03-23,,,,,,,,,,,,,,,,,2729.0,30.040000915527344,31.040000915527344,20.280000686645508,26.149999618530273,0.0,0.0,0.0,,^VIX
2643,,2026-03-24,,,,,,,,,,,,,,,,,1310.0,167.99164950325397,172.68015951754208,167.96185087173396,170.9716339111328,874500.0,0.969,0.0,0.0,VDE
2644,,2026-03-24,,,,,,,,,,,,,,,,,2730.0,25.90999984741211,27.940000534057617,25.63999938964844,26.950000762939453,0.0,0.0,0.0,,^VIX
2645,,2026-03-25,,,,,,,,,,,,,,,,,1311.0,169.35252959964973,171.20012065056656,169.35252959964973,170.2961883544922,558400.0,0.0,0.0,0.0,VDE
2646,,2026-03-25,,,,,,,,,,,,,,,,,2731.0,25.790000915527344,26.670000076293945,24.81999969482422,25.329999923706055,0.0,0.0,0.0,,^VIX
2647,,2026-03-26,,,,,,,,,,,,,,,,,1312.0,170.72330551225616,173.882096933498,170.51471508717458,172.97816467285156,816500.0,0.0,0.0,0.0,VDE
2648,,2026-03-26,,,,,,,,,,,,,,,,,2732.0,26.489999771118164,28.489999771118164,26.1200008392334,27.440000534057617,0.0,0.0,0.0,,^VIX
2649,,2026-03-27,,,,,,,,,,,,,,,,,1313.0,172.94836093446193,176.2660732435787,172.1934370138617,175.7694091796875,1077600.0,0.0,0.0,0.0,VDE
2650,,2026-03-27,,,,,,,,,,,,,,,,,2733.0,27.540000915527344,31.649999618530273,27.540000915527344,31.049999237060547,0.0,0.0,0.0,,^VIX
2651,,2026-03-30,,,,,,,,,,,,,,,,,1314.0,177.31900436317017,178.14346855470643,173.37549035589876,173.83242797851562,1403000.0,0.0,0.0,0.0,VDE
2652,,2026-03-30,,,,,,,,,,,,,,,,,2734.0,30.790000915527344,31.520000457763672,29.329999923706055,30.61000061035156,0.0,0.0,0.0,,^VIX
2653,,2026-03-31,,,,,,,,,,,,,,,,,1315.0,174.1602280199895,176.27602184991125,168.6174550712681,171.885498046875,2367800.0,0.0,0.0,0.0,VDE
2654,,2026-03-31,,,,,,,,,,,,,,,,,2735.0,29.530000686645508,29.63999938964844,25.079999923706055,25.25,0.0,0.0,0.0,,^VIX
2655,63.0,2026-04-01,209.449,198.727,4.7,445.029,359.575,200.982,273.092,73.163,156.458,454.338,202.147,289.251,282.755,30.0,335.803,333.02,1316.0,167.69366083955578,170.31604647548406,164.117673537388,165.6871337890625,3301500.0,0.0,0.0,0.0,VDE
2656,63.0,2026-04-01,209.449,198.727,4.7,445.029,359.575,200.982,273.092,73.163,156.458,454.338,202.147,289.251,282.755,30.0,335.803,333.02,2736.0,24.299999237060547,25.350000381469727,23.5,24.540000915527344,0.0,0.0,0.0,,^VIX
2657,,2026-04-02,,,,,,,,,,,,,,,,,1317.0,169.5909049532647,171.4186402055012,166.13412735450763,166.938720703125,1270100.0,0.0,0.0,0.0,VDE
2658,,2026-04-02,,,,,,,,,,,,,,,,,2737.0,26.780000686645508,27.88999938964844,23.8700008392334,23.8700008392334,0.0,0.0,0.0,,^VIX
2659,,2026-04-06,,,,,,,,,,,,,,,,,1318.0,166.5215377084098,168.05125645692524,165.94540553749258,168.00160217285156,1368200.0,0.0,0.0,0.0,VDE
2660,,2026-04-06,,,,,,,,,,,,,,,,,2738.0,24.93000030517578,25.299999237060547,23.780000686645508,24.170000076293945,0.0,0.0,0.0,,^VIX
2661,,2026-04-07,,,,,,,,,,,,,,,,,1319.0,168.3889921041185,170.96170837298902,168.31945185831862,169.4021759033203,1208400.0,0.0,0.0,0.0,VDE
2662,,2026-04-07,,,,,,,,,,,,,,,,,2739.0,25.09000015258789,28.0,24.34000015258789,25.780000686645508,0.0,0.0,0.0,,^VIX
2663,,2026-04-08,,,,,,,,,,,,,,,,,1320.0,159.93576675785803,163.96869194976145,158.43584664426095,163.6806182861328,1730700.0,0.0,0.0,0.0,VDE
2664,,2026-04-08,,,,,,,,,,,,,,,,,2740.0,20.969999313354492,22.170000076293945,19.90999984741211,21.040000915527344,0.0,0.0,0.0,,^VIX
2665,,2026-04-09,,,,,,,,,,,,,,,,,1321.0,163.710411499435,166.33279723355255,161.03835632595843,161.644287109375,2444000.0,0.0,0.0,0.0,VDE
2666,,2026-04-09,,,,,,,,,,,,,,,,,2741.0,21.25,21.6299991607666,19.450000762939453,19.489999771118164,0.0,0.0,0.0,,^VIX
2667,,2026-04-10,,,,,,,,,,,,,,,,,1322.0,161.09795340565387,161.94228840283463,159.16096652875166,160.71055603027344,838300.0,0.0,0.0,0.0,VDE
2668,,2026-04-10,,,,,,,,,,,,,,,,,2742.0,19.709999084472656,20.280000686645508,18.829999923706055,19.229999542236328,0.0,0.0,0.0,,^VIX
2669,,2026-04-13,,,,,,,,,,,,,,,,,1323.0,162.3197636325548,162.91575145407822,159.9159112246774,161.2270965576172,831900.0,0.0,0.0,0.0,VDE
2670,,2026-04-13,,,,,,,,,,,,,,,,,2743.0,21.170000076293945,21.579999923706055,18.959999084472656,19.1200008392334,0.0,0.0,0.0,,^VIX
2671,,2026-04-14,,,,,,,,,,,,,,,,,1324.0,159.51855819864005,159.62782489746562,156.4690487701187,157.63124084472656,1045300.0,0.0,0.0,0.0,VDE
2672,,2026-04-14,,,,,,,,,,,,,,,,,2744.0,18.729999542236328,18.760000228881836,17.889999389648438,18.36000061035156,0.0,0.0,0.0,,^VIX
2673,,2026-04-15,,,,,,,,,,,,,,,,,1325.0,156.88624563991567,158.56497258721254,155.87304671393468,157.39283752441406,829800.0,0.0,0.0,0.0,VDE
2674,,2026-04-15,,,,,,,,,,,,,,,,,2745.0,18.18000030517578,18.5,17.399999618530273,18.170000076293945,0.0,0.0,0.0,,^VIX
2675,,2026-04-16,,,,,,,,,,,,,,,,,1326.0,157.7107154289056,160.4820943125564,157.50210984726164,159.85629272460938,889100.0,0.0,0.0,0.0,VDE
2676,,2026-04-16,,,,,,,,,,,,,,,,,2746.0,18.040000915527344,19.09000015258789,17.760000228881836,17.940000534057617,0.0,0.0,0.0,,^VIX
2677,,2026-04-17,,,,,,,,,,,,,,,,,1327.0,153.8764680032678,155.4757269377933,150.88654055868528,155.0287322998047,1864000.0,0.0,0.0,0.0,VDE
2678,,2026-04-17,,,,,,,,,,,,,,,,,2747.0,18.18000030517578,18.239999771118164,16.8700008392334,17.479999542236328,0.0,0.0,0.0,,^VIX
2679,,2026-04-20,,,,,,,,,,,,,,,,,1328.0,155.61479454934835,157.02531873009252,154.47245806112937,155.40618896484375,736200.0,0.0,0.0,0.0,VDE
2680,,2026-04-20,,,,,,,,,,,,,,,,,2748.0,19.579999923706055,19.989999771118164,18.770000457763672,18.8700008392334,0.0,0.0,0.0,,^VIX
2681,,2026-04-21,,,,,,,,,,,,,,,,,1329.0,155.803520752539,157.89944367947734,155.20751782131148,157.63124084472656,1187900.0,0.0,0.0,0.0,VDE
2682,,2026-04-21,,,,,,,,,,,,,,,,,2749.0,19.18000030517578,20.850000381469727,18.75,19.5,0.0,0.0,0.0,,^VIX
2683,,2026-04-22,,,,,,,,,,,,,,,,,1330.0,158.87291208966917,160.1940403925255,158.78351619083313,159.67750549316406,688700.0,0.0,0.0,0.0,VDE
2684,,2026-04-22,,,,,,,,,,,,,,,,,2750.0,19.030000686645508,19.540000915527344,18.68000030517578,18.920000076293945,0.0,0.0,0.0,,^VIX
2685,,2026-04-23,,,,,,,,,,,,,,,,,1331.0,160.37283282935772,161.41583045755746,159.71723258797672,160.95889282226562,559700.0,0.0,0.0,0.0,VDE
2686,,2026-04-23,,,,,,,,,,,,,,,,,2751.0,19.420000076293945,21.559999465942383,18.700000762939453,19.309999465942383,0.0,0.0,0.0,,^VIX
2687,,2026-04-24,,,,,,,,,,,,,,,,,1332.0,160.55164108738705,160.81982878714,158.8629710294646,160.6410369873047,425900.0,0.0,0.0,0.0,VDE
2688,,2026-04-24,,,,,,,,,,,,,,,,,2752.0,18.88999938964844,19.350000381469727,18.459999084472656,18.709999084472656,0.0,0.0,0.0,,^VIX
2689,,2026-04-27,,,,,,,,,,,,,,,,,1333.0,161.38602288269726,163.05480686976753,160.27350022465043,160.8098907470703,489200.0,0.0,0.0,0.0,VDE
2690,,2026-04-27,,,,,,,,,,,,,,,,,2753.0,19.209999084472656,19.270000457763672,18.020000457763672,18.020000457763672,0.0,0.0,0.0,,^VIX
2691,,2026-04-28,,,,,,,,,,,,,,,,,1334.0,163.24355087804557,164.05808726805648,162.35948939646448,163.33294677734375,635400.0,0.0,0.0,0.0,VDE
2692,,2026-04-28,,,,,,,,,,,,,,,,,2754.0,18.299999237060547,19.43000030517578,17.780000686645508,17.829999923706055,0.0,0.0,0.0,,^VIX
2693,,2026-04-29,,,,,,,,,,,,,,,,,1335.0,165.09113901174325,167.05792454664075,164.3163442508144,167.00827026367188,805100.0,0.0,0.0,0.0,VDE
2694,,2026-04-29,,,,,,,,,,,,,,,,,2755.0,17.829999923706055,19.0,17.809999465942383,18.809999465942383,0.0,0.0,0.0,,^VIX
2695,,2026-04-30,,,,,,,,,,,,,,,,,1336.0,164.74348330395676,168.94525722539208,163.79980941545583,168.44859313964844,610700.0,0.0,0.0,0.0,VDE
2696,,2026-04-30,,,,,,,,,,,,,,,,,2756.0,18.68000030517578,18.729999542236328,16.8700008392334,16.889999389648438,0.0,0.0,0.0,,^VIX
2697,64.0,2026-05-01,212.413,198.988,4.8,446.38,363.999,203.944,281.492,72.848,157.128,456.602,204.061,289.996,290.515,29.8,336.846,335.123,1337.0,166.8890648658973,168.0214584038209,164.49515543123317,166.40234375,717100.0,0.0,0.0,0.0,VDE
2698,64.0,2026-05-01,212.413,198.988,4.8,446.38,363.999,203.944,281.492,72.848,157.128,456.602,204.061,289.996,290.515,29.8,336.846,335.123,2757.0,17.010000228881836,17.389999389648438,16.440000534057617,16.989999771118164,0.0,0.0,0.0,,^VIX
2699,,2026-05-04,,,,,,,,,,,,,,,,,1338.0,166.28312544281454,168.3095233469233,164.7534067682878,168.12078857421875,569400.0,0.0,0.0,0.0,VDE
2700,,2026-05-04,,,,,,,,,,,,,,,,,2758.0,17.3799991607666,19.079999923706055,17.149999618530273,18.290000915527344,0.0,0.0,0.0,,^VIX
2701,,2026-05-05,,,,,,,,,,,,,,,,,1339.0,167.37579631215718,168.90551502184178,166.620872360973,168.10092163085938,427700.0,0.0,0.0,0.0,VDE
2702,,2026-05-05,,,,,,,,,,,,,,,,,2759.0,17.950000762939453,18.020000457763672,17.200000762939453,17.3799991607666,0.0,0.0,0.0,,^VIX
2703,,2026-05-06,,,,,,,,,,,,,,,,,1340.0,162.22041657487983,163.64088370070996,160.3827686048982,161.34628295898438,978900.0,0.0,0.0,0.0,VDE
2704,,2026-05-06,,,,,,,,,,,,,,,,,2760.0,17.149999618530273,17.459999084472656,16.18000030517578,17.389999389648438,0.0,0.0,0.0,,^VIX
2705,,2026-05-07,,,,,,,,,,,,,,,,,1341.0,158.28684244290434,158.75370787321427,155.92271666022717,158.24710083007812,1049700.0,0.0,0.0,0.0,VDE
2706,,2026-05-07,,,,,,,,,,,,,,,,,2761.0,17.530000686645508,17.600000381469727,16.850000381469727,17.079999923706055,0.0,0.0,0.0,,^VIX
2707,,2026-05-08,,,,,,,,,,,,,,,,,1342.0,157.9590478961533,158.81331071813435,156.88625166689894,157.3233184814453,478400.0,0.0,0.0,0.0,VDE
2708,,2026-05-08,,,,,,,,,,,,,,,,,2762.0,17.3700008392334,17.530000686645508,16.81999969482422,17.190000534057617,0.0,0.0,0.0,,^VIX
2709,,2026-05-11,,,,,,,,,,,,,,,,,1343.0,158.64444620821394,161.57476123229543,158.64444620821394,161.3760986328125,485400.0,0.0,0.0,0.0,VDE
2710,,2026-05-11,,,,,,,,,,,,,,,,,2763.0,18.209999084472656,18.469999313354492,17.899999618530273,18.3799991607666,0.0,0.0,0.0,,^VIX
2711,,2026-05-12,,,,,,,,,,,,,,,,,1344.0,162.8164224034793,163.20381977974313,161.33635798801745,162.57801818847656,602500.0,0.0,0.0,0.0,VDE
2712,,2026-05-12,,,,,,,,,,,,,,,,,2764.0,18.770000457763672,19.100000381469727,17.920000076293945,17.989999771118164,0.0,0.0,0.0,,^VIX
2713,,2026-05-13,,,,,,,,,,,,,,,,,1345.0,162.39922283200457,162.6773534982466,160.77016529102232,162.51841735839844,338200.0,0.0,0.0,0.0,VDE
2714,,2026-05-13,,,,,,,,,,,,,,,,,2765.0,17.979999542236328,18.399999618530273,17.760000228881836,17.8700008392334,0.0,0.0,0.0,,^VIX
2715,,2026-05-14,,,,,,,,,,,,,,,,,1346.0,162.3197596813095,164.0084145366647,162.1409527293153,163.7004852294922,326100.0,0.0,0.0,0.0,VDE
2716,,2026-05-14,,,,,,,,,,,,,,,,,2766.0,17.860000610351562,18.079999923706055,17.200000762939453,17.260000228881836,0.0,0.0,0.0,,^VIX
2717,,2026-05-15,,,,,,,,,,,,,,,,,1347.0,165.3196049413562,167.32613214798565,164.76334357484163,167.25660705566406,500000.0,0.0,0.0,0.0,VDE
2718,,2026-05-15,,,,,,,,,,,,,,,,,2767.0,18.06999969482422,19.270000457763672,17.799999237060547,18.43000030517578,0.0,0.0,0.0,,^VIX
2719,,2026-05-18,,,,,,,,,,,,,,,,,1348.0,166.6605920776312,170.77296992063893,165.46860135561153,170.35577392578125,613800.0,0.0,0.0,0.0,VDE
2720,,2026-05-18,,,,,,,,,,,,,,,,,2768.0,19.25,19.440000534057617,17.700000762939453,17.81999969482422,0.0,0.0,0.0,,^VIX
2721,,2026-05-19,,,,,,,,,,,,,,,,,1349.0,170.63390736787446,172.6503622876843,169.5313125217285,172.09410095214844,493700.0,0.0,0.0,0.0,VDE
2722,,2026-05-19,,,,,,,,,,,,,,,,,2769.0,18.010000228881836,18.36000061035156,17.65999984741211,18.059999465942383,0.0,0.0,0.0,,^VIX
2723,,2026-05-20,,,,,,,,,,,,,,,,,1350.0,171.36897615585934,173.4251575384149,167.81285957093834,168.04132080078125,1192100.0,0.0,0.0,0.0,VDE
2724,,2026-05-20,,,,,,,,,,,,,,,,,2770.0,18.170000076293945,18.18000030517578,17.1299991607666,17.440000534057617,0.0,0.0,0.0,,^VIX
2725,,2026-05-21,,,,,,,,,,,,,,,,,1351.0,169.7796388881233,170.32597238048916,165.07125818616672,166.16392517089844,1088500.0,0.0,0.0,0.0,VDE
2726,,2026-05-21,,,,,,,,,,,,,,,,,2771.0,17.579999923706055,17.8700008392334,16.600000381469727,16.760000228881836,0.0,0.0,0.0,,^VIX
2727,,2026-05-22,,,,,,,,,,,,,,,,,1352.0,165.8957309307924,167.32612590963564,165.38913902452913,166.8990020751953,570400.0,0.0,0.0,0.0,VDE
2728,,2026-05-22,,,,,,,,,,,,,,,,,2772.0,16.829999923706055,17.389999389648438,16.459999084472656,16.700000762939453,0.0,0.0,0.0,,^VIX
2729,,2026-05-25,,,,,,,,,,,,,,,,,2773.0,16.809999465942383,16.8700008392334,16.530000686645508,16.59000015258789,0.0,0.0,0.0,,^VIX
2730,,2026-05-26,,,,,,,,,,,,,,,,,1353.0,165.40900739171002,167.31619561637228,162.57801610809523,162.627685546875,712000.0,0.0,0.0,0.0,VDE
2731,,2026-05-26,,,,,,,,,,,,,,,,,2774.0,16.920000076293945,17.229999542236328,16.559999465942383,17.010000228881836,0.0,0.0,0.0,,^VIX
2732,,2026-05-27,,,,,,,,,,,,,,,,,1354.0,160.11456238493082,161.24695583755204,158.54510213358134,159.7668914794922,804100.0,0.0,0.0,0.0,VDE
2733,,2026-05-27,,,,,,,,,,,,,,,,,2775.0,17.010000228881836,17.18000030517578,16.290000915527344,16.290000915527344,0.0,0.0,0.0,,^VIX
2734,,2026-05-28,,,,,,,,,,,,,,,,,1355.0,161.2866904997647,161.5548933502642,158.92257975624045,159.647705078125,831200.0,0.0,0.0,0.0,VDE
2735,,2026-05-28,,,,,,,,,,,,,,,,,2776.0,16.760000228881836,16.850000381469727,15.609999656677246,15.739999771118164,0.0,0.0,0.0,,^VIX
2736,,2026-05-29,,,,,,,,,,,,,,,,,1356.0,158.94243027195316,159.29010118384994,157.07498367494966,158.03851318359375,671800.0,0.0,0.0,0.0,VDE
2737,,2026-05-29,,,,,,,,,,,,,,,,,2777.0,15.8100004196167,15.880000114440918,15.220000267028809,15.31999969482422,0.0,0.0,0.0,,^VIX
2738,65.0,2026-06-01,209.319,199.612,4.6,446.945,368.823,198.057,275.961,73.546,157.083,456.602,207.689,290.1,286.279,29.9,336.882,333.952,1357.0,159.8165590681445,162.15088619026372,159.6576229328121,160.7502899169922,987300.0,0.0,0.0,0.0,VDE
2739,65.0,2026-06-01,209.319,199.612,4.6,446.945,368.823,198.057,275.961,73.546,157.083,456.602,207.689,290.1,286.279,29.9,336.882,333.952,2778.0,15.880000114440918,16.34000015258789,15.710000038146973,16.049999237060547,0.0,0.0,0.0,,^VIX
2740,,2026-06-02,,,,,,,,,,,,,,,,,1358.0,160.29335833708845,163.34288302574643,160.29335833708845,162.627685546875,591500.0,0.0,0.0,0.0,VDE
2741,,2026-06-02,,,,,,,,,,,,,,,,,2779.0,16.280000686645508,16.290000915527344,15.710000038146973,15.770000457763672,0.0,0.0,0.0,,^VIX
2742,,2026-06-03,,,,,,,,,,,,,,,,,1359.0,163.54154423890986,166.3526646918095,162.84621757283574,164.46534729003906,600400.0,0.0,0.0,0.0,VDE
2743,,2026-06-03,,,,,,,,,,,,,,,,,2780.0,15.970000267028809,16.6299991607666,15.9399995803833,16.059999465942383,0.0,0.0,0.0,,^VIX
2744,,2026-06-04,,,,,,,,,,,,,,,,,1360.0,163.7501467645416,165.4090029073166,162.88594099276034,164.75340270996094,385000.0,0.0,0.0,0.0,VDE
2745,,2026-06-04,,,,,,,,,,,,,,,,,2781.0,16.329999923706055,16.799999237060547,15.18000030517578,15.399999618530272,0.0,0.0,0.0,,^VIX
2746,,2026-06-05,,,,,,,,,,,,,,,,,1361.0,164.64414584003927,164.64414584003927,161.21716665033142,161.27676391601562,831900.0,0.0,0.0,0.0,VDE
2747,,2026-06-05,,,,,,,,,,,,,,,,,2782.0,15.869999885559082,21.56999969482422,15.5600004196167,21.510000228881836,0.0,0.0,0.0,,^VIX
2748,,2026-06-08,,,,,,,,,,,,,,,,,1362.0,162.48862691121874,164.9620195573656,162.47869908584738,163.33294677734375,515100.0,0.0,0.0,0.0,VDE
2749,,2026-06-08,,,,,,,,,,,,,,,,,2783.0,20.290000915527344,20.350000381469727,17.940000534057617,18.920000076293945,0.0,0.0,0.0,,^VIX
2750,,2026-06-09,,,,,,,,,,,,,,,,,1363.0,163.24355262169496,163.24355262169496,158.83317299205245,160.4821014404297,990900.0,0.0,0.0,0.0,VDE
2751,,2026-06-09,,,,,,,,,,,,,,,,,2784.0,18.190000534057617,23.34000015258789,17.520000457763672,19.8700008392334,0.0,0.0,0.0,,^VIX
2752,,2026-06-10,,,,,,,,,,,,,,,,,1364.0,162.001890166993,165.02161633941142,161.58469414784017,162.98529052734375,899500.0,0.0,0.0,0.0,VDE
2753,,2026-06-10,,,,,,,,,,,,,,,,,2785.0,20.100000381469727,22.65999984741211,20.059999465942383,22.219999313354492,0.0,0.0,0.0,,^VIX
2754,,2026-06-11,,,,,,,,,,,,,,,,,1365.0,164.8229388074196,165.0514152034782,159.85629787200187,160.02517700195312,883400.0,0.0,0.0,0.0,VDE
2755,,2026-06-11,,,,,,,,,,,,,,,,,2786.0,21.25,22.59000015258789,19.36000061035156,19.440000534057617,0.0,0.0,0.0,,^VIX
2756,,2026-06-12,,,,,,,,,,,,,,,,,1366.0,158.96229620525258,162.846212752406,158.73383498394475,161.2568817138672,826500.0,0.0,0.0,0.0,VDE
2757,,2026-06-12,,,,,,,,,,,,,,,,,2787.0,19.510000228881836,19.850000381469727,17.59000015258789,17.68000030517578,0.0,0.0,0.0,,^VIX
2758,,2026-06-15,,,,,,,,,,,,,,,,,1367.0,154.77045264131948,157.10477979650858,154.47245117259553,155.714111328125,1251500.0,0.0,0.0,0.0,VDE
2759,,2026-06-15,,,,,,,,,,,,,,,,,2788.0,16.780000686645508,16.850000381469727,15.979999542236328,16.200000762939453,0.0,0.0,0.0,,^VIX
2760,,2026-06-16,,,,,,,,,,,,,,,,,1368.0,154.4327221330683,155.50551830833626,154.13472066932988,154.90951538085938,564800.0,0.0,0.0,0.0,VDE
2761,,2026-06-16,,,,,,,,,,,,,,,,,2789.0,16.200000762939453,16.440000534057617,15.770000457763672,16.40999984741211,0.0,0.0,0.0,,^VIX
2762,,2026-06-17,,,,,,,,,,,,,,,,,1369.0,154.4625329866973,155.09826241972007,152.89307263333188,153.25067138671875,951400.0,0.0,0.0,0.0,VDE
2763,,2026-06-17,,,,,,,,,,,,,,,,,2790.0,16.079999923706055,18.84000015258789,16.020000457763672,18.440000534057617,0.0,0.0,0.0,,^VIX
2764,,2026-06-18,,,,,,,,,,,,,,,,,1370.0,151.97920304138546,151.97920304138546,149.2972201367579,150.8070831298828,959800.0,0.0,0.0,0.0,VDE
2765,,2026-06-18,,,,,,,,,,,,,,,,,2791.0,17.229999542236328,17.600000381469727,16.350000381469727,16.399999618530273,0.0,0.0,0.0,,^VIX
2766,,2026-06-22,,,,,,,,,,,,,,,,,1371.0,151.31367328594462,152.85333489263203,150.1514812124666,152.7241973876953,1220600.0,0.0,0.0,0.0,VDE
2767,,2026-06-22,,,,,,,,,,,,,,,,,2792.0,17.479999542236328,17.920000076293945,16.489999771118164,17.280000686645508,0.0,0.0,0.0,,^VIX
2768,,2026-06-23,,,,,,,,,,,,,,,,,1372.0,152.54541527041417,153.9956659195266,152.0288803749155,153.6479949951172,386100.0,0.0,0.0,0.0,VDE
2769,,2026-06-23,,,,,,,,,,,,,,,,,2793.0,19.670000076293945,20.540000915527344,18.61000061035156,19.489999771118164,0.0,0.0,0.0,,^VIX
2770,,2026-06-24,,,,,,,,,,,,,,,,,1373.0,151.05999755859375,151.5399932861328,149.55999755859375,150.8800048828125,488300.0,1.032,0.0,0.0,VDE
2771,,2026-06-24,,,,,,,,,,,,,,,,,2794.0,19.1299991607666,20.34000015258789,18.040000915527344,18.6299991607666,0.0,0.0,0.0,,^VIX
2772,,2026-06-25,,,,,,,,,,,,,,,,,1374.0,150.16000366210938,153.02999877929688,149.50999450683594,152.5399932861328,624400.0,0.0,0.0,0.0,VDE
2773,,2026-06-25,,,,,,,,,,,,,,,,,2795.0,18.11000061035156,19.950000762939453,17.719999313354492,18.88999938964844,0.0,0.0,0.0,,^VIX
2774,,2026-06-26,,,,,,,,,,,,,,,,,1375.0,152.0,152.72000122070312,151.33999633789062,152.07000732421875,599800.0,0.0,0.0,0.0,VDE
2775,,2026-06-26,,,,,,,,,,,,,,,,,2796.0,19.700000762939453,20.719999313354492,18.200000762939453,18.40999984741211,0.0,0.0,0.0,,^VIX
2776,,2026-06-29,,,,,,,,,,,,,,,,,1376.0,152.1699981689453,153.17999267578125,150.97999572753906,151.27999877929688,975600.0,0.0,0.0,0.0,VDE
2777,,2026-06-29,,,,,,,,,,,,,,,,,2797.0,18.600000381469727,19.450000762939453,17.489999771118164,17.649999618530273,0.0,0.0,0.0,,^VIX
2778,,2026-06-30,,,,,,,,,,,,,,,,,1377.0,151.4199981689453,152.72000122070312,150.07000732421875,150.1300048828125,1780200.0,0.0,0.0,0.0,VDE
2779,,2026-06-30,,,,,,,,,,,,,,,,,2798.0,17.540000915527344,17.75,16.270000457763672,16.450000762939453,0.0,0.0,0.0,,^VIX
2780,66.0,2026-07-01,205.357,200.242,4.2,447.963,374.039,195.575,274.283,73.141,156.927,474.83,213.155,290.519,284.057,29.9,337.133,333.918,1378.0,150.16000366210938,151.10000610351562,148.8699951171875,149.3300018310547,2735900.0,0.0,0.0,0.0,VDE
2781,66.0,2026-07-01,205.357,200.242,4.2,447.963,374.039,195.575,274.283,73.141,156.927,474.83,213.155,290.519,284.057,29.9,337.133,333.918,2799.0,17.110000610351562,17.299999237060547,15.970000267028809,16.59000015258789,0.0,0.0,0.0,,^VIX
2782,,2026-07-02,,,,,,,,,,,,,,,,,1379.0,150.35000610351562,151.7899932861328,149.5399932861328,150.44000244140625,476400.0,0.0,0.0,0.0,VDE
2783,,2026-07-02,,,,,,,,,,,,,,,,,2800.0,17.049999237060547,17.209999084472656,15.789999961853027,16.149999618530273,0.0,0.0,0.0,,^VIX
2784,,2026-07-06,,,,,,,,,,,,,,,,,1380.0,149.9600067138672,151.39999389648438,149.8800048828125,150.14999389648438,413900.0,0.0,0.0,0.0,VDE
2785,,2026-07-06,,,,,,,,,,,,,,,,,2801.0,16.399999618530273,16.5,15.5600004196167,15.56999969482422,0.0,0.0,0.0,,^VIX
2786,,2026-07-07,,,,,,,,,,,,,,,,,1381.0,151.4199981689453,154.8000030517578,151.4199981689453,154.3300018310547,494200.0,0.0,0.0,0.0,VDE
2787,,2026-07-07,,,,,,,,,,,,,,,,,2802.0,15.869999885559082,16.639999389648438,15.529999732971191,16.1299991607666,0.0,0.0,0.0,,^VIX
2788,,2026-07-08,,,,,,,,,,,,,,,,,1382.0,156.8000030517578,158.1199951171875,155.0,156.94000244140625,820300.0,0.0,0.0,0.0,VDE
2789,,2026-07-08,,,,,,,,,,,,,,,,,2803.0,16.549999237060547,18.90999984741211,16.350000381469727,16.899999618530273,0.0,0.0,0.0,,^VIX
2790,,2026-07-09,,,,,,,,,,,,,,,,,1383.0,156.2100067138672,156.49000549316406,154.61000061035156,154.80999755859375,353700.0,0.0,0.0,0.0,VDE
2791,,2026-07-09,,,,,,,,,,,,,,,,,2804.0,16.579999923706055,17.270000457763672,15.760000228881836,15.84000015258789,0.0,0.0,0.0,,^VIX
2792,,2026-07-10,,,,,,,,,,,,,,,,,1384.0,155.6300048828125,155.88999938964844,153.5500030517578,155.5,372500.0,0.0,0.0,0.0,VDE
2793,,2026-07-10,,,,,,,,,,,,,,,,,2805.0,16.059999465942383,16.15999984741211,14.960000038146973,15.029999732971191,0.0,0.0,0.0,,^VIX
2794,,2026-07-13,,,,,,,,,,,,,,,,,1385.0,157.5399932861328,160.82000732421875,157.5399932861328,160.14999389648438,523700.0,0.0,0.0,0.0,VDE
2795,,2026-07-13,,,,,,,,,,,,,,,,,2806.0,16.31999969482422,17.40999984741211,16.030000686645508,17.15999984741211,0.0,0.0,0.0,,^VIX
2796,,2026-07-14,,,,,,,,,,,,,,,,,1386.0,161.00999450683594,161.49000549316406,159.11000061035156,160.91000366210938,393100.0,0.0,0.0,0.0,VDE
2797,,2026-07-14,,,,,,,,,,,,,,,,,2807.0,17.209999084472656,17.559999465942383,16.149999618530273,16.5,0.0,0.0,0.0,,^VIX
2798,,2026-07-15,,,,,,,,,,,,,,,,,1387.0,160.91000366210938,161.25,157.5,159.4199981689453,593100.0,0.0,0.0,0.0,VDE
2799,,2026-07-15,,,,,,,,,,,,,,,,,2808.0,16.200000762939453,16.56999969482422,15.640000343322754,15.670000076293944,0.0,0.0,0.0,,^VIX
2800,,2026-07-16,,,,,,,,,,,,,,,,,1388.0,159.94000244140625,161.5500030517578,159.77000427246094,160.75999450683594,300800.0,0.0,0.0,0.0,VDE
2801,,2026-07-16,,,,,,,,,,,,,,,,,2809.0,15.81999969482422,17.229999542236328,15.770000457763672,16.729999542236328,0.0,0.0,0.0,,^VIX
2802,,2026-07-17,,,,,,,,,,,,,,,,,1389.0,163.1300048828125,163.72000122070312,161.50999450683594,162.77999877929688,436900.0,0.0,0.0,0.0,VDE
2803,,2026-07-17,,,,,,,,,,,,,,,,,2810.0,18.010000228881836,19.5,17.68000030517578,18.770000457763672,0.0,0.0,0.0,,^VIX
2804,,2026-07-20,,,,,,,,,,,,,,,,,1390.0,162.17999267578125,164.72000122070312,161.97999572753906,163.47999572753906,415500.0,0.0,0.0,0.0,VDE
2805,,2026-07-20,,,,,,,,,,,,,,,,,2811.0,18.899999618530273,18.940000534057617,17.40999984741211,18.649999618530273,0.0,0.0,0.0,,^VIX
2806,,2026-07-21,,,,,,,,,,,,,,,,,1391.0,164.16000366210938,165.52000427246094,163.30999755859375,165.52000427246094,317500.0,0.0,0.0,0.0,VDE
2807,,2026-07-21,,,,,,,,,,,,,,,,,2812.0,17.479999542236328,17.989999771118164,16.860000610351562,17.049999237060547,0.0,0.0,0.0,,^VIX
2808,,2026-07-22,,,,,,,,,,,,,,,,,1392.0,167.66000366210938,168.30999755859375,166.6999969482422,167.49000549316406,339500.0,0.0,0.0,0.0,VDE
2809,,2026-07-22,,,,,,,,,,,,,,,,,2813.0,17.420000076293945,19.489999771118164,16.639999389648438,16.639999389648438,0.0,0.0,0.0,,^VIX
2810,,2026-07-23,,,,,,,,,,,,,,,,,1393.0,170.10000610351562,170.85000610351562,167.77000427246094,168.1699981689453,553700.0,0.0,0.0,0.0,VDE
2811,,2026-07-23,,,,,,,,,,,,,,,,,2814.0,17.670000076293945,20.309999465942383,17.31999969482422,18.700000762939453,0.0,0.0,0.0,,^VIX
2812,,2026-07-24,,,,,,,,,,,,,,,,,1394.0,167.97000122070312,170.7100067138672,167.83999633789062,168.22999572753906,497400.0,0.0,0.0,0.0,VDE
2813,,2026-07-24,,,,,,,,,,,,,,,,,2815.0,18.959999084472656,19.049999237060547,17.40999984741211,18.579999923706055,0.0,0.0,0.0,,^VIX
2814,,2026-07-27,,,,,,,,,,,,,,,,,1395.0,164.52000427246094,167.05999755859375,164.22999572753906,164.52000427246094,549300.0,0.0,0.0,0.0,VDE
2815,,2026-07-27,,,,,,,,,,,,,,,,,2816.0,17.6200008392334,19.93000030517578,17.530000686645508,18.670000076293945,0.0,0.0,0.0,,^VIX
2816,,2026-07-28,,,,,,,,,,,,,,,,,1396.0,164.5800018310547,165.42999267578125,161.32000732421875,162.02000427246094,484700.0,0.0,0.0,0.0,VDE
2817,,2026-07-28,,,,,,,,,,,,,,,,,2817.0,19.049999237060547,19.520000457763672,17.8799991607666,18.209999084472656,0.0,0.0,0.0,,^VIX
2818,,2026-07-29,,,,,,,,,,,,,,,,,1397.0,166.1999969482422,166.89999389648438,164.47999572753906,165.13999938964844,529200.0,0.0,0.0,0.0,VDE
2819,,2026-07-29,,,,,,,,,,,,,,,,,2818.0,18.270000457763672,20.8799991607666,17.450000762939453,20.65999984741211,0.0,0.0,0.0,,^VIX
2820,,2026-07-30,,,,,,,,,,,,,,,,,1398.0,163.72000122070312,166.66000366210938,163.58999633789062,166.27999877929688,373800.0,0.0,0.0,0.0,VDE
2821,,2026-07-30,,,,,,,,,,,,,,,,,2819.0,19.559999465942383,20.079999923706055,17.0,17.09000015258789,0.0,0.0,0.0,,^VIX
2822,,2026-07-31,,,,,,,,,,,,,,,,,1399.0,165.72000122070312,168.36000061035156,164.50999450683594,167.97000122070312,382900.0,0.0,0.0,0.0,VDE
2823,,2026-07-31,,,,,,,,,,,,,,,,,2820.0,16.81999969482422,18.700000762939453,15.81999969482422,15.989999771118164,0.0,0.0,0.0,,^VIX
2824,,2026-08-03,,,,,,,,,,,,,,,,,1400.0,165.17999267578125,167.2899932861328,164.1999969482422,165.8699951171875,468000.0,0.0,0.0,0.0,VDE
2825,,2026-08-03,,,,,,,,,,,,,,,,,2821.0,16.030000686645508,16.299999237060547,15.539999961853027,15.859999656677246,0.0,0.0,0.0,,^VIX
2826,,2026-08-04,,,,,,,,,,,,,,,,,1401.0,163.52999877929688,165.8000030517578,161.32000732421875,165.25,521300.0,0.0,0.0,0.0,VDE
2827,,2026-08-04,,,,,,,,,,,,,,,,,2822.0,15.760000228881836,16.649999618530273,15.510000228881836,16.5,0.0,0.0,0.0,,^VIX
2828,,2026-08-05,,,,,,,,,,,,,,,,,1402.0,165.97999572753906,166.2100067138672,161.5399932861328,161.57000732421875,523500.0,0.0,0.0,0.0,VDE
2829,,2026-08-05,,,,,,,,,,,,,,,,,2823.0,16.149999618530273,18.43000030517578,15.479999542236328,15.8100004196167,0.0,0.0,0.0,,^VIX
2830,,2026-08-06,,,,,,,,,,,,,,,,,1403.0,164.41000366210938,165.0,162.69000244140625,164.1199951171875,340700.0,0.0,0.0,0.0,VDE
2831,,2026-08-06,,,,,,,,,,,,,,,,,2824.0,15.829999923706056,16.030000686645508,15.109999656677246,15.149999618530272,0.0,0.0,0.0,,^VIX
2832,,2026-08-07,,,,,,,,,,,,,,,,,1404.0,162.42999267578125,164.02999877929688,161.4199981689453,162.3699951171875,297200.0,0.0,0.0,0.0,VDE
2833,,2026-08-07,,,,,,,,,,,,,,,,,2825.0,15.300000190734863,15.359999656677246,14.770000457763672,14.899999618530272,0.0,0.0,0.0,,^VIX
2834,,2026-08-10,,,,,,,,,,,,,,,,,1405.0,164.39999389648438,170.13999938964844,164.0399932861328,170.07000732421875,594700.0,0.0,0.0,0.0,VDE
2835,,2026-08-10,,,,,,,,,,,,,,,,,2826.0,15.399999618530272,15.720000267028809,15.100000381469728,15.460000038146973,0.0,0.0,0.0,,^VIX
2836,,2026-08-11,,,,,,,,,,,,,,,,,1406.0,169.86000061035156,172.50999450683594,169.83999633789062,171.9600067138672,336400.0,0.0,0.0,0.0,VDE
2837,,2026-08-11,,,,,,,,,,,,,,,,,2827.0,15.420000076293944,15.609999656677246,15.229999542236328,15.279999732971191,0.0,0.0,0.0,,^VIX
2838,,2026-08-12,,,,,,,,,,,,,,,,,1407.0,171.0500030517578,172.75,170.3699951171875,172.2899932861328,399700.0,0.0,0.0,0.0,VDE
2839,,2026-08-12,,,,,,,,,,,,,,,,,2828.0,15.279999732971191,15.420000076293944,14.390000343322754,14.550000190734863,0.0,0.0,0.0,,^VIX
2840,,2026-08-13,,,,,,,,,,,,,,,,,1408.0,171.0500030517578,172.47999572753906,170.16000366210938,172.3000030517578,286800.0,0.0,0.0,0.0,VDE
2841,,2026-08-13,,,,,,,,,,,,,,,,,2829.0,14.68000030517578,14.800000190734863,14.390000343322754,14.630000114440918,0.0,0.0,0.0,,^VIX
2842,,2026-08-14,,,,,,,,,,,,,,,,,1409.0,172.97999572753906,175.3300018310547,172.91000366210938,174.67999267578125,438700.0,0.0,0.0,0.0,VDE
2843,,2026-08-14,,,,,,,,,,,,,,,,,2830.0,14.640000343322754,14.720000267028809,14.18000030517578,14.25,0.0,0.0,0.0,,^VIX
2844,,2026-08-17,,,,,,,,,,,,,,,,,1410.0,175.10000610351562,176.82000732421875,174.3699951171875,176.6199951171875,484900.0,0.0,0.0,0.0,VDE
2845,,2026-08-17,,,,,,,,,,,,,,,,,2831.0,14.979999542236328,15.470000267028809,14.890000343322754,15.1899995803833,0.0,0.0,0.0,,^VIX
2846,,2026-08-18,,,,,,,,,,,,,,,,,1411.0,178.41000366210938,179.42999267578125,177.77000427246094,179.2100067138672,590000.0,0.0,0.0,0.0,VDE
2847,,2026-08-18,,,,,,,,,,,,,,,,,2832.0,15.8100004196167,16.09000015258789,15.600000381469728,15.84000015258789,0.0,0.0,0.0,,^VIX
2848,,2026-08-19,,,,,,,,,,,,,,,,,1412.0,179.91000366210938,180.8000030517578,178.61000061035156,179.05999755859375,471800.0,0.0,0.0,0.0,VDE
2849,,2026-08-19,,,,,,,,,,,,,,,,,2833.0,15.920000076293944,15.949999809265137,14.770000457763672,14.890000343322754,0.0,0.0,0.0,,^VIX
2850,,2026-08-20,,,,,,,,,,,,,,,,,1413.0,180.3500061035156,182.1499938964844,179.5,179.72000122070312,605200.0,0.0,0.0,0.0,VDE
2851,,2026-08-20,,,,,,,,,,,,,,,,,2834.0,14.90999984741211,16.139999389648438,14.90999984741211,16.010000228881836,0.0,0.0,0.0,,^VIX
2852,,2026-08-21,,,,,,,,,,,,,,,,,1414.0,179.99000549316406,181.22000122070312,178.67999267578125,179.5800018310547,502100.0,0.0,0.0,0.0,VDE
2853,,2026-08-21,,,,,,,,,,,,,,,,,2835.0,15.81999969482422,15.880000114440918,15.079999923706056,15.130000114440918,0.0,0.0,0.0,,^VIX
2854,,2026-08-24,,,,,,,,,,,,,,,,,1415.0,178.5,179.49000549316406,176.3300018310547,177.8699951171875,345600.0,0.0,0.0,0.0,VDE
2855,,2026-08-24,,,,,,,,,,,,,,,,,2836.0,15.899999618530272,16.059999465942383,15.609999656677246,15.850000381469728,0.0,0.0,0.0,,^VIX
2856,,2026-08-25,,,,,,,,,,,,,,,,,1416.0,175.5399932861328,176.92999267578125,175.08999633789062,175.1300048828125,531400.0,0.0,0.0,0.0,VDE
2857,,2026-08-25,,,,,,,,,,,,,,,,,2837.0,15.710000038146973,16.299999237060547,15.130000114440918,15.449999809265137,0.0,0.0,0.0,,^VIX
2858,,2026-08-26,,,,,,,,,,,,,,,,,1417.0,173.47999572753906,177.44000244140625,173.0,175.94000244140625,385200.0,0.0,0.0,0.0,VDE
2859,,2026-08-26,,,,,,,,,,,,,,,,,2838.0,15.649999618530272,15.739999771118164,15.210000038146973,15.210000038146973,0.0,0.0,0.0,,^VIX
2860,,2026-08-27,,,,,,,,,,,,,,,,,1418.0,175.47999572753906,176.9199981689453,173.57000732421875,175.74000549316406,283400.0,0.0,0.0,0.0,VDE
2861,,2026-08-27,,,,,,,,,,,,,,,,,2839.0,14.920000076293944,15.130000114440918,14.420000076293944,14.510000228881836,0.0,0.0,0.0,,^VIX
2862,,2026-08-28,,,,,,,,,,,,,,,,,1419.0,175.97000122070312,176.83999633789062,175.3000030517578,176.55999755859375,256000.0,0.0,0.0,0.0,VDE
2863,,2026-08-28,,,,,,,,,,,,,,,,,2840.0,14.56999969482422,14.84000015258789,14.130000114440918,14.43000030517578,0.0,0.0,0.0,,^VIX
